place_cat,place_name,place_address,place_lat,place_lon,place_detailsjson,place_src,place_srcassetid
food_venue,+39 Pizzeria & Antipasteria,Ground 362 Little Bourke Street MELBOURNE VIC 3000,-37.81327298,144.961749522,"{""census_year"":2024,""industry_code"":""4511"",""industry_description"":""Cafes and Restaurants"",""seats"":{""Seats - Indoor"":66},""total_seats"":66}",City of Melbourne,com:food:105873:d8b2037003e7b44f
food_venue,10 Hoff Cafe,"Shop 3, 10 Hoff Boulevard SOUTHBANK VIC 3006",-37.82580013,144.963565642,"{""census_year"":2024,""industry_code"":""4511"",""industry_description"":""Cafes and Restaurants"",""seats"":{""Seats - Outdoor"":10,""Seats - Indoor"":30},""total_seats"":40}",City of Melbourne,com:food:706735:09ea830d95151679
food_venue,11 Inch Pizza,"Shop 6B, 353 Little Collins Street MELBOURNE VIC 3000",-37.81570426,144.962984348,"{""census_year"":2024,""industry_code"":""4511"",""industry_description"":""Cafes and Restaurants"",""seats"":{""Seats - Indoor"":22,""Seats - Outdoor"":12},""total_seats"":34}",City of Melbourne,com:food:110669:2c9ab5e47bc376e1
food_venue,167 Hotel Melbourne,167-169 City Road SOUTHBANK VIC 3006,-37.82439921,144.96250288,"{""census_year"":2024,""industry_code"":""4400"",""industry_description"":""Accommodation"",""seats"":{""Seats - Indoor"":68},""total_seats"":68}",City of Melbourne,com:food:110367:f44f6393357c866d
food_venue,18 Pence Lane,82 River Esplanade DOCKLANDS VIC 3008,-37.82470448,144.944965024,"{""census_year"":2024,""industry_code"":""4511"",""industry_description"":""Cafes and Restaurants"",""seats"":{""Seats - Outdoor"":50,""Seats - Indoor"":32},""total_seats"":82}",City of Melbourne,com:food:577280:7bd8f5257788e906
food_venue,215 Queens,215 Queen Street MELBOURNE VIC 3000,-37.81379647,144.959874118,"{""census_year"":2024,""industry_code"":""4511"",""industry_description"":""Cafes and Restaurants"",""seats"":{""Seats - Indoor"":84,""Seats - Outdoor"":10},""total_seats"":94}",City of Melbourne,com:food:108077:155f8b3897f08e4d
food_venue,226 Sushi,Part 226 Pelham Street MELBOURNE VIC 3000,-37.801684,144.958242968,"{""census_year"":2024,""industry_code"":""4512"",""industry_description"":""Takeaway Food Services"",""seats"":{""Seats - Outdoor"":6},""total_seats"":6}",City of Melbourne,com:food:107547:9a7eb27472a599ee
food_venue,24 Atoms,"Unit 4, 1 Phillip Court PORT MELBOURNE VIC 3207",-37.82600955,144.920988022,"{""census_year"":2024,""industry_code"":""4511"",""industry_description"":""Cafes and Restaurants"",""seats"":{""Seats - Indoor"":34,""Seats - Outdoor"":40},""total_seats"":74}",City of Melbourne,com:food:602733:ae49442df32eff31
food_venue,279,279 Victoria Street WEST MELBOURNE VIC 3003,-37.80566937,144.951970327,"{""census_year"":2024,""industry_code"":""4511"",""industry_description"":""Cafes and Restaurants"",""seats"":{""Seats - Indoor"":25,""Seats - Outdoor"":6},""total_seats"":31}",City of Melbourne,com:food:109699:b71eda4799b4d868
food_venue,3 Brothersss,513 Elizabeth Street MELBOURNE VIC 3000,-37.80765748,144.957205484,"{""census_year"":2024,""industry_code"":""4511"",""industry_description"":""Cafes and Restaurants"",""seats"":{""Seats - Outdoor"":36},""total_seats"":36}",City of Melbourne,com:food:110690:b77252ed692d77e1
food_venue,8 Miles Cafe,6-12 Miles Street SOUTHBANK VIC 3006,-37.82843322,144.967969426,"{""census_year"":2024,""industry_code"":""4511"",""industry_description"":""Cafes and Restaurants"",""seats"":{""Seats - Outdoor"":6,""Seats - Indoor"":30},""total_seats"":36}",City of Melbourne,com:food:111297:67eb1d0ae2ec8d74
food_venue,8848 Momo House,Ground 189-191 Bourke Street MELBOURNE VIC 3000,-37.81316936,144.96776365,"{""census_year"":2024,""industry_code"":""4511"",""industry_description"":""Cafes and Restaurants"",""seats"":{""Seats - Indoor"":45},""total_seats"":45}",City of Melbourne,com:food:101129:95f59170e0e8882f
food_venue,9 FaceThai Cuisine,362 Abbotsford Street NORTH MELBOURNE VIC 3051,-37.79823272,144.946696441,"{""census_year"":2024,""industry_code"":""4512"",""industry_description"":""Takeaway Food Services"",""seats"":{""Seats - Indoor"":10},""total_seats"":10}",City of Melbourne,com:food:104588:ddbbcb42b5afaafa
food_venue,90 Secondi,Shop 1A Concourse 700 Bourke Street DOCKLANDS VIC 3008,-37.81733573,144.949373281,"{""census_year"":2024,""industry_code"":""4511"",""industry_description"":""Cafes and Restaurants"",""seats"":{""Seats - Indoor"":130},""total_seats"":130}",City of Melbourne,com:food:573401:bf7301fee6023f01
food_venue,@  Cafe 45,Part Ground 45 William Street MELBOURNE VIC 3000,-37.81858017,144.959122077,"{""census_year"":2024,""industry_code"":""4511"",""industry_description"":""Cafes and Restaurants"",""seats"":{""Seats - Indoor"":25,""Seats - Outdoor"":20},""total_seats"":45}",City of Melbourne,com:food:110092:806716c2b23f2bf4
food_venue,A Hereford Beefstouw,22 Duckboard Place MELBOURNE VIC 3000,-37.81593915,144.971370668,"{""census_year"":2024,""industry_code"":""4511"",""industry_description"":""Cafes and Restaurants"",""seats"":{""Seats - Indoor"":120},""total_seats"":120}",City of Melbourne,com:food:104027:a9072906401bc7d0
food_venue,A Treat of France,269 City Road SOUTHBANK VIC 3006,-37.82730522,144.959050704,"{""census_year"":2024,""industry_code"":""4511"",""industry_description"":""Cafes and Restaurants"",""seats"":{""Seats - Outdoor"":10,""Seats - Indoor"":25},""total_seats"":35}",City of Melbourne,com:food:110373:b68b939b83125dd7
food_venue,A Treat of France,37 Flemington Road NORTH MELBOURNE VIC 3051,-37.80032188,144.955169656,"{""census_year"":2024,""industry_code"":""4511"",""industry_description"":""Cafes and Restaurants"",""seats"":{""Seats - Indoor"":32,""Seats - Outdoor"":4},""total_seats"":36}",City of Melbourne,com:food:103812:c9a0ae74bd092c70
food_venue,A25 Pizzeria Centro,"Tenancy 1, UprGround 376 Collins Street MELBOURNE VIC 3000",-37.81629382,144.961718566,"{""census_year"":2024,""industry_code"":""4511"",""industry_description"":""Cafes and Restaurants"",""seats"":{""Seats - Indoor"":54},""total_seats"":54}",City of Melbourne,com:food:102132:db8faaca0c5cd3f7
food_venue,Aagaman Restaurant,308 Flinders Lane MELBOURNE VIC 3000,-37.81719967,144.963897021,"{""census_year"":2024,""industry_code"":""4511"",""industry_description"":""Cafes and Restaurants"",""seats"":{""Seats - Indoor"":63},""total_seats"":63}",City of Melbourne,com:food:110765:4553fb78701d10cd
food_venue,Abacus CBD,Tenancy Lobby 181 William Street MELBOURNE VIC 3000,-37.81531863,144.957392295,"{""census_year"":2024,""industry_code"":""4511"",""industry_description"":""Cafes and Restaurants"",""seats"":{""Seats - Indoor"":20},""total_seats"":20}",City of Melbourne,com:food:612820:65b145e4a1846a21
food_venue,ABC Cafe,Ground 361 Queen Street MELBOURNE VIC 3000,-37.81022044,144.958211968,"{""census_year"":2024,""industry_code"":""4512"",""industry_description"":""Takeaway Food Services"",""seats"":{""Seats - Indoor"":12},""total_seats"":12}",City of Melbourne,com:food:108083:c3e77620efdb5a13
food_venue,ABC Chicken,Ground 175 A'Beckett Street MELBOURNE VIC 3000,-37.81022044,144.958211968,"{""census_year"":2024,""industry_code"":""4511"",""industry_description"":""Cafes and Restaurants"",""seats"":{""Seats - Indoor"":60},""total_seats"":60}",City of Melbourne,com:food:108083:e7a293ca8dd58225
food_venue,Abla's Restaurant,109 Elgin Street CARLTON VIC 3053,-37.79776853,144.971058181,"{""census_year"":2024,""industry_code"":""4511"",""industry_description"":""Cafes and Restaurants"",""seats"":{""Seats - Indoor"":80},""total_seats"":80}",City of Melbourne,com:food:103086:6d3c96f6cf4a394a
food_venue,Achelya Cafe & Kebab Restaurant,23 Aquitania Way DOCKLANDS VIC 3008,-37.81434524,144.942139035,"{""census_year"":2024,""industry_code"":""4511"",""industry_description"":""Cafes and Restaurants"",""seats"":{""Seats - Indoor"":100,""Seats - Outdoor"":18},""total_seats"":118}",City of Melbourne,com:food:560004:06621384a87f9ace
food_venue,Adonai Foods,Shop 478 Drummond Street CARLTON VIC 3053,-37.79465838,144.969095378,"{""census_year"":2024,""industry_code"":""4511"",""industry_description"":""Cafes and Restaurants"",""seats"":{""Seats - Indoor"":80,""Seats - Outdoor"":20},""total_seats"":100}",City of Melbourne,com:food:106871:79dcb7fefe399dfe
food_venue,Adozen Adozen,188 Queensberry Street CARLTON VIC 3053,-37.80429344,144.962784486,"{""census_year"":2024,""industry_code"":""4511"",""industry_description"":""Cafes and Restaurants"",""seats"":{""Seats - Outdoor"":8,""Seats - Indoor"":20},""total_seats"":28}",City of Melbourne,com:food:108029:6d79a297e0cb021d
food_venue,Aerial Events,Shop VG01 17 Dukes Walk SOUTH WHARF VIC 3006,-37.82539976,144.952378154,"{""census_year"":2024,""industry_code"":""6712"",""industry_description"":""Non-Residential Property Operators"",""seats"":{""Seats - Indoor"":400},""total_seats"":400}",City of Melbourne,com:food:110542:ff3459e3426003cc
food_venue,Affinity On Errol,116 Errol Street NORTH MELBOURNE VIC 3051,-37.80223499,144.950095564,"{""census_year"":2024,""industry_code"":""4511"",""industry_description"":""Cafes and Restaurants"",""seats"":{""Seats - Indoor"":35,""Seats - Outdoor"":14},""total_seats"":49}",City of Melbourne,com:food:103498:d2b0670a4a1d8473
food_venue,AFGHAN KEBAB CARLTON,230 Lygon Street CARLTON VIC 3053,-37.80180395,144.967209194,"{""census_year"":2024,""industry_code"":""4511"",""industry_description"":""Cafes and Restaurants"",""seats"":{""Seats - Indoor"":50,""Seats - Outdoor"":10},""total_seats"":60}",City of Melbourne,com:food:106235:c6ddb9ab109b3271
food_venue,Agha Juice,232 Lygon Street CARLTON VIC 3053,-37.80175883,144.967217525,"{""census_year"":2024,""industry_code"":""4511"",""industry_description"":""Cafes and Restaurants"",""seats"":{""Seats - Outdoor"":16,""Seats - Indoor"":20},""total_seats"":36}",City of Melbourne,com:food:106234:2f360ca94ce8da98
food_venue,Agostino,297 Lygon Street CARLTON VIC 3053,-37.79838828,144.967041148,"{""census_year"":2024,""industry_code"":""4511"",""industry_description"":""Cafes and Restaurants"",""seats"":{""Seats - Indoor"":90},""total_seats"":90}",City of Melbourne,com:food:106142:0c36687325789e46
food_venue,Ai Sushi,"Shop 1, Ground 517 St Kilda Road MELBOURNE VIC 3004",-37.84459472,144.979312384,"{""census_year"":2024,""industry_code"":""4511"",""industry_description"":""Cafes and Restaurants"",""seats"":{""Seats - Indoor"":28},""total_seats"":28}",City of Melbourne,com:food:108645:340cd16fa3014f32
food_venue,Aim Thai,9 Rakaia Way DOCKLANDS VIC 3008,-37.81427742,144.940199413,"{""census_year"":2024,""industry_code"":""4511"",""industry_description"":""Cafes and Restaurants"",""seats"":{""Seats - Indoor"":36},""total_seats"":36}",City of Melbourne,com:food:601815:e7c8b70e2374a7b6
food_venue,Airflow Coffee Co,"Shop 2, 243 Franklin Street MELBOURNE VIC 3000",-37.80967008,144.956662638,"{""census_year"":2024,""industry_code"":""4512"",""industry_description"":""Takeaway Food Services"",""seats"":{""Seats - Indoor"":6},""total_seats"":6}",City of Melbourne,com:food:554417:293074babe05261b
food_venue,Aix Cafe,24 Centre Place MELBOURNE VIC 3000,-37.8166033,144.965596537,"{""census_year"":2024,""industry_code"":""4511"",""industry_description"":""Cafes and Restaurants"",""seats"":{""Seats - Indoor"":13,""Seats - Outdoor"":8},""total_seats"":21}",City of Melbourne,com:food:101789:87938243287b92de
food_venue,Ajisen Ramen,"Shop 13, Ground 300 Lonsdale Street MELBOURNE VIC 3000",-37.81073331,144.963018917,"{""census_year"":2024,""industry_code"":""4511"",""industry_description"":""Cafes and Restaurants"",""seats"":{""Seats - Indoor"":79},""total_seats"":79}",City of Melbourne,com:food:105746:cee171fbc40dbd28
food_venue,Aki Sushi,Part Ground 105 Queen Street MELBOURNE VIC 3000,-37.81614776,144.960847599,"{""census_year"":2024,""industry_code"":""4511"",""industry_description"":""Cafes and Restaurants"",""seats"":{""Seats - Indoor"":70},""total_seats"":70}",City of Melbourne,com:food:108067:5d2420571bd84b23
food_venue,Al Dente Enoteca,Part 161-163 Nicholson Street CARLTON VIC 3053,-37.7963885,144.974806593,"{""census_year"":2024,""industry_code"":""4511"",""industry_description"":""Cafes and Restaurants"",""seats"":{""Seats - Indoor"":66,""Seats - Outdoor"":12},""total_seats"":78}",City of Melbourne,com:food:106944:09f6f87fc3ae21de
food_venue,Al Dente Sapori,Part 161-163 Nicholson Street CARLTON VIC 3053,-37.7963885,144.974806593,"{""census_year"":2024,""industry_code"":""4511"",""industry_description"":""Cafes and Restaurants"",""seats"":{""Seats - Outdoor"":12,""Seats - Indoor"":66},""total_seats"":78}",City of Melbourne,com:food:106944:dce2fca8d9c89f8f
food_venue,Albert & Grey Cafe,Ground 166 Clarendon Street EAST MELBOURNE VIC 3002,-37.81104846,144.984140646,"{""census_year"":2024,""industry_code"":""4511"",""industry_description"":""Cafes and Restaurants"",""seats"":{""Seats - Indoor"":60},""total_seats"":60}",City of Melbourne,com:food:102005:dc08056beaed5aa0
food_venue,Albion Hotel,171-173 Curzon Street NORTH MELBOURNE VIC 3051,-37.79889904,144.948550483,"{""census_year"":2024,""industry_code"":""4520"",""industry_description"":""Pubs, Taverns and Bars"",""seats"":{""Seats - Indoor"":40,""Seats - Outdoor"":35},""total_seats"":75}",City of Melbourne,com:food:102352:ffb2f61928f86736
food_venue,Alex Canteen,157-159 Victoria Street MELBOURNE VIC 3000,-37.80765748,144.957205484,"{""census_year"":2024,""industry_code"":""4511"",""industry_description"":""Cafes and Restaurants"",""seats"":{""Seats - Indoor"":48},""total_seats"":48}",City of Melbourne,com:food:110671:05fe7badd456f933
food_venue,Alexandra Club,81 Collins Street MELBOURNE VIC 3000,-37.81439771,144.97117175,"{""census_year"":2024,""industry_code"":""4530"",""industry_description"":""Clubs (Hospitality)"",""seats"":{""Seats - Indoor"":160},""total_seats"":160}",City of Melbourne,com:food:102065:78615d2e2acf4760
food_venue,Alf's Cafe,"Shop 2-3, 55 Commercial Road MELBOURNE VIC 3004",-37.84633593,144.982663953,"{""census_year"":2024,""industry_code"":""4511"",""industry_description"":""Cafes and Restaurants"",""seats"":{""Seats - Indoor"":244,""Seats - Outdoor"":130},""total_seats"":374}",City of Melbourne,com:food:102178:af864e90dcb0ac8b
food_venue,Alf's Cafe,Part Ground 541 St Kilda Road MELBOURNE VIC 3004,-37.84607473,144.98005912,"{""census_year"":2024,""industry_code"":""4511"",""industry_description"":""Cafes and Restaurants"",""seats"":{""Seats - Indoor"":40},""total_seats"":40}",City of Melbourne,com:food:108647:7d68cf9f7637af6f
food_venue,Ali's Jumbo Kebab,"Shop 9, 200 Spencer Street MELBOURNE VIC 3000",-37.81625435,144.953298685,"{""census_year"":2024,""industry_code"":""4512"",""industry_description"":""Takeaway Food Services"",""seats"":{""Seats - Indoor"":12},""total_seats"":12}",City of Melbourne,com:food:566659:bd01c0778e7b26ce
food_venue,Ali's Jumbo Kebabs,Part 26 Elizabeth Street MELBOURNE VIC 3000,-37.81763649,144.96509495,"{""census_year"":2024,""industry_code"":""4512"",""industry_description"":""Takeaway Food Services"",""seats"":{""Seats - Indoor"":5},""total_seats"":5}",City of Melbourne,com:food:103328:8cfbb5a9bd4a9fd3
food_venue,Alibi Urban Gastropub,"Shop 1, Ground 471 Little Bourke Street MELBOURNE VIC 3000",-37.81456798,144.959044223,"{""census_year"":2024,""industry_code"":""4511"",""industry_description"":""Cafes and Restaurants"",""seats"":{""Seats - Outdoor"":12,""Seats - Indoor"":80},""total_seats"":92}",City of Melbourne,com:food:105855:3f9162de9dfbf7a8
food_venue,Alien & Coco,"Shop 4, 111 Hardware Street MELBOURNE VIC 3000",-37.81240787,144.960530585,"{""census_year"":2024,""industry_code"":""4512"",""industry_description"":""Takeaway Food Services"",""seats"":{""Seats - Outdoor"":6,""Seats - Indoor"":2},""total_seats"":8}",City of Melbourne,com:food:105738:a64590ecfab1730d
food_venue,All 4 U Cafe & Bar,536 Little Lonsdale Street MELBOURNE VIC 3000,-37.81359291,144.953234168,"{""census_year"":2024,""industry_code"":""4511"",""industry_description"":""Cafes and Restaurants"",""seats"":{""Seats - Indoor"":40},""total_seats"":40}",City of Melbourne,com:food:106029:aba81c571203b74d
food_venue,All Smiles,55B Newquay Promenade DOCKLANDS VIC 3008,-37.8153411,144.941405106,"{""census_year"":2024,""industry_code"":""4513"",""industry_description"":""Catering Services"",""seats"":{""Seats - Indoor"":150,""Seats - Outdoor"":50},""total_seats"":200}",City of Melbourne,com:food:573925:cbaf41ffe3752451
food_venue,Allegro Restaurant,Part 205 Collins Street MELBOURNE VIC 3000,-37.81584777,144.967430346,"{""census_year"":2024,""industry_code"":""4511"",""industry_description"":""Cafes and Restaurants"",""seats"":{""Seats - Indoor"":75},""total_seats"":75}",City of Melbourne,com:food:109418:ecc89219581508f3
food_venue,Alley Cat,"Shop 6-7, 166 Albert Street EAST MELBOURNE VIC 3002",-37.81004656,144.985625385,"{""census_year"":2024,""industry_code"":""4511"",""industry_description"":""Cafes and Restaurants"",""seats"":{""Seats - Indoor"":50,""Seats - Outdoor"":20},""total_seats"":70}",City of Melbourne,com:food:593697:dbf26eb07dc0405d
food_venue,Alluvial Restaurant,Part Ground 495 Collins Street MELBOURNE VIC 3000,-37.81853877,144.958118475,"{""census_year"":2024,""industry_code"":""4511"",""industry_description"":""Cafes and Restaurants"",""seats"":{""Seats - Indoor"":110},""total_seats"":110}",City of Melbourne,com:food:102103:c01731ea4e0514bd
food_venue,Almina @ Docklands,106 Newquay Promenade DOCKLANDS VIC 3008,-37.81518961,144.93905572,"{""census_year"":2024,""industry_code"":""4511"",""industry_description"":""Cafes and Restaurants"",""seats"":{""Seats - Indoor"":150,""Seats - Outdoor"":70},""total_seats"":220}",City of Melbourne,com:food:601810:1eecc6abb51b5986
food_venue,Alt Pasta Bar,30 Niagara Lane MELBOURNE VIC 3000,-37.81291055,144.961464779,"{""census_year"":2024,""industry_code"":""4511"",""industry_description"":""Cafes and Restaurants"",""seats"":{""Seats - Indoor"":40},""total_seats"":40}",City of Melbourne,com:food:105704:7cdd1f16305cc7b6
food_venue,Alto Hotel On Bourke,636-638 Bourke Street MELBOURNE VIC 3000,-37.81627484,144.954713698,"{""census_year"":2024,""industry_code"":""4400"",""industry_description"":""Accommodation"",""seats"":{""Seats - Indoor"":24},""total_seats"":24}",City of Melbourne,com:food:101169:4516cfe03c28a1ac
food_venue,Amiconi,Ground 359 Victoria Street WEST MELBOURNE VIC 3003,-37.80538446,144.949585089,"{""census_year"":2024,""industry_code"":""4511"",""industry_description"":""Cafes and Restaurants"",""seats"":{""Seats - Indoor"":60,""Seats - Outdoor"":8},""total_seats"":68}",City of Melbourne,com:food:109720:5517b35403328247
food_venue,Amicus Espresso,Shop 185 Pelham Street CARLTON VIC 3053,-37.80240996,144.960033983,"{""census_year"":2024,""industry_code"":""4511"",""industry_description"":""Cafes and Restaurants"",""seats"":{""Seats - Indoor"":12,""Seats - Outdoor"":24},""total_seats"":36}",City of Melbourne,com:food:568077:7ffa5e526c50a034
food_venue,Amie Bakery,"Tenancy 11, Ground 181 William Street MELBOURNE VIC 3000",-37.81531863,144.957392295,"{""census_year"":2024,""industry_code"":""4512"",""industry_description"":""Takeaway Food Services"",""seats"":{""Seats - Outdoor"":20},""total_seats"":20}",City of Melbourne,com:food:612820:7b71878385510a5e
food_venue,Amie's Bakery,"Shop W1, 11 Southern Cross Lane MELBOURNE VIC 3000",-37.81281453,144.970109211,"{""census_year"":2024,""industry_code"":""4511"",""industry_description"":""Cafes and Restaurants"",""seats"":{""Seats - Outdoor"":33},""total_seats"":33}",City of Melbourne,com:food:625840:0f9fef8d5e9ef68e
food_venue,Amigos Hardware Lane,Lower & Upper Ground 75-77 Hardware Lane MELBOURNE VIC 3000,-37.8131434,144.960866676,"{""census_year"":2024,""industry_code"":""4511"",""industry_description"":""Cafes and Restaurants"",""seats"":{""Seats - Indoor"":60,""Seats - Outdoor"":40},""total_seats"":100}",City of Melbourne,com:food:104660:b250f0f0dc215015
food_venue,Amiri Cafe,Shop QS002 1-7 QV Square MELBOURNE VIC 3000,-37.810658,144.965703374,"{""census_year"":2024,""industry_code"":""4511"",""industry_description"":""Cafes and Restaurants"",""seats"":{""Seats - Indoor"":60,""Seats - Outdoor"":38},""total_seats"":98}",City of Melbourne,com:food:589841:391a7ded7a87bd9f
food_venue,Ample Cafe Bar,123-129 Howard Street NORTH MELBOURNE VIC 3051,-37.80409478,144.953696037,"{""census_year"":2024,""industry_code"":""4511"",""industry_description"":""Cafes and Restaurants"",""seats"":{""Seats - Outdoor"":8,""Seats - Indoor"":55},""total_seats"":63}",City of Melbourne,com:food:105025:b2e4a710a4ecd5a7
food_venue,An Di Docklands,854 Collins Street DOCKLANDS VIC 3008,-37.82092615,144.943788121,"{""census_year"":2024,""industry_code"":""4511"",""industry_description"":""Cafes and Restaurants"",""seats"":{""Seats - Outdoor"":30,""Seats - Indoor"":100},""total_seats"":130}",City of Melbourne,com:food:609481:bc88d23c6b98fa4b
food_venue,Anda Cafe,Part Ground 215 Spring Street MELBOURNE VIC 3000,-37.80990397,144.971835359,"{""census_year"":2024,""industry_code"":""4511"",""industry_description"":""Cafes and Restaurants"",""seats"":{""Seats - Indoor"":40,""Seats - Outdoor"":18},""total_seats"":58}",City of Melbourne,com:food:108990:d43f45f0c7383664
food_venue,Angkor,389 Spencer Street WEST MELBOURNE VIC 3003,-37.81158829,144.949895376,"{""census_year"":2024,""industry_code"":""4511"",""industry_description"":""Cafes and Restaurants"",""seats"":{""Seats - Indoor"":39},""total_seats"":39}",City of Melbourne,com:food:705841:7a0d4cf13162c130
food_venue,Angliss Restaurant,Part Ground Building E 550 Little Lonsdale Street MELBOURNE VIC 3000,-37.81327282,144.952896203,"{""census_year"":2024,""industry_code"":""4511"",""industry_description"":""Cafes and Restaurants"",""seats"":{""Seats - Indoor"":150},""total_seats"":150}",City of Melbourne,com:food:561698:6b108fa7814b6db6
food_venue,Antara 128,Ground 128 Exhibition Street MELBOURNE VIC 3000,-37.81257803,144.971175434,"{""census_year"":2024,""industry_code"":""4511"",""industry_description"":""Cafes and Restaurants"",""seats"":{""Seats - Indoor"":80,""Seats - Outdoor"":10},""total_seats"":90}",City of Melbourne,com:food:103624:1117d144c59e5e1a
food_venue,Ants Bistro,7-9 Corrs Lane MELBOURNE VIC 3000,-37.81132789,144.967994718,"{""census_year"":2024,""industry_code"":""4511"",""industry_description"":""Cafes and Restaurants"",""seats"":{""Seats - Indoor"":100},""total_seats"":100}",City of Melbourne,com:food:108582:2835f52e87ef0495
food_venue,Aperitivo Bar Ristorante,275 Lygon Street CARLTON VIC 3053,-37.79905377,144.966910371,"{""census_year"":2024,""industry_code"":""4511"",""industry_description"":""Cafes and Restaurants"",""seats"":{""Seats - Outdoor"":25,""Seats - Indoor"":45},""total_seats"":70}",City of Melbourne,com:food:106137:818c8d768e104be3
food_venue,Apollo Cafe,Ground 109-111 Hawke Street WEST MELBOURNE VIC 3003,-37.80784196,144.946624618,"{""census_year"":2024,""industry_code"":""4511"",""industry_description"":""Cafes and Restaurants"",""seats"":{""Seats - Outdoor"":20,""Seats - Indoor"":44},""total_seats"":64}",City of Melbourne,com:food:104728:5f97ac566a844d2a
food_venue,Arabesque,642-644 Elizabeth Street MELBOURNE VIC 3000,-37.80328692,144.958614249,"{""census_year"":2024,""industry_code"":""4511"",""industry_description"":""Cafes and Restaurants"",""seats"":{""Seats - Indoor"":80,""Seats - Outdoor"":13},""total_seats"":93}",City of Melbourne,com:food:103272:47f287d609308a24
food_venue,Arbory Bar and Eatery / Afloat,2 Flinders Walk MELBOURNE VIC 3000,-37.81866337,144.965469605,"{""census_year"":2024,""industry_code"":""4511"",""industry_description"":""Cafes and Restaurants"",""seats"":{""Seats - Outdoor"":375},""total_seats"":375}",City of Melbourne,com:food:104034:e1ce16d51658032e
food_venue,Arbutus,8 Errol Street NORTH MELBOURNE VIC 3051,-37.80489365,144.949580943,"{""census_year"":2024,""industry_code"":""4511"",""industry_description"":""Cafes and Restaurants"",""seats"":{""Seats - Outdoor"":12,""Seats - Indoor"":18},""total_seats"":30}",City of Melbourne,com:food:103526:84b4c79680314ca9
food_venue,Archer's,Ground 428 Docklands Drive DOCKLANDS VIC 3008,-37.8131707,144.937857365,"{""census_year"":2024,""industry_code"":""4511"",""industry_description"":""Cafes and Restaurants"",""seats"":{""Seats - Indoor"":48},""total_seats"":48}",City of Melbourne,com:food:620307:630eabb8884d18ea
food_venue,Argi Cafe By Lady G,512 Macaulay Road KENSINGTON VIC 3031,-37.79407422,144.9291382,"{""census_year"":2024,""industry_code"":""4511"",""industry_description"":""Cafes and Restaurants"",""seats"":{""Seats - Outdoor"":4,""Seats - Indoor"":24},""total_seats"":28}",City of Melbourne,com:food:615808:782d291a015e6d7c
food_venue,Aria Bar & Lounge,Part Podium 1 Southgate Avenue SOUTHBANK VIC 3006,-37.82066924,144.966262253,"{""census_year"":2024,""industry_code"":""4520"",""industry_description"":""Pubs, Taverns and Bars"",""seats"":{""Seats - Indoor"":63},""total_seats"":63}",City of Melbourne,com:food:110323:3d508eec418afd6b
food_venue,Arlechin,"Tenancy 3-4, Ground 168 Exhibition Street MELBOURNE VIC 3000",-37.81151587,144.970733249,"{""census_year"":2024,""industry_code"":""4511"",""industry_description"":""Cafes and Restaurants"",""seats"":{""Seats - Indoor"":70,""Seats - Outdoor"":10},""total_seats"":80}",City of Melbourne,com:food:103622:d772546f6d5e3006
food_venue,Aroma Restaurant,"Shop 2-3, 540 Little Collins Street MELBOURNE VIC 3000",-37.81695942,144.956773974,"{""census_year"":2024,""industry_code"":""4511"",""industry_description"":""Cafes and Restaurants"",""seats"":{""Seats - Indoor"":40},""total_seats"":40}",City of Melbourne,com:food:105949:9cc35ad157f3adc7
food_venue,Aromatic Espresso,Part Ground 417 St Kilda Road MELBOURNE VIC 3004,-37.83774552,144.977042736,"{""census_year"":2024,""industry_code"":""4511"",""industry_description"":""Cafes and Restaurants"",""seats"":{""Seats - Indoor"":40},""total_seats"":40}",City of Melbourne,com:food:108627:d7984ed9d2fc7e94
food_venue,Aru Melbourne,"Shop 3, Ground 264-274 Little Collins Street MELBOURNE VIC 3000",-37.81423669,144.965235638,"{""census_year"":2024,""industry_code"":""4511"",""industry_description"":""Cafes and Restaurants"",""seats"":{""Seats - Indoor"":110},""total_seats"":110}",City of Melbourne,com:food:101140:20d973dfafcbd1c6
food_venue,Aruba @ MCRI,"Tenancy 2, Ground 50 Flemington Road PARKVILLE VIC 3052",-37.79372054,144.949547006,"{""census_year"":2024,""industry_code"":""4511"",""industry_description"":""Cafes and Restaurants"",""seats"":{""Seats - Indoor"":32},""total_seats"":32}",City of Melbourne,com:food:103908:17d02e8de7123766
food_venue,Asado Bar y Grill,Part Ground 6 Riverside Quay SOUTHBANK VIC 3006,-37.82082512,144.963828622,"{""census_year"":2024,""industry_code"":""4511"",""industry_description"":""Cafes and Restaurants"",""seats"":{""Seats - Outdoor"":30,""Seats - Indoor"":86},""total_seats"":116}",City of Melbourne,com:food:110327:bdb1f302ed9207d9
food_venue,Asian Beer Cafe,"Shop 311, Level 3 300 Lonsdale Street MELBOURNE VIC 3000",-37.81073331,144.963018917,"{""census_year"":2024,""industry_code"":""4511"",""industry_description"":""Cafes and Restaurants"",""seats"":{""Seats - Indoor"":560,""Seats - Outdoor"":127},""total_seats"":687}",City of Melbourne,com:food:105746:113f85f03796666a
food_venue,Asian Pavilion,"Shop 52, 45 Collins Street MELBOURNE VIC 3000",-37.81430615,144.972628037,"{""census_year"":2024,""industry_code"":""4511"",""industry_description"":""Cafes and Restaurants"",""seats"":{""Seats - Indoor"":14,""Seats - Outdoor"":13},""total_seats"":27}",City of Melbourne,com:food:102063:463c160883c138ba
food_venue,Askal Melbourne,165-167 Exhibition Street MELBOURNE VIC 3000,-37.81170899,144.970095605,"{""census_year"":2024,""industry_code"":""4511"",""industry_description"":""Cafes and Restaurants"",""seats"":{""Seats - Indoor"":99},""total_seats"":99}",City of Melbourne,com:food:103598:8d95eb250950bcf7
food_venue,Assembly,62 Pelham Street CARLTON VIC 3053,-37.80262373,144.967292667,"{""census_year"":2024,""industry_code"":""4512"",""industry_description"":""Takeaway Food Services"",""seats"":{""Seats - Outdoor"":6,""Seats - Indoor"":15},""total_seats"":21}",City of Melbourne,com:food:107557:cbcd610b74196279
food_venue,Assembly Store,60 Pelham Street CARLTON VIC 3053,-37.80262561,144.967335117,"{""census_year"":2024,""industry_code"":""4512"",""industry_description"":""Takeaway Food Services"",""seats"":{""Seats - Outdoor"":6,""Seats - Indoor"":15},""total_seats"":21}",City of Melbourne,com:food:107558:2b7fbf04e4495f4f
food_venue,Asuka Sushi,"Shop 21, Level 4 717 Bourke Street DOCKLANDS VIC 3008",-37.81864991,144.950258352,"{""census_year"":2024,""industry_code"":""4511"",""industry_description"":""Cafes and Restaurants"",""seats"":{""Seats - Outdoor"":18,""Seats - Indoor"":28},""total_seats"":46}",City of Melbourne,com:food:578096:d5aedf98d4957077
food_venue,At The George,"Shop 5, Ground 470 Collins Street MELBOURNE VIC 3000",-37.81753764,144.958333858,"{""census_year"":2024,""industry_code"":""4511"",""industry_description"":""Cafes and Restaurants"",""seats"":{""Seats - Outdoor"":12,""Seats - Indoor"":10},""total_seats"":22}",City of Melbourne,com:food:102119:6ffb8d9714a20781
food_venue,Atrium 485,Part Ground North Tower 485 La Trobe Street MELBOURNE VIC 3000,-37.81275166,144.95495139,"{""census_year"":2024,""industry_code"":""4511"",""industry_description"":""Cafes and Restaurants"",""seats"":{""Seats - Indoor"":14},""total_seats"":14}",City of Melbourne,com:food:105460:bba6d90b802c2795
food_venue,Au79 Southbank,258 City Road SOUTHBANK VIC 3006,-37.82590804,144.959486577,"{""census_year"":2024,""industry_code"":""4511"",""industry_description"":""Cafes and Restaurants"",""seats"":{""Seats - Outdoor"":8,""Seats - Indoor"":40},""total_seats"":48}",City of Melbourne,com:food:110389:4452b6c6bcf5604c
food_venue,Auction Rooms Cafe,103-107 Errol Street NORTH MELBOURNE VIC 3051,-37.8024571,144.949460849,"{""census_year"":2024,""industry_code"":""4511"",""industry_description"":""Cafes and Restaurants"",""seats"":{""Seats - Outdoor"":28,""Seats - Indoor"":104},""total_seats"":132}",City of Melbourne,com:food:103426:69595c390dfc6e56
food_venue,Avist Cafe,101 Flemington Road NORTH MELBOURNE VIC 3051,-37.79844294,144.952705279,"{""census_year"":2024,""industry_code"":""4511"",""industry_description"":""Cafes and Restaurants"",""seats"":{""Seats - Indoor"":40,""Seats - Outdoor"":34},""total_seats"":74}",City of Melbourne,com:food:103824:d64eec7659857a7c
food_venue,Axil Coffee Roasters,"Shop 6, Ground 441 Collins Street MELBOURNE VIC 3000",-37.8180082,144.959868643,"{""census_year"":2024,""industry_code"":""4511"",""industry_description"":""Cafes and Restaurants"",""seats"":{""Seats - Indoor"":45},""total_seats"":45}",City of Melbourne,com:food:708081:d43d55f4af10af2a
food_venue,Axil Coffee Roasters,Shop B01A 385 Bourke Street MELBOURNE VIC 3000,-37.81491502,144.962944195,"{""census_year"":2024,""industry_code"":""4511"",""industry_description"":""Cafes and Restaurants"",""seats"":{""Seats - Indoor"":65,""Seats - Outdoor"":10},""total_seats"":75}",City of Melbourne,com:food:597186:a0ac3e03531d7a47
food_venue,Axil Coffee Roasters,Kiosk 50 Lonsdale Street MELBOURNE VIC 3000,-37.8091842,144.970732451,"{""census_year"":2024,""industry_code"":""4511"",""industry_description"":""Cafes and Restaurants"",""seats"":{""Seats - Indoor"":71},""total_seats"":71}",City of Melbourne,com:food:603923:7501bf49cd455fa6
food_venue,Axil Coffee Roasters,Ground 1 Spring Street MELBOURNE VIC 3000,-37.8150568,144.97398012,"{""census_year"":2024,""industry_code"":""4512"",""industry_description"":""Takeaway Food Services"",""seats"":{""Seats - Indoor"":16},""total_seats"":16}",City of Melbourne,com:food:108975:6a92d1f9446569bc
food_venue,Axil Coffee Roasters,Rear Ground 565 Bourke Street MELBOURNE VIC 3000,-37.81647428,144.957017939,"{""census_year"":2024,""industry_code"":""4511"",""industry_description"":""Cafes and Restaurants"",""seats"":{""Seats - Indoor"":80},""total_seats"":80}",City of Melbourne,com:food:101157:8f3f52189ded3130
food_venue,Axil Coffee Roasters,"Shop E6, 6 Southern Cross Lane MELBOURNE VIC 3000",-37.81281453,144.970109211,"{""census_year"":2024,""industry_code"":""4511"",""industry_description"":""Cafes and Restaurants"",""seats"":{""Seats - Outdoor"":12,""Seats - Indoor"":50},""total_seats"":62}",City of Melbourne,com:food:602997:48bf0060df9abd9d
food_venue,Axil Coffee Roasters (Flinders Gate),Ground 172 Flinders Street MELBOURNE VIC 3000,-37.81663861,144.968542835,"{""census_year"":2024,""industry_code"":""4512"",""industry_description"":""Takeaway Food Services"",""seats"":{""Seats - Indoor"":14},""total_seats"":14}",City of Melbourne,com:food:104018:a8c9375a053d7ded
food_venue,Axil Coffee Roasters Melbourne Central,"Tenancy 89, Ground 360 Elizabeth Street MELBOURNE VIC 3000",-37.81084464,144.962061274,"{""census_year"":2024,""industry_code"":""4511"",""industry_description"":""Cafes and Restaurants"",""seats"":{""Seats - Indoor"":150},""total_seats"":150}",City of Melbourne,com:food:103311:ab4c066420dcf5af
food_venue,Ayams Chef,67-69 Coventry Street SOUTHBANK VIC 3006,-37.82998246,144.967959041,"{""census_year"":2024,""industry_code"":""4511"",""industry_description"":""Cafes and Restaurants"",""seats"":{""Seats - Outdoor"":16,""Seats - Indoor"":80},""total_seats"":96}",City of Melbourne,com:food:627248:ee1cf6b2ba1fa86f
food_venue,Azuo Yogurt & Cake,321 La Trobe Street MELBOURNE VIC 3000,-37.81097638,144.959961235,"{""census_year"":2024,""industry_code"":""4511"",""industry_description"":""Cafes and Restaurants"",""seats"":{""Seats - Indoor"":11},""total_seats"":11}",City of Melbourne,com:food:105452:81674d7e579563f3
food_venue,B & B' Guette Cafe,305-307 Exhibition Street MELBOURNE VIC 3000,-37.80881313,144.968771771,"{""census_year"":2024,""industry_code"":""4511"",""industry_description"":""Cafes and Restaurants"",""seats"":{""Seats - Outdoor"":12,""Seats - Indoor"":35},""total_seats"":47}",City of Melbourne,com:food:707517:2c00ba8fd265695e
food_venue,B & Baguette Cafe,Ground 482 Bourke Street MELBOURNE VIC 3000,-37.8150902,144.959379419,"{""census_year"":2024,""industry_code"":""4511"",""industry_description"":""Cafes and Restaurants"",""seats"":{""Seats - Outdoor"":8,""Seats - Indoor"":16},""total_seats"":24}",City of Melbourne,com:food:101178:74b72613efb13f7c
food_venue,B Cuz Coffee & Eatery,Ground 505-507 Spencer Street WEST MELBOURNE VIC 3003,-37.80883464,144.948632857,"{""census_year"":2024,""industry_code"":""4511"",""industry_description"":""Cafes and Restaurants"",""seats"":{""Seats - Indoor"":16},""total_seats"":16}",City of Melbourne,com:food:108864:d60f6bbcc1ac5504
food_venue,B Lucky and Sons,"Shop 307, Level 3 300 Lonsdale Street MELBOURNE VIC 3000",-37.81073331,144.963018917,"{""census_year"":2024,""industry_code"":""4520"",""industry_description"":""Pubs, Taverns and Bars"",""seats"":{""Seats - Indoor"":49},""total_seats"":49}",City of Melbourne,com:food:105746:d6905647faf05898
food_venue,B'Churrasco,Level 1 61-69 A'Beckett Street MELBOURNE VIC 3000,-37.80919305,144.961748936,"{""census_year"":2024,""industry_code"":""4511"",""industry_description"":""Cafes and Restaurants"",""seats"":{""Seats - Indoor"":180},""total_seats"":180}",City of Melbourne,com:food:500333:6be4d8c9b2bc8f7d
food_venue,Bababoi,"Unit 16, Ground 60 Siddeley Street DOCKLANDS VIC 3008",-37.82290352,144.952548545,"{""census_year"":2024,""industry_code"":""4511"",""industry_description"":""Cafes and Restaurants"",""seats"":{""Seats - Outdoor"":16,""Seats - Indoor"":28},""total_seats"":44}",City of Melbourne,com:food:103980:2552d7ee281ebc1d
food_venue,Bacash,175-177 Domain Road SOUTH YARRA VIC 3141,-37.83430008,144.981945066,"{""census_year"":2024,""industry_code"":""4511"",""industry_description"":""Cafes and Restaurants"",""seats"":{""Seats - Indoor"":100,""Seats - Outdoor"":24},""total_seats"":124}",City of Melbourne,com:food:102504:07e82a4202916e46
food_venue,Baci,"Shop 21, Ground 8 Whiteman Street SOUTHBANK VIC 3006",-37.82312164,144.958660189,"{""census_year"":2024,""industry_code"":""4511"",""industry_description"":""Cafes and Restaurants"",""seats"":{""Seats - Outdoor"":100,""Seats - Indoor"":120},""total_seats"":220}",City of Melbourne,com:food:111175:25262257e8c1fe8c
food_venue,Bagel Hut,Ground 162 Little Lonsdale Street MELBOURNE VIC 3000,-37.80954055,144.967186648,"{""census_year"":2024,""industry_code"":""4512"",""industry_description"":""Takeaway Food Services"",""seats"":{""Seats - Indoor"":16},""total_seats"":16}",City of Melbourne,com:food:106047:f3521a7cce3050e3
food_venue,Baguette Studios,Part 15-27 Wreckyn Street NORTH MELBOURNE VIC 3051,-37.80037867,144.953582587,"{""census_year"":2024,""industry_code"":""1174"",""industry_description"":""Bakery Product Manufacturing (Non-factory based)"",""seats"":{""Seats - Indoor"":10,""Seats - Outdoor"":10},""total_seats"":20}",City of Melbourne,com:food:110257:f53e3b026ba55a68
food_venue,Bailey Espresso Bar,Part Ground 179 Queen Street MELBOURNE VIC 3000,-37.81452036,144.959985646,"{""census_year"":2024,""industry_code"":""4511"",""industry_description"":""Cafes and Restaurants"",""seats"":{""Seats - Indoor"":24},""total_seats"":24}",City of Melbourne,com:food:108073:8b9fdbb124d8b5b2
food_venue,Ballers Clubhouse,Level 2-3 2 Coverlid Place MELBOURNE VIC 3000,-37.81206119,144.968535908,"{""census_year"":2024,""industry_code"":""9113"",""industry_description"":""Sports and Physical Recreation Venues, Grounds and Facilities Operation"",""seats"":{""Seats - Indoor"":50},""total_seats"":50}",City of Melbourne,com:food:101212:ca74fae64d5cc886
food_venue,Ballers Clubhouse,171-175 Elgin Street CARLTON VIC 3053,-37.79750574,144.968707877,"{""census_year"":2024,""industry_code"":""4520"",""industry_description"":""Pubs, Taverns and Bars"",""seats"":{""Seats - Indoor"":300,""Seats - Outdoor"":20},""total_seats"":320}",City of Melbourne,com:food:103102:8dcde8a0340d2fd6
food_venue,Baltic Buffet,296-298 Russell Street MELBOURNE VIC 3000,-37.80957196,144.966928628,"{""census_year"":2024,""industry_code"":""4511"",""industry_description"":""Cafes and Restaurants"",""seats"":{""Seats - Indoor"":40},""total_seats"":40}",City of Melbourne,com:food:108568:854a56f20cdc011d
food_venue,Bamboo Garden,"Shop 26, 320-380 Epsom Road FLEMINGTON VIC 3031",-37.78257295,144.915521168,"{""census_year"":2024,""industry_code"":""4512"",""industry_description"":""Takeaway Food Services"",""seats"":{""Seats - Indoor"":12},""total_seats"":12}",City of Melbourne,com:food:602256:ce64c54a2ab40158
food_venue,Bamboo House,"Shop 1, 47-55 Little Bourke Street MELBOURNE VIC 3000",-37.81101377,144.971109213,"{""census_year"":2024,""industry_code"":""4511"",""industry_description"":""Cafes and Restaurants"",""seats"":{""Seats - Indoor"":120},""total_seats"":120}",City of Melbourne,com:food:105831:fd9c347e7b7b74ea
food_venue,BangPop,35 South Wharf Promenade SOUTH WHARF VIC 3006,-37.82409302,144.95033362,"{""census_year"":2024,""industry_code"":""4511"",""industry_description"":""Cafes and Restaurants"",""seats"":{""Seats - Indoor"":210,""Seats - Outdoor"":150},""total_seats"":360}",City of Melbourne,com:food:110988:645c4121277b3c1b
food_venue,Bar Ampere,16 Russell Place MELBOURNE VIC 3000,-37.81355434,144.967427503,"{""census_year"":2024,""industry_code"":""4520"",""industry_description"":""Pubs, Taverns and Bars"",""seats"":{""Seats - Outdoor"":34,""Seats - Indoor"":78},""total_seats"":112}",City of Melbourne,com:food:111394:e3c756df842dd6ba
food_venue,Bar Bellamy,164 Rathdowne Street CARLTON VIC 3053,-37.79547684,144.971131911,"{""census_year"":2024,""industry_code"":""4511"",""industry_description"":""Cafes and Restaurants"",""seats"":{""Seats - Outdoor"":12,""Seats - Indoor"":35},""total_seats"":47}",City of Melbourne,com:food:108235:a625065a49173f34
food_venue,Bar Carlo,Ground 20 Meyers Place MELBOURNE VIC 3000,-37.81207814,144.972350463,"{""census_year"":2024,""industry_code"":""4520"",""industry_description"":""Pubs, Taverns and Bars"",""seats"":{""Seats - Indoor"":35},""total_seats"":35}",City of Melbourne,com:food:106559:0913a8a3c10702fd
food_venue,Bar Clara,"Shop 5, 83-89 Little Bourke Street MELBOURNE VIC 3000",-37.81128986,144.969912284,"{""census_year"":2024,""industry_code"":""4520"",""industry_description"":""Pubs, Taverns and Bars"",""seats"":{""Seats - Outdoor"":10,""Seats - Indoor"":32},""total_seats"":42}",City of Melbourne,com:food:103601:70a6e1de4ac9139e
food_venue,Bar Holiday,19-21 Lincoln Square South CARLTON VIC 3053,-37.80336259,144.962781304,"{""census_year"":2024,""industry_code"":""4511"",""industry_description"":""Cafes and Restaurants"",""seats"":{""Seats - Indoor"":50,""Seats - Outdoor"":15},""total_seats"":65}",City of Melbourne,com:food:518847:1a2123bf249536f0
food_venue,Bar Humbug,586 Little Bourke Street MELBOURNE VIC 3000,-37.81538903,144.954969041,"{""census_year"":2024,""industry_code"":""4511"",""industry_description"":""Cafes and Restaurants"",""seats"":{""Seats - Indoor"":100},""total_seats"":100}",City of Melbourne,com:food:105308:490de9f76f3bb289
food_venue,Bar Lourinha,37 Little Collins Street MELBOURNE VIC 3000,-37.81278443,144.972492686,"{""census_year"":2024,""industry_code"":""4520"",""industry_description"":""Pubs, Taverns and Bars"",""seats"":{""Seats - Outdoor"":16,""Seats - Indoor"":60},""total_seats"":76}",City of Melbourne,com:food:105911:0f1243fa7fcd66c2
food_venue,Bar Margaux,Basement 111 Lonsdale Street MELBOURNE VIC 3000,-37.81053335,144.969119408,"{""census_year"":2024,""industry_code"":""4511"",""industry_description"":""Cafes and Restaurants"",""seats"":{""Seats - Indoor"":213},""total_seats"":213}",City of Melbourne,com:food:105674:cbb3dfff92865803
food_venue,Bar Scopa,"Unit 1, Ground 127-133 Leicester Street CARLTON VIC 3053",-37.80290295,144.960208799,"{""census_year"":2024,""industry_code"":""4511"",""industry_description"":""Cafes and Restaurants"",""seats"":{""Seats - Indoor"":16,""Seats - Outdoor"":4},""total_seats"":20}",City of Melbourne,com:food:592858:74f4fb8caa2fc4e8
food_venue,Barbarella Gelato & Wine,"Shop 22A, Block Arcade MELBOURNE VIC 3000",-37.81561893,144.964428319,"{""census_year"":2024,""industry_code"":""4511"",""industry_description"":""Cafes and Restaurants"",""seats"":{""Seats - Indoor"":35},""total_seats"":35}",City of Melbourne,com:food:102141:b58c4e3d1c1485c6
food_venue,Baretto Cafe,Ground 161 Barry Street CARLTON VIC 3053,-37.80023307,144.959280641,"{""census_year"":2024,""industry_code"":""4511"",""industry_description"":""Cafes and Restaurants"",""seats"":{""Seats - Outdoor"":15,""Seats - Indoor"":120},""total_seats"":135}",City of Melbourne,com:food:104466:f4a6c4007a6582a4
food_venue,Barista Cafe,"Shop 11, Ground 242 Exhibition Street MELBOURNE VIC 3000",-37.80941489,144.969975609,"{""census_year"":2024,""industry_code"":""4511"",""industry_description"":""Cafes and Restaurants"",""seats"":{""Seats - Indoor"":52},""total_seats"":52}",City of Melbourne,com:food:103618:6783651d90896f21
food_venue,Barkada,6 Sutherland Street MELBOURNE VIC 3000,-37.81131628,144.960948366,"{""census_year"":2024,""industry_code"":""4511"",""industry_description"":""Cafes and Restaurants"",""seats"":{""Seats - Outdoor"":6,""Seats - Indoor"":70},""total_seats"":76}",City of Melbourne,com:food:650593:57cd5a24b51f275e
food_venue,Barra,89 Little Collins Street MELBOURNE VIC 3000,-37.81360963,144.970722603,"{""census_year"":2024,""industry_code"":""4511"",""industry_description"":""Cafes and Restaurants"",""seats"":{""Seats - Indoor"":36},""total_seats"":36}",City of Melbourne,com:food:709873:a0a7c76039ad7797
food_venue,baru,373 King Street WEST MELBOURNE VIC 3003,-37.81166257,144.953251433,"{""census_year"":2024,""industry_code"":""4511"",""industry_description"":""Cafes and Restaurants"",""seats"":{""Seats - Indoor"":24},""total_seats"":24}",City of Melbourne,com:food:105325:4e0fcded0d41c80f
food_venue,Basement Espresso,LwrGround 182-184 Victoria Parade EAST MELBOURNE VIC 3002,-37.80895362,144.977894549,"{""census_year"":2024,""industry_code"":""4511"",""industry_description"":""Cafes and Restaurants"",""seats"":{""Seats - Outdoor"":8,""Seats - Indoor"":94},""total_seats"":102}",City of Melbourne,com:food:109660:f77c79ac64ddf6eb
food_venue,Basic Buns,358 Victoria Street NORTH MELBOURNE VIC 3051,-37.80537801,144.954338535,"{""census_year"":2024,""industry_code"":""4512"",""industry_description"":""Takeaway Food Services"",""seats"":{""Seats - Indoor"":10},""total_seats"":10}",City of Melbourne,com:food:109824:2d588662a8241765
food_venue,Basil With Thyme,Ground 271 William Street MELBOURNE VIC 3000,-37.81270785,144.956447353,"{""census_year"":2024,""industry_code"":""4511"",""industry_description"":""Cafes and Restaurants"",""seats"":{""Seats - Indoor"":90},""total_seats"":90}",City of Melbourne,com:food:110107:978d029846a2fb39
food_venue,Batman's Hill On Collins,623 Collins Street MELBOURNE VIC 3000,-37.81929311,144.95469003,"{""census_year"":2024,""industry_code"":""4400"",""industry_description"":""Accommodation"",""seats"":{""Seats - Indoor"":175},""total_seats"":175}",City of Melbourne,com:food:606461:eb0678d3a0314c6b
food_venue,BAZA MELBOURNE,"Shop 10, Podium 525 Collins Street MELBOURNE VIC 3000",-37.81866171,144.957538457,"{""census_year"":2024,""industry_code"":""4511"",""industry_description"":""Cafes and Restaurants"",""seats"":{""Seats - Indoor"":25},""total_seats"":25}",City of Melbourne,com:food:705123:9e3309c357d2fc92
food_venue,bbq a buffet,Level 1 272-282 Lonsdale Street MELBOURNE VIC 3000,-37.81152963,144.963996846,"{""census_year"":2024,""industry_code"":""4511"",""industry_description"":""Cafes and Restaurants"",""seats"":{""Seats - Indoor"":136},""total_seats"":136}",City of Melbourne,com:food:105747:acbd7b39527069b1
food_venue,BBQ Brothers 10,"Shop 1-2, 589 Elizabeth Street MELBOURNE VIC 3000",-37.80460731,144.958123243,"{""census_year"":2024,""industry_code"":""4511"",""industry_description"":""Cafes and Restaurants"",""seats"":{""Seats - Indoor"":76,""Seats - Outdoor"":12},""total_seats"":88}",City of Melbourne,com:food:103244:ce3b4676c0993d41
food_venue,BBQ KING,"Shop 2, 280 King Street MELBOURNE VIC 3000",-37.81349786,144.954822177,"{""census_year"":2024,""industry_code"":""4511"",""industry_description"":""Cafes and Restaurants"",""seats"":{""Seats - Indoor"":130},""total_seats"":130}",City of Melbourne,com:food:105375:50a3e6d6807e02cf
food_venue,Bean Lab,Part Ground 174 Queen Street MELBOURNE VIC 3000,-37.81429326,144.960769849,"{""census_year"":2024,""industry_code"":""4512"",""industry_description"":""Takeaway Food Services"",""seats"":{""Seats - Indoor"":8,""Seats - Outdoor"":6},""total_seats"":14}",City of Melbourne,com:food:108106:66a38f642e8857bf
food_venue,BearBrass,"Shop 21 & 3A, Ground 3 Southgate Avenue SOUTHBANK VIC 3006",-37.82066924,144.966262253,"{""census_year"":2024,""industry_code"":""4511"",""industry_description"":""Cafes and Restaurants"",""seats"":{""Seats - Indoor"":96},""total_seats"":96}",City of Melbourne,com:food:110606:68d3235d95ddf533
food_venue,Bearded Brothers Espresso,342 Little Collins Street MELBOURNE VIC 3000,-37.81491502,144.962944195,"{""census_year"":2024,""industry_code"":""4512"",""industry_description"":""Takeaway Food Services"",""seats"":{""Seats - Outdoor"":8,""Seats - Indoor"":2},""total_seats"":10}",City of Melbourne,com:food:597186:9f3d64e7e68317eb
food_venue,Becco,Ground 11-25 Crossley Street MELBOURNE VIC 3000,-37.81143018,144.971014127,"{""census_year"":2024,""industry_code"":""4511"",""industry_description"":""Cafes and Restaurants"",""seats"":{""Seats - Indoor"":100,""Seats - Outdoor"":33},""total_seats"":133}",City of Melbourne,com:food:102268:3579c8c89d9d2e9c
food_venue,Beddgood & Co,137 Wellington Parade South EAST MELBOURNE VIC 3002,-37.81680765,144.979983698,"{""census_year"":2024,""industry_code"":""4511"",""industry_description"":""Cafes and Restaurants"",""seats"":{""Seats - Outdoor"":9,""Seats - Indoor"":41},""total_seats"":50}",City of Melbourne,com:food:109985:07b1c92a89b98035
food_venue,Beef Rice Noodle Bar,146 Exhibition Street MELBOURNE VIC 3000,-37.812234,144.970902899,"{""census_year"":2024,""industry_code"":""4511"",""industry_description"":""Cafes and Restaurants"",""seats"":{""Seats - Outdoor"":2,""Seats - Indoor"":16},""total_seats"":18}",City of Melbourne,com:food:101117:99759b54d612f489
food_venue,Beer De Luxe,"Tenancy 17 & 23, Lvls 1-2 Atrium Federation Square 2 Swanston Street MELBOURNE VIC 3000",-37.81784465,144.969917465,"{""census_year"":2024,""industry_code"":""4520"",""industry_description"":""Pubs, Taverns and Bars"",""seats"":{""Seats - Indoor"":200,""Seats - Outdoor"":400},""total_seats"":600}",City of Melbourne,com:food:578321:19eb8cd49eb608a6
food_venue,Belgian Beer Cafe Melbourne,5 Riverside Quay SOUTHBANK VIC 3006,-37.82166548,144.96456679,"{""census_year"":2024,""industry_code"":""4520"",""industry_description"":""Pubs, Taverns and Bars"",""seats"":{""Seats - Outdoor"":60,""Seats - Indoor"":150},""total_seats"":210}",City of Melbourne,com:food:559161:55a3e7fd9bf773c5
food_venue,Belle's Hot Chicken Galleria,147 Elizabeth Street MELBOURNE VIC 3000,-37.81491502,144.962944195,"{""census_year"":2024,""industry_code"":""4511"",""industry_description"":""Cafes and Restaurants"",""seats"":{""Seats - Indoor"":106},""total_seats"":106}",City of Melbourne,com:food:597186:d867ddc9d65827a6
food_venue,Bemil,256-258 Russell Street MELBOURNE VIC 3000,-37.81031177,144.967250843,"{""census_year"":2024,""industry_code"":""4511"",""industry_description"":""Cafes and Restaurants"",""seats"":{""Seats - Indoor"":53},""total_seats"":53}",City of Melbourne,com:food:108577:c7f5efb7c768ab66
food_venue,Bench Coffee Co Lt Colins,321 Little Collins Street MELBOURNE VIC 3000,-37.81528948,144.964225403,"{""census_year"":2024,""industry_code"":""4512"",""industry_description"":""Takeaway Food Services"",""seats"":{""Seats - Indoor"":8},""total_seats"":8}",City of Melbourne,com:food:105928:05e50a88ebe5079e
food_venue,Beneath Driver Lane,Basement 318 Little Bourke Street MELBOURNE VIC 3000,-37.81292437,144.963127568,"{""census_year"":2024,""industry_code"":""4520"",""industry_description"":""Pubs, Taverns and Bars"",""seats"":{""Seats - Indoor"":75},""total_seats"":75}",City of Melbourne,com:food:105875:b421b67deaf60b2a
food_venue,Benny's Bakery Cafe,"Tenancy 3, Ground 567 Collins Street MELBOURNE VIC 3000",-37.81902044,144.955727469,"{""census_year"":2024,""industry_code"":""4511"",""industry_description"":""Cafes and Restaurants"",""seats"":{""Seats - Indoor"":15,""Seats - Outdoor"":21},""total_seats"":36}",City of Melbourne,com:food:579252:30c32aa8d6b77149
food_venue,Benny's Bakery Cafe,"Shop N, 535 Little Lonsdale Street MELBOURNE VIC 3000",-37.8134766,144.956016924,"{""census_year"":2024,""industry_code"":""4511"",""industry_description"":""Cafes and Restaurants"",""seats"":{""Seats - Indoor"":12,""Seats - Outdoor"":12},""total_seats"":24}",City of Melbourne,com:food:110708:4f16d79922056d03
food_venue,Bentoman,3 Frederick Way MELBOURNE VIC 3000,-37.81015871,144.956601159,"{""census_year"":2024,""industry_code"":""4511"",""industry_description"":""Cafes and Restaurants"",""seats"":{""Seats - Indoor"":15},""total_seats"":15}",City of Melbourne,com:food:621414:8e7e1241f427308f
food_venue,Berth,"Restaurant 1, 45 Newquay Promenade DOCKLANDS VIC 3008",-37.81515588,144.941842104,"{""census_year"":2024,""industry_code"":""4511"",""industry_description"":""Cafes and Restaurants"",""seats"":{""Seats - Indoor"":190,""Seats - Outdoor"":110},""total_seats"":300}",City of Melbourne,com:food:573924:8f2def3ea0439f72
food_venue,Best tian shan,167 Grattan Street CARLTON VIC 3053,-37.80058304,144.963297148,"{""census_year"":2024,""industry_code"":""4511"",""industry_description"":""Cafes and Restaurants"",""seats"":{""Seats - Indoor"":80,""Seats - Outdoor"":12},""total_seats"":92}",City of Melbourne,com:food:104455:a191f85c45dfd0a1
food_venue,Betty's Burgers,97 Elizabeth Street MELBOURNE VIC 3000,-37.81592157,144.963497878,"{""census_year"":2024,""industry_code"":""4511"",""industry_description"":""Cafes and Restaurants"",""seats"":{""Seats - Indoor"":88},""total_seats"":88}",City of Melbourne,com:food:103176:ae4762cfc8504a22
food_venue,Bettys Burgers & Concrete Co. Exhibition Street,"Tenancy 2, Ground 222 Exhibition Street MELBOURNE VIC 3000",-37.81055707,144.97049616,"{""census_year"":2024,""industry_code"":""4511"",""industry_description"":""Cafes and Restaurants"",""seats"":{""Seats - Indoor"":65},""total_seats"":65}",City of Melbourne,com:food:103620:2a0bf9d925c3ed56
food_venue,Betwixt Cafe & Bar,"Part Building 877, 45 Sturt Street SOUTHBANK VIC 3006",-37.82519306,144.96754497,"{""census_year"":2024,""industry_code"":""4511"",""industry_description"":""Cafes and Restaurants"",""seats"":{""Seats - Outdoor"":53,""Seats - Indoor"":47},""total_seats"":100}",City of Melbourne,com:food:110738:57bcdfc3dffc4a80
food_venue,Bhoj On Docklands,"Tenancy 4-5, 54 Newquay Promenade DOCKLANDS VIC 3008",-37.81460532,144.941261396,"{""census_year"":2024,""industry_code"":""4511"",""industry_description"":""Cafes and Restaurants"",""seats"":{""Seats - Outdoor"":80,""Seats - Indoor"":110},""total_seats"":190}",City of Melbourne,com:food:560001:cf7d8b41f5ef35ca
food_venue,Biang Biang,Gnd & Bmt 255 Swanston Street MELBOURNE VIC 3000,-37.81216387,144.964672714,"{""census_year"":2024,""industry_code"":""4511"",""industry_description"":""Cafes and Restaurants"",""seats"":{""Seats - Indoor"":65},""total_seats"":65}",City of Melbourne,com:food:109294:5e889bf193c078f8
food_venue,Biang Biang Elizabeth,419 Elizabeth Street MELBOURNE VIC 3000,-37.80911596,144.96048906,"{""census_year"":2024,""industry_code"":""4511"",""industry_description"":""Cafes and Restaurants"",""seats"":{""Seats - Indoor"":40,""Seats - Outdoor"":10},""total_seats"":50}",City of Melbourne,com:food:103220:86c76bb7de710961
food_venue,Big Aussie Burger,"Shop 2, Ground 50 Queen Street MELBOURNE VIC 3000",-37.81758572,144.962188519,"{""census_year"":2024,""industry_code"":""4511"",""industry_description"":""Cafes and Restaurants"",""seats"":{""Seats - Indoor"":27},""total_seats"":27}",City of Melbourne,com:food:108113:d4244e03519aa08a
food_venue,Big Bang Yogurt,"Unit 1, 605 Elizabeth Street MELBOURNE VIC 3000",-37.80418791,144.958025893,"{""census_year"":2024,""industry_code"":""4512"",""industry_description"":""Takeaway Food Services"",""seats"":{""Seats - Indoor"":20},""total_seats"":20}",City of Melbourne,com:food:103250:b6ea478df3853826
food_venue,Big Esso,"Tenancy 25, Yarra Building Federation Square 2 Swanston Street MELBOURNE VIC 3000",-37.81784465,144.969917465,"{""census_year"":2024,""industry_code"":""4511"",""industry_description"":""Cafes and Restaurants"",""seats"":{""Seats - Indoor"":65,""Seats - Outdoor"":100},""total_seats"":165}",City of Melbourne,com:food:578325:0e19a16ff1d8ec25
food_venue,Billy Barista,861 Bourke Street DOCKLANDS VIC 3008,-37.82059451,144.94250585,"{""census_year"":2024,""industry_code"":""4511"",""industry_description"":""Cafes and Restaurants"",""seats"":{""Seats - Indoor"":16,""Seats - Outdoor"":6},""total_seats"":22}",City of Melbourne,com:food:674536:d225083531600e67
food_venue,Billy's Central,"Shop 220A, Level 2 300 Lonsdale Street MELBOURNE VIC 3000",-37.81073331,144.963018917,"{""census_year"":2024,""industry_code"":""4511"",""industry_description"":""Cafes and Restaurants"",""seats"":{""Seats - Indoor"":36},""total_seats"":36}",City of Melbourne,com:food:105746:527c3e43f0f9421b
food_venue,Binary Cafe,Part Ground 101 Collins Street MELBOURNE VIC 3000,-37.81492031,144.970749785,"{""census_year"":2024,""industry_code"":""4511"",""industry_description"":""Cafes and Restaurants"",""seats"":{""Seats - Indoor"":60},""total_seats"":60}",City of Melbourne,com:food:102067:4eea6a8aadabfccd
food_venue,Bincho Boss,383-385 Little Bourke Street MELBOURNE VIC 3000,-37.81377588,144.961462944,"{""census_year"":2024,""industry_code"":""4511"",""industry_description"":""Cafes and Restaurants"",""seats"":{""Seats - Outdoor"":4,""Seats - Indoor"":60},""total_seats"":64}",City of Melbourne,com:food:105849:c9e17bbc7ff05d78
food_venue,Bing Chillin,"Shop 3, 398 Lonsdale Street MELBOURNE VIC 3000",-37.81240787,144.960530585,"{""census_year"":2024,""industry_code"":""4511"",""industry_description"":""Cafes and Restaurants"",""seats"":{""Seats - Indoor"":53},""total_seats"":53}",City of Melbourne,com:food:105738:5e2752dd9992b283
food_venue,Bingsoo,272B La Trobe Street MELBOURNE VIC 3000,-37.80994879,144.961747019,"{""census_year"":2024,""industry_code"":""4511"",""industry_description"":""Cafes and Restaurants"",""seats"":{""Seats - Indoor"":24},""total_seats"":24}",City of Melbourne,com:food:103308:1743101198456c62
food_venue,Bingsu Ya,"Stall 23, Shed F Queen Victoria Market 66 Peel Street MELBOURNE VIC 3000",-37.80765748,144.957205484,"{""census_year"":2024,""industry_code"":""4512"",""industry_description"":""Takeaway Food Services"",""seats"":{""Seats - Outdoor"":26},""total_seats"":26}",City of Melbourne,com:food:110679:b14aa080c5583137
food_venue,Biryani House,339 King Street WEST MELBOURNE VIC 3003,-37.81236188,144.953629457,"{""census_year"":2024,""industry_code"":""4511"",""industry_description"":""Cafes and Restaurants"",""seats"":{""Seats - Indoor"":42},""total_seats"":42}",City of Melbourne,com:food:598268:42f003b11d195d85
food_venue,Bistro De Paris,63 Errol Street NORTH MELBOURNE VIC 3051,-37.80360299,144.949205167,"{""census_year"":2024,""industry_code"":""4511"",""industry_description"":""Cafes and Restaurants"",""seats"":{""Seats - Outdoor"":10,""Seats - Indoor"":32},""total_seats"":42}",City of Melbourne,com:food:103413:d80f29e0d79e8a64
food_venue,Bistro Gitan,52W Toorak Road SOUTH YARRA VIC 3141,-37.83713808,144.979309745,"{""census_year"":2024,""industry_code"":""4511"",""industry_description"":""Cafes and Restaurants"",""seats"":{""Seats - Outdoor"":6,""Seats - Indoor"":74},""total_seats"":80}",City of Melbourne,com:food:109532:9e10d40a2738f8a9
food_venue,Bistro Guillaume,"Shop 10, Ground 8 Whiteman Street SOUTHBANK VIC 3006",-37.82312164,144.958660189,"{""census_year"":2024,""industry_code"":""4511"",""industry_description"":""Cafes and Restaurants"",""seats"":{""Seats - Outdoor"":35,""Seats - Indoor"":70},""total_seats"":105}",City of Melbourne,com:food:111175:95e7a8eb42176270
food_venue,Bistrot d'Orsay,184 Collins Street MELBOURNE VIC 3000,-37.81485585,144.967277747,"{""census_year"":2024,""industry_code"":""4511"",""industry_description"":""Cafes and Restaurants"",""seats"":{""Seats - Indoor"":50,""Seats - Outdoor"":12},""total_seats"":62}",City of Melbourne,com:food:102148:3c6e9c6d20e68d90
food_venue,Bito Beans,"Unit 10, 198 Harbour Esplanade DOCKLANDS VIC 3008",-37.81396231,144.944961198,"{""census_year"":2024,""industry_code"":""4511"",""industry_description"":""Cafes and Restaurants"",""seats"":{""Seats - Indoor"":10,""Seats - Outdoor"":8},""total_seats"":18}",City of Melbourne,com:food:609314:2e5c3546e91dc5c8
food_venue,Bitterjoy,13 Dhanga Djeembana Walk MELBOURNE VIC 3000,-37.80788769,144.958461316,"{""census_year"":2024,""industry_code"":""4512"",""industry_description"":""Takeaway Food Services"",""seats"":{""Seats - Outdoor"":9},""total_seats"":9}",City of Melbourne,com:food:109493:075b56407328f538
food_venue,BKK,Part Level 2 & Level 3 268-270 Lonsdale Street MELBOURNE VIC 3000,-37.81148546,144.96414534,"{""census_year"":2024,""industry_code"":""4511"",""industry_description"":""Cafes and Restaurants"",""seats"":{""Seats - Indoor"":56},""total_seats"":56}",City of Melbourne,com:food:105748:5598af947582622b
food_venue,Black Jack Cafe,"Unit 2, 1 Phillip Court PORT MELBOURNE VIC 3207",-37.82600955,144.920988022,"{""census_year"":2024,""industry_code"":""4511"",""industry_description"":""Cafes and Restaurants"",""seats"":{""Seats - Outdoor"":32,""Seats - Indoor"":30},""total_seats"":62}",City of Melbourne,com:food:602733:d482293d42d284a6
food_venue,Black Star Pastry,"Shop 4, 8 Driver Lane MELBOURNE VIC 3000",-37.81292437,144.963127568,"{""census_year"":2024,""industry_code"":""4512"",""industry_description"":""Takeaway Food Services"",""seats"":{""Seats - Indoor"":14},""total_seats"":14}",City of Melbourne,com:food:105875:0fdc328a806e8c39
food_venue,Black Velvet Espresso,Part Ground 136 Exhibition Street MELBOURNE VIC 3000,-37.81240259,144.971107523,"{""census_year"":2024,""industry_code"":""4512"",""industry_description"":""Takeaway Food Services"",""seats"":{""Seats - Indoor"":13},""total_seats"":13}",City of Melbourne,com:food:103623:fbf3fcf1799d84c5
food_venue,BlackBall at China Town,"Shop 8, Ground 206 Bourke Street MELBOURNE VIC 3000",-37.81259409,144.966876772,"{""census_year"":2024,""industry_code"":""4511"",""industry_description"":""Cafes and Restaurants"",""seats"":{""Seats - Indoor"":44,""Seats - Outdoor"":10},""total_seats"":54}",City of Melbourne,com:food:101202:95e6216c7f37040b
food_venue,Blahnik Corporate Catering,30 Equitable Place MELBOURNE VIC 3000,-37.81554941,144.963293794,"{""census_year"":2024,""industry_code"":""4511"",""industry_description"":""Cafes and Restaurants"",""seats"":{""Seats - Outdoor"":24,""Seats - Indoor"":70},""total_seats"":94}",City of Melbourne,com:food:105929:b71d32eae89f783c
food_venue,Blakeaway,"Shop 5E, 88 Flinders Lane MELBOURNE VIC 3000",-37.81492031,144.970749785,"{""census_year"":2024,""industry_code"":""4512"",""industry_description"":""Takeaway Food Services"",""seats"":{""Seats - Indoor"":15},""total_seats"":15}",City of Melbourne,com:food:102067:ca6c602ed10edd9d
food_venue,Blended Beard,"Shop 9A, 818 Bourke Street DOCKLANDS VIC 3008",-37.81927362,144.943968986,"{""census_year"":2024,""industry_code"":""4511"",""industry_description"":""Cafes and Restaurants"",""seats"":{""Seats - Outdoor"":19,""Seats - Indoor"":32},""total_seats"":51}",City of Melbourne,com:food:604124:d8aecef73bf93e82
food_venue,Blok M Express,380 Little Bourke Street MELBOURNE VIC 3000,-37.81354346,144.96132824,"{""census_year"":2024,""industry_code"":""4511"",""industry_description"":""Cafes and Restaurants"",""seats"":{""Seats - Indoor"":50},""total_seats"":50}",City of Melbourne,com:food:105870:4db1b6127f85836c
food_venue,Blondie Bar,Part 31 Sturt Street SOUTHBANK VIC 3006,-37.82413111,144.967877726,"{""census_year"":2024,""industry_code"":""4511"",""industry_description"":""Cafes and Restaurants"",""seats"":{""Seats - Indoor"":50,""Seats - Outdoor"":80},""total_seats"":130}",City of Melbourne,com:food:620270:e3e31d47bbdfbea0
food_venue,Blossom Espresso,"Shop 11R, 3 Freshwater Place SOUTHBANK VIC 3006",-37.82167833,144.962153946,"{""census_year"":2024,""industry_code"":""4511"",""industry_description"":""Cafes and Restaurants"",""seats"":{""Seats - Indoor"":26,""Seats - Outdoor"":10},""total_seats"":36}",City of Melbourne,com:food:575820:23e68522bdb5f2da
food_venue,BLUE DOORS,Ground 19 Somerset Place MELBOURNE VIC 3000,-37.81379747,144.962388635,"{""census_year"":2024,""industry_code"":""4511"",""industry_description"":""Cafes and Restaurants"",""seats"":{""Seats - Indoor"":34,""Seats - Outdoor"":8},""total_seats"":42}",City of Melbourne,com:food:108818:cfefb2cf36f90218
food_venue,Bluebag,"Part Ground, Bmt & Part Mezzanine 405-407 Collins Street MELBOURNE VIC 3000",-37.81745676,144.961113101,"{""census_year"":2024,""industry_code"":""4511"",""industry_description"":""Cafes and Restaurants"",""seats"":{""Seats - Indoor"":20,""Seats - Outdoor"":10},""total_seats"":30}",City of Melbourne,com:food:102096:c0d95864cac00958
food_venue,Bluebag,"Shop 11-11A, 36 Lonsdale Street MELBOURNE VIC 3000",-37.8091842,144.970732451,"{""census_year"":2024,""industry_code"":""4511"",""industry_description"":""Cafes and Restaurants"",""seats"":{""Seats - Indoor"":18,""Seats - Outdoor"":6},""total_seats"":24}",City of Melbourne,com:food:603923:fa155e9e0c23f45e
food_venue,Bluebag Fresh,"Shop 5, 699 Collins Street DOCKLANDS VIC 3008",-37.82019801,144.951576469,"{""census_year"":2024,""industry_code"":""4511"",""industry_description"":""Cafes and Restaurants"",""seats"":{""Seats - Indoor"":19},""total_seats"":19}",City of Melbourne,com:food:605910:538f2525405e12aa
food_venue,Bluestone Wine Lounge,Part Ground 495 Collins Street MELBOURNE VIC 3000,-37.81853877,144.958118475,"{""census_year"":2024,""industry_code"":""4520"",""industry_description"":""Pubs, Taverns and Bars"",""seats"":{""Seats - Indoor"":10},""total_seats"":10}",City of Melbourne,com:food:102103:0ae74553acccdda5
food_venue,Bluestones 520 Cafe,"Unit 3, Ground 520 Bourke Street MELBOURNE VIC 3000",-37.81527349,144.958386484,"{""census_year"":2024,""industry_code"":""4511"",""industry_description"":""Cafes and Restaurants"",""seats"":{""Seats - Indoor"":70,""Seats - Outdoor"":16},""total_seats"":86}",City of Melbourne,com:food:101175:cdbc527b5152b7cb
food_venue,Bluetrain,"Restaurant 3, Upper Lvl 3 Southgate Avenue SOUTHBANK VIC 3006",-37.82066924,144.966262253,"{""census_year"":2024,""industry_code"":""4511"",""industry_description"":""Cafes and Restaurants"",""seats"":{""Seats - Outdoor"":80,""Seats - Indoor"":180},""total_seats"":260}",City of Melbourne,com:food:110606:bbd29b5383263421
food_venue,Bobbie Peels,Sir Robert Peel Hotel 351-359 Queensberry Street NORTH MELBOURNE VIC 3051,-37.80395471,144.955953175,"{""census_year"":2024,""industry_code"":""4520"",""industry_description"":""Pubs, Taverns and Bars"",""seats"":{""Seats - Outdoor"":40,""Seats - Indoor"":70},""total_seats"":110}",City of Melbourne,com:food:107887:acf94b3f371647a2
food_venue,Bobbys Coffee & Bagels,Rear 57 Lonsdale Street MELBOURNE VIC 3000,-37.81005686,144.970714898,"{""census_year"":2024,""industry_code"":""4511"",""industry_description"":""Cafes and Restaurants"",""seats"":{""Seats - Outdoor"":16,""Seats - Indoor"":8},""total_seats"":24}",City of Melbourne,com:food:105672:cfccddab8f8e1937
food_venue,Bocca Foods,Shop 77 Story Street PARKVILLE VIC 3052,-37.79746671,144.956063257,"{""census_year"":2024,""industry_code"":""4511"",""industry_description"":""Cafes and Restaurants"",""seats"":{""Seats - Indoor"":50},""total_seats"":50}",City of Melbourne,com:food:109209:4a1043544e8b10fb
food_venue,Bodega Underground,"Shop 2, 47-55 Little Bourke Street MELBOURNE VIC 3000",-37.81101377,144.971109213,"{""census_year"":2024,""industry_code"":""4520"",""industry_description"":""Pubs, Taverns and Bars"",""seats"":{""Seats - Indoor"":80},""total_seats"":80}",City of Melbourne,com:food:105831:b00e2fdbdb77f17f
food_venue,Bohemian Wine Bar,Shop TG03 20 Convention Centre Place SOUTH WHARF VIC 3006,-37.82539976,144.952378154,"{""census_year"":2024,""industry_code"":""4511"",""industry_description"":""Cafes and Restaurants"",""seats"":{""Seats - Outdoor"":40,""Seats - Indoor"":85},""total_seats"":125}",City of Melbourne,com:food:110542:f73efab6346378ab
food_venue,Boilermaker House,209-211 Lonsdale Street MELBOURNE VIC 3000,-37.81143309,144.966260851,"{""census_year"":2024,""industry_code"":""4520"",""industry_description"":""Pubs, Taverns and Bars"",""seats"":{""Seats - Outdoor"":8},""total_seats"":8}",City of Melbourne,com:food:105691:2f366c450bce181c
food_venue,Boiling Crab Melbourne,Ground 4 Tattersalls Lane MELBOURNE VIC 3000,-37.81206133,144.9657704,"{""census_year"":2024,""industry_code"":""4511"",""industry_description"":""Cafes and Restaurants"",""seats"":{""Seats - Indoor"":180},""total_seats"":180}",City of Melbourne,com:food:109437:844e949a9af00eb1
food_venue,Bolte Cafe & Kebab,Part 816 Lorimer Street PORT MELBOURNE VIC 3207,-37.82210926,144.930953536,"{""census_year"":2024,""industry_code"":""4511"",""industry_description"":""Cafes and Restaurants"",""seats"":{""Seats - Outdoor"":24,""Seats - Indoor"":52},""total_seats"":76}",City of Melbourne,com:food:600431:937029291c40f4a8
food_venue,Bomba Tapas Bar and Rooftop,Ground & Rooftop 103 Lonsdale Street MELBOURNE VIC 3000,-37.81049305,144.969254088,"{""census_year"":2024,""industry_code"":""4511"",""industry_description"":""Cafes and Restaurants"",""seats"":{""Seats - Indoor"":118},""total_seats"":118}",City of Melbourne,com:food:105673:bcdc2935c57d1159
food_venue,Bombay Bar,"Shop 353, Level 3 287 Lonsdale Street MELBOURNE VIC 3000",-37.81245199,144.963838585,"{""census_year"":2024,""industry_code"":""4512"",""industry_description"":""Takeaway Food Services"",""seats"":{""Seats - Indoor"":10},""total_seats"":10}",City of Melbourne,com:food:105698:809a5fb36392f23e
food_venue,Bon Bon Boy - Spencer Street,"Shop 102T-103T, LwrGround 656 Little Bourke Street MELBOURNE VIC 3000",-37.81537494,144.953525588,"{""census_year"":2024,""industry_code"":""4511"",""industry_description"":""Cafes and Restaurants"",""seats"":{""Seats - Indoor"":80,""Seats - Outdoor"":20},""total_seats"":100}",City of Melbourne,com:food:641556:6f4fc491c2355375
food_venue,BondStore Cafe,Shop Ground 1 Riverside Quay SOUTHBANK VIC 3006,-37.82193588,144.963874356,"{""census_year"":2024,""industry_code"":""4511"",""industry_description"":""Cafes and Restaurants"",""seats"":{""Seats - Indoor"":60,""Seats - Outdoor"":14},""total_seats"":74}",City of Melbourne,com:food:110336:b87764566c244be0
food_venue,Bonnie & Duke Cafe,Part Ground 262 Lorimer Street PORT MELBOURNE VIC 3207,-37.82653298,144.905021319,"{""census_year"":2024,""industry_code"":""4511"",""industry_description"":""Cafes and Restaurants"",""seats"":{""Seats - Indoor"":40,""Seats - Outdoor"":8},""total_seats"":48}",City of Melbourne,com:food:589450:2b506c62792cce0c
food_venue,Boogie House Hotpot,"Part Unit 1, Ground 466 Swanston Street CARLTON VIC 3053",-37.8060084,144.963330013,"{""census_year"":2024,""industry_code"":""4511"",""industry_description"":""Cafes and Restaurants"",""seats"":{""Seats - Outdoor"":6,""Seats - Indoor"":48},""total_seats"":54}",City of Melbourne,com:food:109384:23e5d3fcc5311bff
food_venue,Books N Bites Cafe,Ground 224 Pelham Street MELBOURNE VIC 3000,-37.80169537,144.958328684,"{""census_year"":2024,""industry_code"":""4511"",""industry_description"":""Cafes and Restaurants"",""seats"":{""Seats - Indoor"":60,""Seats - Outdoor"":12},""total_seats"":72}",City of Melbourne,com:food:107548:6e9b3accc36e35c9
food_venue,Boost Juice,"Lot 920, 241 Flinders Street MELBOURNE VIC 3000",-37.81866337,144.965469605,"{""census_year"":2024,""industry_code"":""4129"",""industry_description"":""Other Specialised Food Retailing"",""seats"":{""Seats - Outdoor"":4},""total_seats"":4}",City of Melbourne,com:food:104034:d3312c0ee8b29ec6
food_venue,Bornga Melbourne,Level 1 178-190 Little Bourke Street MELBOURNE VIC 3000,-37.81186912,144.966941928,"{""census_year"":2024,""industry_code"":""4511"",""industry_description"":""Cafes and Restaurants"",""seats"":{""Seats - Indoor"":110},""total_seats"":110}",City of Melbourne,com:food:105889:1c4e4d39f50f5156
food_venue,Boss D,"Unit 2, Ground 407 Swanston Street MELBOURNE VIC 3000",-37.80895593,144.96317964,"{""census_year"":2024,""industry_code"":""4511"",""industry_description"":""Cafes and Restaurants"",""seats"":{""Seats - Indoor"":110},""total_seats"":110}",City of Melbourne,com:food:109315:477aca9d163fff06
food_venue,Bossa Nova Coffee And Friends,156 Elgin Street CARLTON VIC 3053,-37.79713752,144.969391732,"{""census_year"":2024,""industry_code"":""4511"",""industry_description"":""Cafes and Restaurants"",""seats"":{""Seats - Outdoor"":10,""Seats - Indoor"":25},""total_seats"":35}",City of Melbourne,com:food:103142:bd93dbb1cf795197
food_venue,Bossley Bar & Restaurant,Part Ground 174-192 Exhibition Street MELBOURNE VIC 3000,-37.81121462,144.970645342,"{""census_year"":2024,""industry_code"":""4511"",""industry_description"":""Cafes and Restaurants"",""seats"":{""Seats - Outdoor"":40,""Seats - Indoor"":172},""total_seats"":212}",City of Melbourne,com:food:103621:b1b4d0cbcc2bf6b8
food_venue,Bossy Beans,160-162 Rathdowne Street CARLTON VIC 3053,-37.79553609,144.971123092,"{""census_year"":2024,""industry_code"":""4511"",""industry_description"":""Cafes and Restaurants"",""seats"":{""Seats - Outdoor"":12,""Seats - Indoor"":35},""total_seats"":47}",City of Melbourne,com:food:108236:1ca1aca38d934ac9
food_venue,Botanical Hotel,169 Domain Road SOUTH YARRA VIC 3141,-37.83431735,144.981699536,"{""census_year"":2024,""industry_code"":""4511"",""industry_description"":""Cafes and Restaurants"",""seats"":{""Seats - Indoor"":150,""Seats - Outdoor"":50},""total_seats"":200}",City of Melbourne,com:food:102503:5b54fdb25524e0ad
food_venue,Bottega Restaurant,72-74 Bourke Street MELBOURNE VIC 3000,-37.81168307,144.971007419,"{""census_year"":2024,""industry_code"":""4511"",""industry_description"":""Cafes and Restaurants"",""seats"":{""Seats - Indoor"":130,""Seats - Outdoor"":22},""total_seats"":152}",City of Melbourne,com:food:101226:ec0905449c74cd41
food_venue,Bowery To Williamsburg,12 Oliver Lane MELBOURNE VIC 3000,-37.8161284,144.970291127,"{""census_year"":2024,""industry_code"":""4511"",""industry_description"":""Cafes and Restaurants"",""seats"":{""Seats - Outdoor"":20,""Seats - Indoor"":20},""total_seats"":40}",City of Melbourne,com:food:107003:f28a63284bb7e096
food_venue,Bowls Baby,97 Little Collins Street MELBOURNE VIC 3000,-37.81360963,144.970722603,"{""census_year"":2024,""industry_code"":""4511"",""industry_description"":""Cafes and Restaurants"",""seats"":{""Seats - Outdoor"":20,""Seats - Indoor"":3},""total_seats"":23}",City of Melbourne,com:food:709873:e2bfb42a3367530f
food_venue,Bowltiful Halal Lanzhou Noodles,Ground 382-384 Elizabeth Street MELBOURNE VIC 3000,-37.80977164,144.961451491,"{""census_year"":2024,""industry_code"":""4511"",""industry_description"":""Cafes and Restaurants"",""seats"":{""Seats - Indoor"":60},""total_seats"":60}",City of Melbourne,com:food:103306:2e884375eed13eaa
food_venue,Bowltiful Lanzhou Beef Noodles,249 Swanston Street MELBOURNE VIC 3000,-37.81230108,144.964736445,"{""census_year"":2024,""industry_code"":""4511"",""industry_description"":""Cafes and Restaurants"",""seats"":{""Seats - Indoor"":60},""total_seats"":60}",City of Melbourne,com:food:109292:82ecb2b8ca028260
food_venue,Box Seafood Restaurant,189 Collins Street MELBOURNE VIC 3000,-37.81546677,144.967706535,"{""census_year"":2024,""industry_code"":""4511"",""industry_description"":""Cafes and Restaurants"",""seats"":{""Seats - Indoor"":80,""Seats - Outdoor"":20},""total_seats"":100}",City of Melbourne,com:food:102078:921cc3e9d9f33daf
food_venue,Breadtop,Ground 55 Elizabeth Street MELBOURNE VIC 3000,-37.81697242,144.96413014,"{""census_year"":2024,""industry_code"":""1174"",""industry_description"":""Bakery Product Manufacturing (Non-factory based)"",""seats"":{""Seats - Indoor"":12},""total_seats"":12}",City of Melbourne,com:food:103174:36fdc2fac1b2eba5
food_venue,Breadtop Bakery,41 QV Urban Market MELBOURNE VIC 3000,-37.810658,144.965703374,"{""census_year"":2024,""industry_code"":""1174"",""industry_description"":""Bakery Product Manufacturing (Non-factory based)"",""seats"":{""Seats - Indoor"":20},""total_seats"":20}",City of Melbourne,com:food:589841:8398d6f9a6c674cf
food_venue,Breslin Bar And Grill,Part Ground 1 Southbank Boulevard SOUTHBANK VIC 3006,-37.82104029,144.962891358,"{""census_year"":2024,""industry_code"":""4511"",""industry_description"":""Cafes and Restaurants"",""seats"":{""Seats - Indoor"":100,""Seats - Outdoor"":100},""total_seats"":200}",City of Melbourne,com:food:110335:7be3fc3cb84ce176
food_venue,Brewtech,36 Stubbs Street KENSINGTON VIC 3031,-37.79000411,144.935277724,"{""census_year"":2024,""industry_code"":""4511"",""industry_description"":""Cafes and Restaurants"",""seats"":{""Seats - Indoor"":24},""total_seats"":24}",City of Melbourne,com:food:615050:6381cd71265e4edb
food_venue,Brick Lane Cafe,Ground 33 Guildford Lane MELBOURNE VIC 3000,-37.81146107,144.959861129,"{""census_year"":2024,""industry_code"":""4511"",""industry_description"":""Cafes and Restaurants"",""seats"":{""Seats - Indoor"":50,""Seats - Outdoor"":5},""total_seats"":55}",City of Melbourne,com:food:104560:1d5b305be9d730b9
food_venue,Brightside Bagels,612 Bourke Street MELBOURNE VIC 3000,-37.81622847,144.955325332,"{""census_year"":2024,""industry_code"":""4511"",""industry_description"":""Cafes and Restaurants"",""seats"":{""Seats - Indoor"":20},""total_seats"":20}",City of Melbourne,com:food:101171:c9811be599caa426
food_venue,Brim CC,"Unit 38A, Ground 601 Little Collins Street MELBOURNE VIC 3000",-37.81802782,144.954905366,"{""census_year"":2024,""industry_code"":""4511"",""industry_description"":""Cafes and Restaurants"",""seats"":{""Seats - Outdoor"":12,""Seats - Indoor"":18},""total_seats"":30}",City of Melbourne,com:food:105945:86716efd0de8e07a
food_venue,Brioche by Philip,500 Little Collins Street MELBOURNE VIC 3000,-37.81636534,144.957813206,"{""census_year"":2024,""industry_code"":""4511"",""industry_description"":""Cafes and Restaurants"",""seats"":{""Seats - Indoor"":25,""Seats - Outdoor"":4},""total_seats"":29}",City of Melbourne,com:food:110095:b6691ca43485a408
food_venue,Brioche by Philip,"Shop 1, Ground 114 Russell Street MELBOURNE VIC 3000",-37.81350285,144.968975222,"{""census_year"":2024,""industry_code"":""4512"",""industry_description"":""Takeaway Food Services"",""seats"":{""Seats - Indoor"":4,""Seats - Outdoor"":4},""total_seats"":8}",City of Melbourne,com:food:108591:0e562931107747d6
food_venue,Briscola Cafe,Ground 157 Pelham Street CARLTON VIC 3053,-37.80242146,144.96133522,"{""census_year"":2024,""industry_code"":""4511"",""industry_description"":""Cafes and Restaurants"",""seats"":{""Seats - Indoor"":15,""Seats - Outdoor"":20},""total_seats"":35}",City of Melbourne,com:food:525992:96474f9afea9efbd
food_venue,Broad Bean Organic Grocer,26 Fanning Street SOUTHBANK VIC 3006,-37.82241845,144.966605453,"{""census_year"":2024,""industry_code"":""4122"",""industry_description"":""Fruit and Vegetable Retailing"",""seats"":{""Seats - Indoor"":10,""Seats - Outdoor"":10},""total_seats"":20}",City of Melbourne,com:food:110413:304c9af2a75f6d12
food_venue,Bros Sushi,Shop 2A & 2B Ground 242 Exhibition Street MELBOURNE VIC 3000,-37.80941489,144.969975609,"{""census_year"":2024,""industry_code"":""4512"",""industry_description"":""Takeaway Food Services"",""seats"":{""Seats - Indoor"":12},""total_seats"":12}",City of Melbourne,com:food:103618:a9bcd8daa6e9f8e8
food_venue,Brother Baba Budan,359 Little Bourke Street MELBOURNE VIC 3000,-37.81353263,144.962170953,"{""census_year"":2024,""industry_code"":""4511"",""industry_description"":""Cafes and Restaurants"",""seats"":{""Seats - Outdoor"":16,""Seats - Indoor"":16},""total_seats"":32}",City of Melbourne,com:food:105843:753b4b5147fc5dbc
food_venue,Brotherhood Cafe,43 Caravel Lane DOCKLANDS VIC 3008,-37.8149263,144.940659333,"{""census_year"":2024,""industry_code"":""4511"",""industry_description"":""Cafes and Restaurants"",""seats"":{""Seats - Outdoor"":24,""Seats - Indoor"":26},""total_seats"":50}",City of Melbourne,com:food:573327:1dc9931de00a9a2b
food_venue,Brothers & Co,"Shop 8, 364 Little Collins Street MELBOURNE VIC 3000",-37.81510975,144.962207824,"{""census_year"":2024,""industry_code"":""4511"",""industry_description"":""Cafes and Restaurants"",""seats"":{""Seats - Indoor"":50},""total_seats"":50}",City of Melbourne,com:food:101147:cb6b9a120bed5802
food_venue,Brown Bagels,"Shop 10, 1-15 Equitable Place MELBOURNE VIC 3000",-37.81611255,144.96334329,"{""census_year"":2024,""industry_code"":""4512"",""industry_description"":""Takeaway Food Services"",""seats"":{""Seats - Indoor"":8,""Seats - Outdoor"":12},""total_seats"":20}",City of Melbourne,com:food:102137:06a836ea6ee1e397
food_venue,Brunetti Classico Carlton,"Shop 17-18, 368-384 Lygon Street CARLTON VIC 3053",-37.79803089,144.968178866,"{""census_year"":2024,""industry_code"":""4511"",""industry_description"":""Cafes and Restaurants"",""seats"":{""Seats - Indoor"":300,""Seats - Outdoor"":100},""total_seats"":400}",City of Melbourne,com:food:106193:830a529614775a6b
food_venue,Brunetti Myer Melbourne,Part Level 3 314-336 Bourke Street MELBOURNE VIC 3000,-37.81344503,144.963829469,"{""census_year"":2024,""industry_code"":""4511"",""industry_description"":""Cafes and Restaurants"",""seats"":{""Seats - Indoor"":99},""total_seats"":99}",City of Melbourne,com:food:101194:259318dafaf019ba
food_venue,Brunetti Oro Flinders Lane,Ground 250 Flinders Lane MELBOURNE VIC 3000,-37.81635062,144.965651032,"{""census_year"":2024,""industry_code"":""4511"",""industry_description"":""Cafes and Restaurants"",""seats"":{""Seats - Indoor"":300,""Seats - Outdoor"":20},""total_seats"":320}",City of Melbourne,com:food:102083:0c9dff9fefbdf3ae
food_venue,Bruno's,Shop 3 Concourse 720 Bourke Street DOCKLANDS VIC 3008,-37.81792089,144.949017581,"{""census_year"":2024,""industry_code"":""4511"",""industry_description"":""Cafes and Restaurants"",""seats"":{""Seats - Indoor"":23},""total_seats"":23}",City of Melbourne,com:food:632898:1bff64da9d1747ca
food_venue,Bullrun on Bourke,Ground 107 Flinders Lane MELBOURNE VIC 3000,-37.81560645,144.970834339,"{""census_year"":2024,""industry_code"":""4511"",""industry_description"":""Cafes and Restaurants"",""seats"":{""Seats - Indoor"":110,""Seats - Outdoor"":8},""total_seats"":118}",City of Melbourne,com:food:103924:9dd6a73712e8df24
food_venue,BUNTY'S KITCHEN,"Shop 4, 165 Kings Way SOUTHBANK VIC 3006",-37.82864999,144.963860787,"{""census_year"":2024,""industry_code"":""4512"",""industry_description"":""Takeaway Food Services"",""seats"":{""Seats - Indoor"":7},""total_seats"":7}",City of Melbourne,com:food:110443:6bffc2b70c45d3d1
food_venue,Burgertory,248 City Road SOUTHBANK VIC 3006,-37.82570623,144.959652624,"{""census_year"":2024,""industry_code"":""4511"",""industry_description"":""Cafes and Restaurants"",""seats"":{""Seats - Indoor"":27},""total_seats"":27}",City of Melbourne,com:food:110387:908dc337ef7143c3
food_venue,Butcher Shop Cafe,72 Hawke Street WEST MELBOURNE VIC 3003,-37.8080043,144.945577948,"{""census_year"":2024,""industry_code"":""4511"",""industry_description"":""Cafes and Restaurants"",""seats"":{""Seats - Outdoor"":8,""Seats - Indoor"":10},""total_seats"":18}",City of Melbourne,com:food:104762:d19406a5d1d8b4c6
food_venue,Buza Chicken,"Shop 317, Level 3 300 Lonsdale Street MELBOURNE VIC 3000",-37.81073331,144.963018917,"{""census_year"":2024,""industry_code"":""4511"",""industry_description"":""Cafes and Restaurants"",""seats"":{""Seats - Indoor"":121},""total_seats"":121}",City of Melbourne,com:food:105746:40b7d21c104ff36b
food_venue,Buza Chicken,"Shop 3, Ground 365 Queen Street MELBOURNE VIC 3000",-37.80988001,144.957993288,"{""census_year"":2024,""industry_code"":""4511"",""industry_description"":""Cafes and Restaurants"",""seats"":{""Seats - Indoor"":50},""total_seats"":50}",City of Melbourne,com:food:108084:33570c29e526062f
food_venue,By Korea,"Unit 1, Ground 15 Tattersalls Lane MELBOURNE VIC 3000",-37.81213633,144.96560295,"{""census_year"":2024,""industry_code"":""4511"",""industry_description"":""Cafes and Restaurants"",""seats"":{""Seats - Indoor"":45},""total_seats"":45}",City of Melbourne,com:food:105878:c47a7df5db6f2409
food_venue,Byblos Bar & Restaurant,"Shop 12, Ground 18-38 Siddeley Street DOCKLANDS VIC 3008",-37.82273183,144.953818379,"{""census_year"":2024,""industry_code"":""4511"",""industry_description"":""Cafes and Restaurants"",""seats"":{""Seats - Indoor"":200,""Seats - Outdoor"":80},""total_seats"":280}",City of Melbourne,com:food:103978:7691a8cead0476c7
food_venue,Byeok Dol,105 Little Bourke Street MELBOURNE VIC 3000,-37.81146308,144.969339824,"{""census_year"":2024,""industry_code"":""4511"",""industry_description"":""Cafes and Restaurants"",""seats"":{""Seats - Indoor"":90},""total_seats"":90}",City of Melbourne,com:food:105832:7a33ddbe3d5b7a02
food_venue,Byrdi,"Shop 75, Ground 300 Lonsdale Street MELBOURNE VIC 3000",-37.81073331,144.963018917,"{""census_year"":2024,""industry_code"":""4511"",""industry_description"":""Cafes and Restaurants"",""seats"":{""Seats - Indoor"":62},""total_seats"":62}",City of Melbourne,com:food:105746:2914cacd7563639a
food_venue,C9 Chocolate & Gelato Swanston,"397-397A, Swanston Street MELBOURNE VIC 3000",-37.80928251,144.963253447,"{""census_year"":2024,""industry_code"":""4512"",""industry_description"":""Takeaway Food Services"",""seats"":{""Seats - Indoor"":4},""total_seats"":4}",City of Melbourne,com:food:109313:fe44b6592974842e
food_venue,Ca De Vin,Shop G29-G30 338-352 Bourke Street MELBOURNE VIC 3000,-37.81360425,144.963287893,"{""census_year"":2024,""industry_code"":""4511"",""industry_description"":""Cafes and Restaurants"",""seats"":{""Seats - Outdoor"":90},""total_seats"":90}",City of Melbourne,com:food:101193:815ca26326bc8d79
food_venue,Ca Fe In Melbourne,Part Ground 575 Bourke Street MELBOURNE VIC 3000,-37.81651426,144.956668779,"{""census_year"":2024,""industry_code"":""4511"",""industry_description"":""Cafes and Restaurants"",""seats"":{""Seats - Indoor"":8,""Seats - Outdoor"":12},""total_seats"":20}",City of Melbourne,com:food:101158:909484e8658c2a90
food_venue,Cafe 1565,3 Gower Street KENSINGTON VIC 3031,-37.79470942,144.930071271,"{""census_year"":2024,""industry_code"":""4512"",""industry_description"":""Takeaway Food Services"",""seats"":{""Seats - Indoor"":20},""total_seats"":20}",City of Melbourne,com:food:104380:4adefcda3ccf96ed
food_venue,Cafe Alfretti,Part Ground 99 Commercial Road MELBOURNE VIC 3004,-37.84633593,144.982663953,"{""census_year"":2024,""industry_code"":""4511"",""industry_description"":""Cafes and Restaurants"",""seats"":{""Seats - Indoor"":40,""Seats - Outdoor"":50},""total_seats"":90}",City of Melbourne,com:food:102178:e4828e89dcce384f
food_venue,Cafe Andiamo,36-38 Degraves Street MELBOURNE VIC 3000,-37.81706291,144.965902771,"{""census_year"":2024,""industry_code"":""4511"",""industry_description"":""Cafes and Restaurants"",""seats"":{""Seats - Outdoor"":68,""Seats - Indoor"":44},""total_seats"":112}",City of Melbourne,com:food:103942:a8de2f51ffd3f855
food_venue,Cafe Belt Melbourne,250A Queen Street MELBOURNE VIC 3000,-37.81269017,144.959964015,"{""census_year"":2024,""industry_code"":""4511"",""industry_description"":""Cafes and Restaurants"",""seats"":{""Seats - Indoor"":18},""total_seats"":18}",City of Melbourne,com:food:108103:94c4c875cee21da0
food_venue,Cafe Bourgeois,Lobby 380 Docklands Drive DOCKLANDS VIC 3008,-37.81308482,144.941196687,"{""census_year"":2024,""industry_code"":""4511"",""industry_description"":""Cafes and Restaurants"",""seats"":{""Seats - Outdoor"":16,""Seats - Indoor"":50},""total_seats"":66}",City of Melbourne,com:food:618854:c7c317740ca3c622
food_venue,Cafe Brown Sugar,25 Block Place MELBOURNE VIC 3000,-37.81528948,144.964225403,"{""census_year"":2024,""industry_code"":""4511"",""industry_description"":""Cafes and Restaurants"",""seats"":{""Seats - Outdoor"":12,""Seats - Indoor"":30},""total_seats"":42}",City of Melbourne,com:food:105928:b52da2fd5c740069
food_venue,Cafe Cavallino,Gnd & Flr1 181-183 Lygon Street CARLTON VIC 3053,-37.80144374,144.966496703,"{""census_year"":2024,""industry_code"":""4511"",""industry_description"":""Cafes and Restaurants"",""seats"":{""Seats - Indoor"":100,""Seats - Outdoor"":88},""total_seats"":188}",City of Melbourne,com:food:106105:61b9cac7398e94a5
food_venue,Cafe Chokolait,"Shop 8-9, 318-322 Little Collins Street MELBOURNE VIC 3000",-37.81488174,144.964012048,"{""census_year"":2024,""industry_code"":""4511"",""industry_description"":""Cafes and Restaurants"",""seats"":{""Seats - Indoor"":20,""Seats - Outdoor"":18},""total_seats"":38}",City of Melbourne,com:food:105960:6064339ef3e5cbc1
food_venue,Cafe Commercio,Part Ground 156-180 Berkeley Street CARLTON VIC 3053,-37.80155731,144.958820263,"{""census_year"":2024,""industry_code"":""4511"",""industry_description"":""Cafes and Restaurants"",""seats"":{""Seats - Outdoor"":20,""Seats - Indoor"":115},""total_seats"":135}",City of Melbourne,com:food:107550:0545f58a23c55282
food_venue,Cafe Corretto,227 Lygon Street CARLTON VIC 3053,-37.80004558,144.966741006,"{""census_year"":2024,""industry_code"":""4511"",""industry_description"":""Cafes and Restaurants"",""seats"":{""Seats - Outdoor"":30,""Seats - Indoor"":150},""total_seats"":180}",City of Melbourne,com:food:106120:3bc5197153472fa1
food_venue,Cafe Court,536 Lonsdale Street MELBOURNE VIC 3000,-37.81365662,144.956421679,"{""census_year"":2024,""industry_code"":""4511"",""industry_description"":""Cafes and Restaurants"",""seats"":{""Seats - Indoor"":30,""Seats - Outdoor"":12},""total_seats"":42}",City of Melbourne,com:food:105727:7502704866fa17f2
food_venue,Cafe D Hong Kong,29-31 QV Square MELBOURNE VIC 3000,-37.810658,144.965703374,"{""census_year"":2024,""industry_code"":""4511"",""industry_description"":""Cafes and Restaurants"",""seats"":{""Seats - Indoor"":60,""Seats - Outdoor"":32},""total_seats"":92}",City of Melbourne,com:food:589841:2e4543114a0c0179
food_venue,Cafe Ecco,Part Gnd & Mezz 8 Nicholson Street EAST MELBOURNE VIC 3002,-37.80849653,144.973619012,"{""census_year"":2024,""industry_code"":""4511"",""industry_description"":""Cafes and Restaurants"",""seats"":{""Seats - Indoor"":200,""Seats - Outdoor"":24},""total_seats"":224}",City of Melbourne,com:food:106981:1c2f1cf6dd6ff871
food_venue,Cafe Ella,Part Ground 553 St Kilda Road MELBOURNE VIC 3004,-37.84685298,144.980378149,"{""census_year"":2024,""industry_code"":""4511"",""industry_description"":""Cafes and Restaurants"",""seats"":{""Seats - Indoor"":87,""Seats - Outdoor"":43},""total_seats"":130}",City of Melbourne,com:food:108650:bdccc7c8ff644933
food_venue,Cafe Excello,Ground 1-3 Little Collins Street MELBOURNE VIC 3000,-37.81260038,144.973183613,"{""census_year"":2024,""industry_code"":""4511"",""industry_description"":""Cafes and Restaurants"",""seats"":{""Seats - Outdoor"":28,""Seats - Indoor"":30},""total_seats"":58}",City of Melbourne,com:food:108982:e437d0772a7f3f9e
food_venue,Cafe Felice,Part Ground 461 Bourke Street MELBOURNE VIC 3000,-37.81547268,144.96018858,"{""census_year"":2024,""industry_code"":""4511"",""industry_description"":""Cafes and Restaurants"",""seats"":{""Seats - Indoor"":14,""Seats - Outdoor"":40},""total_seats"":54}",City of Melbourne,com:food:101152:59d9be3e9eee5384
food_venue,Cafe Gilli,76 Therry Street MELBOURNE VIC 3000,-37.80765748,144.957205484,"{""census_year"":2024,""industry_code"":""4511"",""industry_description"":""Cafes and Restaurants"",""seats"":{""Seats - Outdoor"":40},""total_seats"":40}",City of Melbourne,com:food:580058:519e6fd6478fcb82
food_venue,Cafe Godot,"Suite 2A, 152 Sturt Street SOUTHBANK VIC 3006",-37.82539902,144.966071447,"{""census_year"":2024,""industry_code"":""4511"",""industry_description"":""Cafes and Restaurants"",""seats"":{""Seats - Indoor"":20},""total_seats"":20}",City of Melbourne,com:food:110622:461a964edb2a956f
food_venue,Cafe Issus,8-10 Centre Place MELBOURNE VIC 3000,-37.8166033,144.965596537,"{""census_year"":2024,""industry_code"":""4511"",""industry_description"":""Cafes and Restaurants"",""seats"":{""Seats - Outdoor"":12,""Seats - Indoor"":40},""total_seats"":52}",City of Melbourne,com:food:101789:92441cf9c1eb65e9
food_venue,Cafe Kinetic,Ground 103 Flinders Lane MELBOURNE VIC 3000,-37.81556733,144.970964282,"{""census_year"":2024,""industry_code"":""4511"",""industry_description"":""Cafes and Restaurants"",""seats"":{""Seats - Indoor"":115,""Seats - Outdoor"":21},""total_seats"":136}",City of Melbourne,com:food:103923:b010b42b3a24944e
food_venue,Cafe La Colline,13-15 Commercial Road MELBOURNE VIC 3004,-37.8455379,144.979819038,"{""census_year"":2024,""industry_code"":""4511"",""industry_description"":""Cafes and Restaurants"",""seats"":{""Seats - Indoor"":16,""Seats - Outdoor"":22},""total_seats"":38}",City of Melbourne,com:food:108646:a3b3f6f625bfccda
food_venue,Cafe La Kiss,1 Batmans Hill Drive DOCKLANDS VIC 3008,-37.82183078,144.948472468,"{""census_year"":2024,""industry_code"":""4511"",""industry_description"":""Cafes and Restaurants"",""seats"":{""Seats - Indoor"":71,""Seats - Outdoor"":32},""total_seats"":103}",City of Melbourne,com:food:602858:971e688040ca5e6f
food_venue,CAFE ON O'CONNELL PTY LTD,"Unit 30, Ground 1 O'Connell Street NORTH MELBOURNE VIC 3051",-37.80573205,144.958001458,"{""census_year"":2024,""industry_code"":""4512"",""industry_description"":""Takeaway Food Services"",""seats"":{""Seats - Indoor"":10},""total_seats"":10}",City of Melbourne,com:food:573297:3cb223ebf92df088
food_venue,Cafe Orr,Part 2 Convention Centre Place SOUTH WHARF VIC 3006,-37.82539976,144.952378154,"{""census_year"":2024,""industry_code"":""4511"",""industry_description"":""Cafes and Restaurants"",""seats"":{""Seats - Outdoor"":8,""Seats - Indoor"":54},""total_seats"":62}",City of Melbourne,com:food:623559:1f06feb37bcceed2
food_venue,Cafe Piccolina,52 Morrah Street PARKVILLE VIC 3052,-37.79525038,144.9556719,"{""census_year"":2024,""industry_code"":""4511"",""industry_description"":""Cafes and Restaurants"",""seats"":{""Seats - Indoor"":20,""Seats - Outdoor"":28},""total_seats"":48}",City of Melbourne,com:food:106772:edb72544e4ed0423
food_venue,Cafe Segovia,33 Block Place MELBOURNE VIC 3000,-37.81528948,144.964225403,"{""census_year"":2024,""industry_code"":""4511"",""industry_description"":""Cafes and Restaurants"",""seats"":{""Seats - Outdoor"":8,""Seats - Indoor"":10},""total_seats"":18}",City of Melbourne,com:food:105928:8657ce5b756a4fe8
food_venue,Cafe Tre Sette,"Unit 1, Ground 139 Bouverie Street CARLTON VIC 3053",-37.80322367,144.961699343,"{""census_year"":2024,""industry_code"":""4511"",""industry_description"":""Cafes and Restaurants"",""seats"":{""Seats - Indoor"":42,""Seats - Outdoor"":24},""total_seats"":66}",City of Melbourne,com:food:101248:632133da76307507
food_venue,Cafe Vicolino,Shop 17 & 19 Centre Place MELBOURNE VIC 3000,-37.81664468,144.965474376,"{""census_year"":2024,""industry_code"":""4511"",""industry_description"":""Cafes and Restaurants"",""seats"":{""Seats - Indoor"":44,""Seats - Outdoor"":24},""total_seats"":68}",City of Melbourne,com:food:101788:82057714a67ba8a1
food_venue,Cafe Victoria,517 Elizabeth Street MELBOURNE VIC 3000,-37.80765748,144.957205484,"{""census_year"":2024,""industry_code"":""4511"",""industry_description"":""Cafes and Restaurants"",""seats"":{""Seats - Indoor"":38,""Seats - Outdoor"":24},""total_seats"":62}",City of Melbourne,com:food:110690:71d14027f66b3c50
food_venue,Cafenatics,Part Ground 414 La Trobe Street MELBOURNE VIC 3000,-37.81123723,144.957113997,"{""census_year"":2024,""industry_code"":""4511"",""industry_description"":""Cafes and Restaurants"",""seats"":{""Seats - Indoor"":38,""Seats - Outdoor"":8},""total_seats"":46}",City of Melbourne,com:food:105473:9fb85577b5b6e8a7
food_venue,Cafenatics,"Shop 1, Level 1 990 La Trobe Street DOCKLANDS VIC 3008",-37.81384278,144.94676167,"{""census_year"":2024,""industry_code"":""4511"",""industry_description"":""Cafes and Restaurants"",""seats"":{""Seats - Indoor"":96},""total_seats"":96}",City of Melbourne,com:food:631646:418572670e508242
food_venue,Cafenatics,"Shop 8, 162 Collins Street MELBOURNE VIC 3000",-37.81450301,144.967847532,"{""census_year"":2024,""industry_code"":""4512"",""industry_description"":""Takeaway Food Services"",""seats"":{""Seats - Outdoor"":2,""Seats - Indoor"":20},""total_seats"":22}",City of Melbourne,com:food:102152:90d583efdb1f097f
food_venue,Cafenatics Forte,809 Bourke Street DOCKLANDS VIC 3008,-37.81970478,144.945066127,"{""census_year"":2024,""industry_code"":""4511"",""industry_description"":""Cafes and Restaurants"",""seats"":{""Seats - Outdoor"":16,""Seats - Indoor"":24},""total_seats"":40}",City of Melbourne,com:food:631080:392e5487be84ac2e
food_venue,Caffe Bambino Docklands,1 Buckley Walk DOCKLANDS VIC 3008,-37.81993674,144.944683539,"{""census_year"":2024,""industry_code"":""4511"",""industry_description"":""Cafes and Restaurants"",""seats"":{""Seats - Outdoor"":22},""total_seats"":22}",City of Melbourne,com:food:611366:6208720a2facabfc
food_venue,Caffe E Torta,314 Little Collins Street MELBOURNE VIC 3000,-37.81458812,144.96404895,"{""census_year"":2024,""industry_code"":""4511"",""industry_description"":""Cafes and Restaurants"",""seats"":{""Seats - Indoor"":28,""Seats - Outdoor"":28},""total_seats"":56}",City of Melbourne,com:food:101144:ff2df65dca3e5737
food_venue,Caffe Esc,"Shop 1P, 833 Collins Street DOCKLANDS VIC 3008",-37.82205735,144.945764329,"{""census_year"":2024,""industry_code"":""4511"",""industry_description"":""Cafes and Restaurants"",""seats"":{""Seats - Outdoor"":27,""Seats - Indoor"":34},""total_seats"":61}",City of Melbourne,com:food:611367:fccfedde9b8dca2b
food_venue,Cairo Nights Restaurant & Bar,"Unit 5, 252 Lygon Street CARLTON VIC 3053",-37.80137656,144.967324233,"{""census_year"":2024,""industry_code"":""4511"",""industry_description"":""Cafes and Restaurants"",""seats"":{""Seats - Indoor"":50,""Seats - Outdoor"":48},""total_seats"":98}",City of Melbourne,com:food:106229:b23d568f506f4fe4
food_venue,Cambodia's Kitchen,175 Russell Street MELBOURNE VIC 3000,-37.8123356,144.967567753,"{""census_year"":2024,""industry_code"":""4511"",""industry_description"":""Cafes and Restaurants"",""seats"":{""Seats - Indoor"":45},""total_seats"":45}",City of Melbourne,com:food:529297:f4d5255c7b93e5ec
food_venue,Canto cafe e pizzeria,Part Level 4 Building 14 RMIT University 414-418 Swanston Street MELBOURNE VIC 3000,-37.80818156,144.964543533,"{""census_year"":2024,""industry_code"":""4511"",""industry_description"":""Cafes and Restaurants"",""seats"":{""Seats - Indoor"":48,""Seats - Outdoor"":3},""total_seats"":51}",City of Melbourne,com:food:606672:8964f69c4cbfd9eb
food_venue,Canton Malay Cuisine,73 Victoria Street MELBOURNE VIC 3000,-37.80765748,144.957205484,"{""census_year"":2024,""industry_code"":""4512"",""industry_description"":""Takeaway Food Services"",""seats"":{""Seats - Indoor"":12,""Seats - Outdoor"":12},""total_seats"":24}",City of Melbourne,com:food:110688:c5de83304989c55c
food_venue,Canvas Apartment Hotel,"Ground, Level 2 - 28 560 Flinders Street MELBOURNE VIC 3000",-37.82061096,144.955766523,"{""census_year"":2024,""industry_code"":""4400"",""industry_description"":""Accommodation"",""seats"":{""Seats - Indoor"":18},""total_seats"":18}",City of Melbourne,com:food:103986:8f57a6533a2de37d
food_venue,Capitano,Ground 421 Rathdowne Street CARLTON VIC 3053,-37.79652005,144.970426225,"{""census_year"":2024,""industry_code"":""4511"",""industry_description"":""Cafes and Restaurants"",""seats"":{""Seats - Indoor"":80},""total_seats"":80}",City of Melbourne,com:food:108202:c5c96783dd00fa35
food_venue,Capri Cafe & Lounge,28 Aquitania Way DOCKLANDS VIC 3008,-37.81354365,144.942989624,"{""census_year"":2024,""industry_code"":""4511"",""industry_description"":""Cafes and Restaurants"",""seats"":{""Seats - Indoor"":70,""Seats - Outdoor"":12},""total_seats"":82}",City of Melbourne,com:food:627659:c86f418ac91a548e
food_venue,Capricho Grill,"Shop 1-2, Level 4 750 Bourke Street DOCKLANDS VIC 3008",-37.81817241,144.947217029,"{""census_year"":2024,""industry_code"":""4511"",""industry_description"":""Cafes and Restaurants"",""seats"":{""Seats - Outdoor"":30,""Seats - Indoor"":80},""total_seats"":110}",City of Melbourne,com:food:599505:b73e11719f73357f
food_venue,Captain Melville,Mac's Hotel 34-38 Franklin Street MELBOURNE VIC 3000,-37.80752292,144.961612568,"{""census_year"":2024,""industry_code"":""4520"",""industry_description"":""Pubs, Taverns and Bars"",""seats"":{""Seats - Indoor"":160,""Seats - Outdoor"":70},""total_seats"":230}",City of Melbourne,com:food:104103:e1759f36c7de3e74
food_venue,Captains Of Industry,Part Level 1 209-213 Elizabeth Street MELBOURNE VIC 3000,-37.81354034,144.962547924,"{""census_year"":2024,""industry_code"":""4511"",""industry_description"":""Cafes and Restaurants"",""seats"":{""Seats - Indoor"":45},""total_seats"":45}",City of Melbourne,com:food:103184:31c56624e69da656
food_venue,Cargo,55A Newquay Promenade DOCKLANDS VIC 3008,-37.8153411,144.941405106,"{""census_year"":2024,""industry_code"":""4511"",""industry_description"":""Cafes and Restaurants"",""seats"":{""Seats - Indoor"":80,""Seats - Outdoor"":200},""total_seats"":280}",City of Melbourne,com:food:573925:37c1613b6db7a3ed
food_venue,Carl's Jr Docklands,"Shop 14, Ground 120 Pearl River Road DOCKLANDS VIC 3008",-37.81174852,144.93675199,"{""census_year"":2024,""industry_code"":""4511"",""industry_description"":""Cafes and Restaurants"",""seats"":{""Seats - Indoor"":48,""Seats - Outdoor"":32},""total_seats"":80}",City of Melbourne,com:food:620301:fd3cd3a8bede9b67
food_venue,Carlton Megabytes,68 Victoria Street CARLTON VIC 3053,-37.80671734,144.965526156,"{""census_year"":2024,""industry_code"":""4511"",""industry_description"":""Cafes and Restaurants"",""seats"":{""Seats - Outdoor"":6,""Seats - Indoor"":33},""total_seats"":39}",City of Melbourne,com:food:534005:fa79364dcd4c8c12
food_venue,Carlton Yacht Club Bar,298 Lygon Street CARLTON VIC 3053,-37.79998572,144.967376362,"{""census_year"":2024,""industry_code"":""4520"",""industry_description"":""Pubs, Taverns and Bars"",""seats"":{""Seats - Outdoor"":40},""total_seats"":40}",City of Melbourne,com:food:106215:825ff7d782186dbb
food_venue,Carte Crepes,Part John Medley Building 191 230 Grattan Street PARKVILLE VIC 3010,-37.79738772,144.961258672,"{""census_year"":2024,""industry_code"":""4512"",""industry_description"":""Takeaway Food Services"",""seats"":{""Seats - Outdoor"":25},""total_seats"":25}",City of Melbourne,com:food:664635:706e9ec75860ba44
food_venue,Casa Del Gelato,Ground & Part Level 1 163 Lygon Street CARLTON VIC 3053,-37.80186402,144.966410728,"{""census_year"":2024,""industry_code"":""4512"",""industry_description"":""Takeaway Food Services"",""seats"":{""Seats - Outdoor"":15,""Seats - Indoor"":15},""total_seats"":30}",City of Melbourne,com:food:106099:742898b449a8a8c7
food_venue,Casa Frida,29 Block Place MELBOURNE VIC 3000,-37.81528948,144.964225403,"{""census_year"":2024,""industry_code"":""4511"",""industry_description"":""Cafes and Restaurants"",""seats"":{""Seats - Indoor"":52,""Seats - Outdoor"":8},""total_seats"":60}",City of Melbourne,com:food:105928:e5c13f5757a691f7
food_venue,Cassette,399 Macaulay Road KENSINGTON VIC 3031,-37.79511706,144.933807982,"{""census_year"":2024,""industry_code"":""4511"",""industry_description"":""Cafes and Restaurants"",""seats"":{""Seats - Indoor"":80},""total_seats"":80}",City of Melbourne,com:food:106306:01437fdce6d99377
food_venue,Castro's Kiosk,Part Ground Laby Theatre David Caro Physics South Building 192 230 Grattan Street PARKVILLE VIC 3010,-37.79738772,144.961258672,"{""census_year"":2024,""industry_code"":""4512"",""industry_description"":""Takeaway Food Services"",""seats"":{""Seats - Outdoor"":24},""total_seats"":24}",City of Melbourne,com:food:664633:279c69991f3dc387
food_venue,Caterina's Cucina e Bar,"Unit 6, Basement 221 Queen Street MELBOURNE VIC 3000",-37.81355361,144.959754236,"{""census_year"":2024,""industry_code"":""4511"",""industry_description"":""Cafes and Restaurants"",""seats"":{""Seats - Indoor"":90},""total_seats"":90}",City of Melbourne,com:food:108079:49effeb49b93f528
food_venue,Cathedral Coffee,"Shop 9, Ground 37 Swanston Street MELBOURNE VIC 3000",-37.81674222,144.966704047,"{""census_year"":2024,""industry_code"":""4512"",""industry_description"":""Takeaway Food Services"",""seats"":{""Seats - Indoor"":6,""Seats - Outdoor"":18},""total_seats"":24}",City of Melbourne,com:food:109263:a14dfd301b1716ed
food_venue,CBD Bakery,Ground 480 Bourke Street MELBOURNE VIC 3000,-37.81506553,144.95946409,"{""census_year"":2024,""industry_code"":""4511"",""industry_description"":""Cafes and Restaurants"",""seats"":{""Seats - Outdoor"":10,""Seats - Indoor"":20},""total_seats"":30}",City of Melbourne,com:food:101179:e39951da48d9fafa
food_venue,CBD Pies,Shop 4 Part Ground 118 Queen Street MELBOURNE VIC 3000,-37.81565401,144.961298791,"{""census_year"":2024,""industry_code"":""4512"",""industry_description"":""Takeaway Food Services"",""seats"":{""Seats - Outdoor"":4},""total_seats"":4}",City of Melbourne,com:food:108111:29b2086900b26ca3
food_venue,CC Wok,Ground 464-466 Victoria Street NORTH MELBOURNE VIC 3051,-37.80500905,144.950540687,"{""census_year"":2024,""industry_code"":""4511"",""industry_description"":""Cafes and Restaurants"",""seats"":{""Seats - Indoor"":28},""total_seats"":28}",City of Melbourne,com:food:109798:efa8f453ab68d795
food_venue,CDMX,"Tenancy 82, Ground 360 Elizabeth Street MELBOURNE VIC 3000",-37.81084464,144.962061274,"{""census_year"":2024,""industry_code"":""4512"",""industry_description"":""Takeaway Food Services"",""seats"":{""Seats - Outdoor"":4,""Seats - Indoor"":6},""total_seats"":10}",City of Melbourne,com:food:103311:c613a4eae2764259
food_venue,Cecconi's Flinders Lane,61 Flinders Lane MELBOURNE VIC 3000,-37.81506474,144.972512283,"{""census_year"":2024,""industry_code"":""4511"",""industry_description"":""Cafes and Restaurants"",""seats"":{""Seats - Outdoor"":12,""Seats - Indoor"":180},""total_seats"":192}",City of Melbourne,com:food:103918:1c1316a3ed5649bc
food_venue,Cellar 43 Restaurant & Bar / Khokolat Bar,Basement 43-49 Hardware Lane MELBOURNE VIC 3000,-37.81359799,144.961073493,"{""census_year"":2024,""industry_code"":""4520"",""industry_description"":""Pubs, Taverns and Bars"",""seats"":{""Seats - Indoor"":60},""total_seats"":60}",City of Melbourne,com:food:105869:791ea8b14491691d
food_venue,Centro Espresso,"Shop 2, 252 Flinders Lane MELBOURNE VIC 3000",-37.8166033,144.965596537,"{""census_year"":2024,""industry_code"":""4512"",""industry_description"":""Takeaway Food Services"",""seats"":{""Seats - Indoor"":10},""total_seats"":10}",City of Melbourne,com:food:101789:bf5dc019f7002f8a
food_venue,Ceree,285 Spring Street MELBOURNE VIC 3000,-37.80814525,144.97101463,"{""census_year"":2024,""industry_code"":""4511"",""industry_description"":""Cafes and Restaurants"",""seats"":{""Seats - Indoor"":88},""total_seats"":88}",City of Melbourne,com:food:110858:48d8a4d93f733d60
food_venue,Cervo,"Shop 28, Ground 8 Whiteman Street SOUTHBANK VIC 3006",-37.82312164,144.958660189,"{""census_year"":2024,""industry_code"":""4511"",""industry_description"":""Cafes and Restaurants"",""seats"":{""Seats - Outdoor"":44,""Seats - Indoor"":72},""total_seats"":116}",City of Melbourne,com:food:111175:b1774ac1afe408a0
food_venue,Cha Ching Eatery,"Tenancy 3, 348 Flinders Lane MELBOURNE VIC 3000",-37.81728432,144.96244181,"{""census_year"":2024,""industry_code"":""4511"",""industry_description"":""Cafes and Restaurants"",""seats"":{""Seats - Indoor"":50},""total_seats"":50}",City of Melbourne,com:food:102092:410195f568841502
food_venue,Chai 'N' Chilli,Ground 181-183 King Street MELBOURNE VIC 3000,-37.81589843,144.955174248,"{""census_year"":2024,""industry_code"":""4511"",""industry_description"":""Cafes and Restaurants"",""seats"":{""Seats - Indoor"":25},""total_seats"":25}",City of Melbourne,com:food:105303:b94fab9de8e11dc5
food_venue,Chaipoint By Bombay Bar,"Shop 3C, Level 1 650 Collins Street DOCKLANDS VIC 3008",-37.81815357,144.952339293,"{""census_year"":2024,""industry_code"":""4511"",""industry_description"":""Cafes and Restaurants"",""seats"":{""Seats - Indoor"":18},""total_seats"":18}",City of Melbourne,com:food:108973:9b9a960a44023525
food_venue,Chaise Lounge,Basement 105 Queen Street MELBOURNE VIC 3000,-37.81614776,144.960847599,"{""census_year"":2024,""industry_code"":""4520"",""industry_description"":""Pubs, Taverns and Bars"",""seats"":{""Seats - Indoor"":40},""total_seats"":40}",City of Melbourne,com:food:108067:fb98d8476e924311
food_venue,Chamman Ice Cream & Street Food,138B Rathdowne Street CARLTON VIC 3053,-37.7960463,144.97104054,"{""census_year"":2024,""industry_code"":""4512"",""industry_description"":""Takeaway Food Services"",""seats"":{""Seats - Indoor"":15},""total_seats"":15}",City of Melbourne,com:food:108239:5dd9517c74b4e1f6
food_venue,Chamman Sheesha Cafe & Restaurant,144-146 Rathdowne Street CARLTON VIC 3053,-37.7960463,144.97104054,"{""census_year"":2024,""industry_code"":""4511"",""industry_description"":""Cafes and Restaurants"",""seats"":{""Seats - Indoor"":38},""total_seats"":38}",City of Melbourne,com:food:108239:658799f881c5ea1a
food_venue,Chancery Lane,Suite 3 & 5-7 Ground 430 Little Collins Street MELBOURNE VIC 3000,-37.81596878,144.960110059,"{""census_year"":2024,""industry_code"":""4511"",""industry_description"":""Cafes and Restaurants"",""seats"":{""Seats - Indoor"":300,""Seats - Outdoor"":105},""total_seats"":405}",City of Melbourne,com:food:105953:9a5a249616484e80
food_venue,Chang Go,70-72 Little La Trobe Street MELBOURNE VIC 3000,-37.80944542,144.961742875,"{""census_year"":2024,""industry_code"":""4511"",""industry_description"":""Cafes and Restaurants"",""seats"":{""Seats - Indoor"":100},""total_seats"":100}",City of Melbourne,com:food:105981:8752e8650913fce6
food_venue,Chapati Melbourne,401 Rathdowne Street CARLTON VIC 3053,-37.79692164,144.97032083,"{""census_year"":2024,""industry_code"":""4511"",""industry_description"":""Cafes and Restaurants"",""seats"":{""Seats - Indoor"":30},""total_seats"":30}",City of Melbourne,com:food:108197:32d88a900979ba0c
food_venue,Chapter House Coffee,Rear Shop 199 Flinders Lane MELBOURNE VIC 3000,-37.81676378,144.967694558,"{""census_year"":2024,""industry_code"":""4512"",""industry_description"":""Takeaway Food Services"",""seats"":{""Seats - Outdoor"":19,""Seats - Indoor"":8},""total_seats"":27}",City of Melbourne,com:food:110761:5057eec9eec07842
food_venue,Char Siu House,37 Errol Street NORTH MELBOURNE VIC 3051,-37.80412429,144.949085065,"{""census_year"":2024,""industry_code"":""4511"",""industry_description"":""Cafes and Restaurants"",""seats"":{""Seats - Outdoor"":12,""Seats - Indoor"":38},""total_seats"":50}",City of Melbourne,com:food:103403:79e698301d0018e0
food_venue,Chargrilled Vietnamese Kitchen,"Unit 2, 164 Cardigan Street CARLTON VIC 3053",-37.80132569,144.965626451,"{""census_year"":2024,""industry_code"":""4511"",""industry_description"":""Cafes and Restaurants"",""seats"":{""Seats - Outdoor"":6,""Seats - Indoor"":26},""total_seats"":32}",City of Melbourne,com:food:101693:59885dea17a8010c
food_venue,Charles LaTrobe Coffee Co,Part Ground 380-390 La Trobe Street MELBOURNE VIC 3000,-37.81075363,144.958052866,"{""census_year"":2024,""industry_code"":""4511"",""industry_description"":""Cafes and Restaurants"",""seats"":{""Seats - Indoor"":80},""total_seats"":80}",City of Melbourne,com:food:105477:81621b31621de60a
food_venue,Charlie bit me,"Shop 7, 838 Collins Street DOCKLANDS VIC 3008",-37.82100111,144.945046845,"{""census_year"":2024,""industry_code"":""4511"",""industry_description"":""Cafes and Restaurants"",""seats"":{""Seats - Indoor"":33,""Seats - Outdoor"":16},""total_seats"":49}",City of Melbourne,com:food:622439:32d0f176bb0482e1
food_venue,Charlie Lovett,43 South Wharf Promenade SOUTH WHARF VIC 3006,-37.82409302,144.95033362,"{""census_year"":2024,""industry_code"":""4511"",""industry_description"":""Cafes and Restaurants"",""seats"":{""Seats - Outdoor"":20,""Seats - Indoor"":70},""total_seats"":90}",City of Melbourne,com:food:110988:d51a62fc2a112c6a
food_venue,Chatorey – The Indian Streetory,"Shop 9, 15 William Street MELBOURNE VIC 3000",-37.8192157,144.959187534,"{""census_year"":2024,""industry_code"":""4511"",""industry_description"":""Cafes and Restaurants"",""seats"":{""Seats - Outdoor"":9,""Seats - Indoor"":12},""total_seats"":21}",City of Melbourne,com:food:110091:e4de445c79de3ed8
food_venue,Che Desserts Australia,"Shop 2, Ground 359 Lonsdale Street MELBOURNE VIC 3000",-37.81275051,144.961875527,"{""census_year"":2024,""industry_code"":""4512"",""industry_description"":""Takeaway Food Services"",""seats"":{""Seats - Indoor"":20},""total_seats"":20}",City of Melbourne,com:food:105700:76d7c40829a6cba8
food_venue,Chef David,"Shop 101-102, Level 1 458 Elizabeth Street MELBOURNE VIC 3000",-37.80783746,144.960624495,"{""census_year"":2024,""industry_code"":""4511"",""industry_description"":""Cafes and Restaurants"",""seats"":{""Seats - Indoor"":60},""total_seats"":60}",City of Melbourne,com:food:103300:b535a0c1e3d4f312
food_venue,Cheng Fu Urban Dessert Buffet,62-64 Little La Trobe Street MELBOURNE VIC 3000,-37.80940205,144.961890386,"{""census_year"":2024,""industry_code"":""4511"",""industry_description"":""Cafes and Restaurants"",""seats"":{""Seats - Indoor"":37},""total_seats"":37}",City of Melbourne,com:food:105983:044c792f34a05983
food_venue,Cherry & Twigs,Part 547 Flinders Lane MELBOURNE VIC 3000,-37.82001952,144.955837928,"{""census_year"":2024,""industry_code"":""4511"",""industry_description"":""Cafes and Restaurants"",""seats"":{""Seats - Indoor"":20},""total_seats"":20}",City of Melbourne,com:food:559405:ecf4772ee0f3e329
food_venue,Cherry Bar,68-70 Little Collins Street MELBOURNE VIC 3000,-37.81284117,144.971331086,"{""census_year"":2024,""industry_code"":""4520"",""industry_description"":""Pubs, Taverns and Bars"",""seats"":{""Seats - Indoor"":60},""total_seats"":60}",City of Melbourne,com:food:105967:b92a35a5d971218d
food_venue,Cherry Lane Espresso,Part Ground 350 Queen Street MELBOURNE VIC 3000,-37.81040943,144.959061169,"{""census_year"":2024,""industry_code"":""4511"",""industry_description"":""Cafes and Restaurants"",""seats"":{""Seats - Indoor"":42},""total_seats"":42}",City of Melbourne,com:food:108089:aa59f0f7559c61a2
food_venue,Chia Chia,2-4 Import Lane DOCKLANDS VIC 3008,-37.82100111,144.945046845,"{""census_year"":2024,""industry_code"":""4511"",""industry_description"":""Cafes and Restaurants"",""seats"":{""Seats - Indoor"":44},""total_seats"":44}",City of Melbourne,com:food:622439:0c080a9eef2a4bdd
food_venue,Chicken Episode 2.5,Ground 522 Macaulay Road KENSINGTON VIC 3031,-37.79404907,144.928699415,"{""census_year"":2024,""industry_code"":""4511"",""industry_description"":""Cafes and Restaurants"",""seats"":{""Seats - Indoor"":24},""total_seats"":24}",City of Melbourne,com:food:614831:15162a20d466c3f1
food_venue,Chiki Chiki,Part Ground 187-193 Elizabeth Street MELBOURNE VIC 3000,-37.81388737,144.962707826,"{""census_year"":2024,""industry_code"":""4511"",""industry_description"":""Cafes and Restaurants"",""seats"":{""Seats - Outdoor"":20,""Seats - Indoor"":10},""total_seats"":30}",City of Melbourne,com:food:103180:fa4a7229da5acc87
food_venue,Chilangos,"Tenancy 21, Ground 550 Bourke Street MELBOURNE VIC 3000",-37.81531863,144.957392295,"{""census_year"":2024,""industry_code"":""4511"",""industry_description"":""Cafes and Restaurants"",""seats"":{""Seats - Outdoor"":16,""Seats - Indoor"":26},""total_seats"":42}",City of Melbourne,com:food:111283:cd09e87adce1226a
food_venue,Chilangos Mexican Cantina Docklands,"Tenancy 2, 855 Collins Street DOCKLANDS VIC 3008",-37.82163103,144.943933222,"{""census_year"":2024,""industry_code"":""4511"",""industry_description"":""Cafes and Restaurants"",""seats"":{""Seats - Indoor"":59,""Seats - Outdoor"":15},""total_seats"":74}",City of Melbourne,com:food:667598:2da31ac0c93c176d
food_venue,Chilli Everest,Part Ground 595 Collins Street MELBOURNE VIC 3000,-37.81936788,144.955210528,"{""census_year"":2024,""industry_code"":""4511"",""industry_description"":""Cafes and Restaurants"",""seats"":{""Seats - Indoor"":70},""total_seats"":70}",City of Melbourne,com:food:102106:e435e35e718c6a23
food_venue,Chilli India,79 Batmans Hill Drive DOCKLANDS VIC 3008,-37.81925128,144.947975341,"{""census_year"":2024,""industry_code"":""4511"",""industry_description"":""Cafes and Restaurants"",""seats"":{""Seats - Indoor"":70,""Seats - Outdoor"":40},""total_seats"":110}",City of Melbourne,com:food:576024:d4e3a99f0eeab72e
food_venue,Chilli India,"Tenancy 86, Ground 360 Elizabeth Street MELBOURNE VIC 3000",-37.81084464,144.962061274,"{""census_year"":2024,""industry_code"":""4511"",""industry_description"":""Cafes and Restaurants"",""seats"":{""Seats - Indoor"":110,""Seats - Outdoor"":5},""total_seats"":115}",City of Melbourne,com:food:103311:7d97f38ec4a8488e
food_venue,Chimnutz,"Shop 28, Ground 194-200 Bourke Street MELBOURNE VIC 3000",-37.81244678,144.967282791,"{""census_year"":2024,""industry_code"":""4512"",""industry_description"":""Takeaway Food Services"",""seats"":{""Seats - Indoor"":17},""total_seats"":17}",City of Melbourne,com:food:101204:de667d4dada2205a
food_venue,Chin Chin Restaurant,Gnd & Mezz 125 Flinders Lane MELBOURNE VIC 3000,-37.81568875,144.970399793,"{""census_year"":2024,""industry_code"":""4511"",""industry_description"":""Cafes and Restaurants"",""seats"":{""Seats - Outdoor"":35,""Seats - Indoor"":120},""total_seats"":155}",City of Melbourne,com:food:103926:5e4723e6f99ddd59
food_venue,China Bar,257-259 Swanston Street MELBOURNE VIC 3000,-37.81211394,144.964648743,"{""census_year"":2024,""industry_code"":""4511"",""industry_description"":""Cafes and Restaurants"",""seats"":{""Seats - Indoor"":120},""total_seats"":120}",City of Melbourne,com:food:109295:481567ecf5889030
food_venue,China Bar,Gnd & Flr1 235 Russell Street MELBOURNE VIC 3000,-37.81111923,144.96703692,"{""census_year"":2024,""industry_code"":""4511"",""industry_description"":""Cafes and Restaurants"",""seats"":{""Seats - Indoor"":100},""total_seats"":100}",City of Melbourne,com:food:108555:e0339b4de6efc807
food_venue,China Bar,277 Elizabeth Street MELBOURNE VIC 3000,-37.81212877,144.961762525,"{""census_year"":2024,""industry_code"":""4511"",""industry_description"":""Cafes and Restaurants"",""seats"":{""Seats - Indoor"":70},""total_seats"":70}",City of Melbourne,com:food:105743:ea6ccdd1d459622e
food_venue,China Bar Docklands,"Shop 13-13A, Ground 90 Waterfront Way DOCKLANDS VIC 3008",-37.81220918,144.939410985,"{""census_year"":2024,""industry_code"":""4511"",""industry_description"":""Cafes and Restaurants"",""seats"":{""Seats - Indoor"":70},""total_seats"":70}",City of Melbourne,com:food:593729:69073f09b4657441
food_venue,China Chilli,"Shop 15, Level 1 206 Bourke Street MELBOURNE VIC 3000",-37.81259409,144.966876772,"{""census_year"":2024,""industry_code"":""4511"",""industry_description"":""Cafes and Restaurants"",""seats"":{""Seats - Indoor"":180},""total_seats"":180}",City of Melbourne,com:food:101202:0d5bdb028ab3b6f8
food_venue,China Red,"Shop 6, Ground 206 Bourke Street MELBOURNE VIC 3000",-37.81259409,144.966876772,"{""census_year"":2024,""industry_code"":""4511"",""industry_description"":""Cafes and Restaurants"",""seats"":{""Seats - Indoor"":120},""total_seats"":120}",City of Melbourne,com:food:101202:cf4c8b5d1b15a65c
food_venue,Chine On Paramount / Chine Express,"Shop 9-10, LwrGround 100-116 Bourke Street MELBOURNE VIC 3000",-37.81170307,144.969777753,"{""census_year"":2024,""industry_code"":""4511"",""industry_description"":""Cafes and Restaurants"",""seats"":{""Seats - Indoor"":100},""total_seats"":100}",City of Melbourne,com:food:101219:8468e689f05e4c07
food_venue,Chinger Biang Biang Noodle,Ground 74 Victoria Street CARLTON VIC 3053,-37.80670091,144.965352526,"{""census_year"":2024,""industry_code"":""4511"",""industry_description"":""Cafes and Restaurants"",""seats"":{""Seats - Indoor"":20},""total_seats"":20}",City of Melbourne,com:food:109851:dd4eb6eb923d304d
food_venue,Chipmunks Playland And Cafe,Level 1 19-21 Star Crescent DOCKLANDS VIC 3008,-37.8131707,144.937857365,"{""census_year"":2024,""industry_code"":""9131"",""industry_description"":""Amusement Parks and Centres Operation"",""seats"":{""Seats - Indoor"":100},""total_seats"":100}",City of Melbourne,com:food:620309:a50749feea4318d4
food_venue,Chocolate Buddha,"Tenancy 22, Alfred Deakin Building Federation Square 2 Swanston Street MELBOURNE VIC 3000",-37.81784465,144.969917465,"{""census_year"":2024,""industry_code"":""4511"",""industry_description"":""Cafes and Restaurants"",""seats"":{""Seats - Outdoor"":80,""Seats - Indoor"":110},""total_seats"":190}",City of Melbourne,com:food:578319:c149b716a6677084
food_venue,Chocolateria San Churro QV,251-255 Little Lonsdale Street MELBOURNE VIC 3000,-37.810658,144.965703374,"{""census_year"":2024,""industry_code"":""4511"",""industry_description"":""Cafes and Restaurants"",""seats"":{""Seats - Indoor"":40,""Seats - Outdoor"":40},""total_seats"":80}",City of Melbourne,com:food:589841:2bb50fb92d815738
food_venue,Chop N Chop,19 Katherine Place MELBOURNE VIC 3000,-37.81988483,144.956601666,"{""census_year"":2024,""industry_code"":""4511"",""industry_description"":""Cafes and Restaurants"",""seats"":{""Seats - Indoor"":86,""Seats - Outdoor"":2},""total_seats"":88}",City of Melbourne,com:food:103957:455fcfecfa03b4eb
food_venue,Choulee,Shop Ground 249-251 Lonsdale Street MELBOURNE VIC 3000,-37.81169356,144.965104624,"{""census_year"":2024,""industry_code"":""4512"",""industry_description"":""Takeaway Food Services"",""seats"":{""Seats - Indoor"":8},""total_seats"":8}",City of Melbourne,com:food:109389:f0191a8bec80308e
food_venue,Chuckle Park Bar,Laneway Hub Arcade 318-322 Little Collins Street MELBOURNE VIC 3000,-37.81488174,144.964012048,"{""census_year"":2024,""industry_code"":""4520"",""industry_description"":""Pubs, Taverns and Bars"",""seats"":{""Seats - Outdoor"":50},""total_seats"":50}",City of Melbourne,com:food:105960:e3a4b6e1eab80cd9
food_venue,Chun Chun Pocha,534 Lonsdale Street MELBOURNE VIC 3000,-37.81365662,144.956421679,"{""census_year"":2024,""industry_code"":""4511"",""industry_description"":""Cafes and Restaurants"",""seats"":{""Seats - Indoor"":30},""total_seats"":30}",City of Melbourne,com:food:105727:7f8517b3a2b409cb
food_venue,Cielo Gelateria,Ground 29 Errol Street NORTH MELBOURNE VIC 3051,-37.80430342,144.949079409,"{""census_year"":2024,""industry_code"":""4511"",""industry_description"":""Cafes and Restaurants"",""seats"":{""Seats - Indoor"":28,""Seats - Outdoor"":6},""total_seats"":34}",City of Melbourne,com:food:103400:388e32837bea27da
food_venue,Cindy's Kitchen,526 Victoria Street NORTH MELBOURNE VIC 3051,-37.80474738,144.94871348,"{""census_year"":2024,""industry_code"":""4512"",""industry_description"":""Takeaway Food Services"",""seats"":{""Seats - Indoor"":15},""total_seats"":15}",City of Melbourne,com:food:570824:659c2440fc19d9d4
food_venue,Cinema Nova Bar / Cinema Nova,368-384 Lygon Street CARLTON VIC 3053,-37.79803089,144.968178866,"{""census_year"":2024,""industry_code"":""5513"",""industry_description"":""Motion Picture Exhibition"",""seats"":{""Seats - Indoor"":40},""total_seats"":40}",City of Melbourne,com:food:106193:0c7038e7caa3948d
food_venue,Cinta,127 Pelham Street CARLTON VIC 3053,-37.80276989,144.963945272,"{""census_year"":2024,""industry_code"":""4511"",""industry_description"":""Cafes and Restaurants"",""seats"":{""Seats - Indoor"":40,""Seats - Outdoor"":12},""total_seats"":52}",City of Melbourne,com:food:109366:599b30fbea17eac3
food_venue,Circolo,"Shop 1, 58 Clarke Street SOUTHBANK VIC 3006",-37.82786327,144.959336791,"{""census_year"":2024,""industry_code"":""4511"",""industry_description"":""Cafes and Restaurants"",""seats"":{""Seats - Indoor"":18,""Seats - Outdoor"":8},""total_seats"":26}",City of Melbourne,com:food:110468:97654bae51fa33e7
food_venue,City Of Melbourne Bowls Club Inc,City of Melbourne Bowls Club Inc. Flagstaff Gardens 3 Dudley Street WEST MELBOURNE VIC 3003,-37.8104558,144.954434333,"{""census_year"":2024,""industry_code"":""9113"",""industry_description"":""Sports and Physical Recreation Venues, Grounds and Facilities Operation"",""seats"":{""Seats - Outdoor"":24,""Seats - Indoor"":110},""total_seats"":134}",City of Melbourne,com:food:102945:004af263203e99fc
food_venue,City Wine Shop,159 Spring Street MELBOURNE VIC 3000,-37.81099168,144.972465071,"{""census_year"":2024,""industry_code"":""4511"",""industry_description"":""Cafes and Restaurants"",""seats"":{""Seats - Indoor"":45,""Seats - Outdoor"":60},""total_seats"":105}",City of Melbourne,com:food:108985:a262da1b13ccf421
food_venue,CJ Lunchbar,"Shop 2, 391 Little Lonsdale Street MELBOURNE VIC 3000",-37.81187439,144.960341087,"{""census_year"":2024,""industry_code"":""4511"",""industry_description"":""Cafes and Restaurants"",""seats"":{""Seats - Outdoor"":8,""Seats - Indoor"":36},""total_seats"":44}",City of Melbourne,com:food:106017:1c94f43ac979afb1
food_venue,Classic Curry Company,597 Elizabeth Street MELBOURNE VIC 3000,-37.80439443,144.958143026,"{""census_year"":2024,""industry_code"":""4511"",""industry_description"":""Cafes and Restaurants"",""seats"":{""Seats - Indoor"":30},""total_seats"":30}",City of Melbourne,com:food:103247:8e224ba500e60240
food_venue,Clay Oven Pizza,501 MacAulay Road KENSINGTON VIC 3031,-37.79452502,144.929351654,"{""census_year"":2024,""industry_code"":""4512"",""industry_description"":""Takeaway Food Services"",""seats"":{""Seats - Indoor"":14,""Seats - Outdoor"":12},""total_seats"":26}",City of Melbourne,com:food:106322:e7c902858fb2674f
food_venue,Claypot Kingdom,748 Swanston Street CARLTON VIC 3053,-37.79899938,144.964765292,"{""census_year"":2024,""industry_code"":""4511"",""industry_description"":""Cafes and Restaurants"",""seats"":{""Seats - Indoor"":40},""total_seats"":40}",City of Melbourne,com:food:573290:b1f617f0e6378b82
food_venue,Claypots Barbarossa,"Tenancy 1, 79 Hardware Lane MELBOURNE VIC 3000",-37.81303978,144.960680876,"{""census_year"":2024,""industry_code"":""4511"",""industry_description"":""Cafes and Restaurants"",""seats"":{""Seats - Outdoor"":40,""Seats - Indoor"":50},""total_seats"":90}",City of Melbourne,com:food:105707:211a72ebc68a82e7
food_venue,Club Retro,383-387 Lonsdale Street MELBOURNE VIC 3000,-37.81284495,144.961200828,"{""census_year"":2024,""industry_code"":""4520"",""industry_description"":""Pubs, Taverns and Bars"",""seats"":{""Seats - Indoor"":60},""total_seats"":60}",City of Melbourne,com:food:105705:d5402cb61c21055a
food_venue,Clyde Hotel,377-391 Cardigan Street CARLTON VIC 3053,-37.79725532,144.965754077,"{""census_year"":2024,""industry_code"":""4520"",""industry_description"":""Pubs, Taverns and Bars"",""seats"":{""Seats - Outdoor"":50,""Seats - Indoor"":70},""total_seats"":120}",City of Melbourne,com:food:101613:2cbedc7250102944
food_venue,CM & Co Cafe,57 Lonsdale Street MELBOURNE VIC 3000,-37.81005686,144.970714898,"{""census_year"":2024,""industry_code"":""4512"",""industry_description"":""Takeaway Food Services"",""seats"":{""Seats - Indoor"":14},""total_seats"":14}",City of Melbourne,com:food:105672:e965c4f43bba038c
food_venue,Cm & Co Coffee Roasters,"Shop 2, Ground 34 Queen Street MELBOURNE VIC 3000",-37.81798973,144.962437455,"{""census_year"":2024,""industry_code"":""4511"",""industry_description"":""Cafes and Restaurants"",""seats"":{""Seats - Indoor"":36,""Seats - Outdoor"":12},""total_seats"":48}",City of Melbourne,com:food:108114:768415acae3ee0e8
food_venue,Co-Ground,Part Ground 100-154 Batman Street WEST MELBOURNE VIC 3003,-37.81102736,144.948907786,"{""census_year"":2024,""industry_code"":""4512"",""industry_description"":""Takeaway Food Services"",""seats"":{""Seats - Indoor"":8},""total_seats"":8}",City of Melbourne,com:food:102953:29db5d6afd3ad022
food_venue,Coal River Farm,"Shop 16, Block Arcade MELBOURNE VIC 3000",-37.81561893,144.964428319,"{""census_year"":2024,""industry_code"":""4512"",""industry_description"":""Takeaway Food Services"",""seats"":{""Seats - Indoor"":15},""total_seats"":15}",City of Melbourne,com:food:102141:12c4e28bb8bfd01e
food_venue,Coco Fresh Tea & Juice,258 Flinders Street MELBOURNE VIC 3000,-37.8176078,144.965626331,"{""census_year"":2024,""industry_code"":""4512"",""industry_description"":""Takeaway Food Services"",""seats"":{""Seats - Indoor"":6},""total_seats"":6}",City of Melbourne,com:food:104010:5b040003c13446ec
food_venue,Cocobei,417 Docklands Drive DOCKLANDS VIC 3008,-37.8147229,144.939704199,"{""census_year"":2024,""industry_code"":""4511"",""industry_description"":""Cafes and Restaurants"",""seats"":{""Seats - Outdoor"":24,""Seats - Indoor"":45},""total_seats"":69}",City of Melbourne,com:food:678377:c0d4267334be2f91
food_venue,Coda Bar & Restaurant,Basement 141-143 Flinders Lane MELBOURNE VIC 3000,-37.81579783,144.969879827,"{""census_year"":2024,""industry_code"":""4511"",""industry_description"":""Cafes and Restaurants"",""seats"":{""Seats - Indoor"":60},""total_seats"":60}",City of Melbourne,com:food:103930:a2a1fac4f95fecd7
food_venue,Code 3,"Shop 1, 313 Spencer Street DOCKLANDS VIC 3008",-37.81379938,144.950998069,"{""census_year"":2024,""industry_code"":""4511"",""industry_description"":""Cafes and Restaurants"",""seats"":{""Seats - Indoor"":30,""Seats - Outdoor"":66},""total_seats"":96}",City of Melbourne,com:food:108847:67756faa68fadfd4
food_venue,Code Black,"Shop 8A, 360 Collins Street MELBOURNE VIC 3000",-37.81615528,144.962184393,"{""census_year"":2024,""industry_code"":""4511"",""industry_description"":""Cafes and Restaurants"",""seats"":{""Seats - Indoor"":30},""total_seats"":30}",City of Melbourne,com:food:102133:76b09d15143fee72
food_venue,Code Black Howard Street,119-121 Howard Street NORTH MELBOURNE VIC 3051,-37.80422555,144.953673523,"{""census_year"":2024,""industry_code"":""4511"",""industry_description"":""Cafes and Restaurants"",""seats"":{""Seats - Indoor"":70,""Seats - Outdoor"":26},""total_seats"":96}",City of Melbourne,com:food:105024:f12ec147fd30bfc1
food_venue,Code Black Spencer St,Part Ground 630 Little Collins Street MELBOURNE VIC 3000,-37.81777221,144.953929289,"{""census_year"":2024,""industry_code"":""4512"",""industry_description"":""Takeaway Food Services"",""seats"":{""Seats - Indoor"":4,""Seats - Outdoor"":8},""total_seats"":12}",City of Melbourne,com:food:108966:b144a5f68ce8dc58
food_venue,Coffee & Toast Co,Part Ground 737 Bourke Street DOCKLANDS VIC 3008,-37.81914692,144.948951865,"{""census_year"":2024,""industry_code"":""4511"",""industry_description"":""Cafes and Restaurants"",""seats"":{""Seats - Indoor"":51},""total_seats"":51}",City of Melbourne,com:food:609487:e388a15abc7414f8
food_venue,Coffee Exchange,9-11 Little Collins Street MELBOURNE VIC 3000,-37.81260038,144.973183613,"{""census_year"":2024,""industry_code"":""4511"",""industry_description"":""Cafes and Restaurants"",""seats"":{""Seats - Outdoor"":20,""Seats - Indoor"":30},""total_seats"":50}",City of Melbourne,com:food:108982:cb014c84c1ce538f
food_venue,Coffee Gauge,"Shop 1, 825 Bourke Street DOCKLANDS VIC 3008",-37.82029136,144.944144701,"{""census_year"":2024,""industry_code"":""4511"",""industry_description"":""Cafes and Restaurants"",""seats"":{""Seats - Outdoor"":16,""Seats - Indoor"":68},""total_seats"":84}",City of Melbourne,com:food:609479:27ecdd3543a39222
food_venue,Coffee Logic,Part Ground 575 Bourke Street MELBOURNE VIC 3000,-37.81651426,144.956668779,"{""census_year"":2024,""industry_code"":""4511"",""industry_description"":""Cafes and Restaurants"",""seats"":{""Seats - Indoor"":65,""Seats - Outdoor"":24},""total_seats"":89}",City of Melbourne,com:food:101158:fb3215ade0841d0b
food_venue,Coffee N All Customs House,Part Ground 1010 La Trobe Street DOCKLANDS VIC 3008,-37.81453857,144.945340212,"{""census_year"":2024,""industry_code"":""4511"",""industry_description"":""Cafes and Restaurants"",""seats"":{""Seats - Indoor"":54,""Seats - Outdoor"":30},""total_seats"":84}",City of Melbourne,com:food:611576:8345648894f29f43
food_venue,Coffee On Cardigan,Part Level 4 23-27 Cardigan Street CARLTON VIC 3053,-37.80593475,144.963957764,"{""census_year"":2024,""industry_code"":""4511"",""industry_description"":""Cafes and Restaurants"",""seats"":{""Seats - Indoor"":20,""Seats - Outdoor"":68},""total_seats"":88}",City of Melbourne,com:food:664021:132833e5b4a86c4f
food_venue,Coffee On Drummond,Ground 80 Drummond Street CARLTON VIC 3053,-37.80482036,144.968286814,"{""census_year"":2024,""industry_code"":""4511"",""industry_description"":""Cafes and Restaurants"",""seats"":{""Seats - Outdoor"":6,""Seats - Indoor"":18},""total_seats"":24}",City of Melbourne,com:food:102774:fb9187cd5a9dec05
food_venue,Coffee Rush,"Shop 310, Ground 229 Spencer Street DOCKLANDS VIC 3008",-37.81501701,144.951186966,"{""census_year"":2024,""industry_code"":""4511"",""industry_description"":""Cafes and Restaurants"",""seats"":{""Seats - Indoor"":4,""Seats - Outdoor"":9},""total_seats"":13}",City of Melbourne,com:food:110843:e36c67c9ee88d3c5
food_venue,Collins Coffee House,Part Ground 395 Collins Street MELBOURNE VIC 3000,-37.8173062,144.961438973,"{""census_year"":2024,""industry_code"":""4511"",""industry_description"":""Cafes and Restaurants"",""seats"":{""Seats - Indoor"":50,""Seats - Outdoor"":6},""total_seats"":56}",City of Melbourne,com:food:102094:1bfe1ea6559b6f40
food_venue,Collins Kitchen,Part UprGround 121-131 Collins Street MELBOURNE VIC 3000,-37.81516811,144.969846661,"{""census_year"":2024,""industry_code"":""4511"",""industry_description"":""Cafes and Restaurants"",""seats"":{""Seats - Indoor"":360},""total_seats"":360}",City of Melbourne,com:food:541562:130a54ea72304332
food_venue,Colonial Hotel / Brown Alley Night Club,Colonial Hotel 234-244 King Street MELBOURNE VIC 3000,-37.81459098,144.955216626,"{""census_year"":2024,""industry_code"":""4520"",""industry_description"":""Pubs, Taverns and Bars"",""seats"":{""Seats - Outdoor"":28,""Seats - Indoor"":128},""total_seats"":156}",City of Melbourne,com:food:105379:4f47b482b56fb631
food_venue,Colonial Kopitiam,851 Bourke Street DOCKLANDS VIC 3008,-37.82059451,144.94250585,"{""census_year"":2024,""industry_code"":""4512"",""industry_description"":""Takeaway Food Services"",""seats"":{""Seats - Indoor"":12},""total_seats"":12}",City of Melbourne,com:food:674536:7571d77ed1a976f5
food_venue,Colourful Yunnan Restaurant,680-682 Swanston Street CARLTON VIC 3053,-37.80062759,144.964236564,"{""census_year"":2024,""industry_code"":""4511"",""industry_description"":""Cafes and Restaurants"",""seats"":{""Seats - Indoor"":150,""Seats - Outdoor"":8},""total_seats"":158}",City of Melbourne,com:food:109360:262a6196d9afcd9d
food_venue,Colourful Yunnan Swanston,240 Swanston Street MELBOURNE VIC 3000,-37.81222329,144.965377424,"{""census_year"":2024,""industry_code"":""4511"",""industry_description"":""Cafes and Restaurants"",""seats"":{""Seats - Indoor"":66},""total_seats"":66}",City of Melbourne,com:food:109396:3a5377856d6fbdeb
food_venue,Come Back To Earth Coffee Brewers,"Unit 29A, Ground 601 Little Collins Street MELBOURNE VIC 3000",-37.81802782,144.954905366,"{""census_year"":2024,""industry_code"":""4512"",""industry_description"":""Takeaway Food Services"",""seats"":{""Seats - Outdoor"":12,""Seats - Indoor"":6},""total_seats"":18}",City of Melbourne,com:food:105945:8a5803e5bb4a50f6
food_venue,Comebuytea Aus Pty Ltd,"Shop 32, LwrGround 300 Lonsdale Street MELBOURNE VIC 3000",-37.81073331,144.963018917,"{""census_year"":2024,""industry_code"":""4512"",""industry_description"":""Takeaway Food Services"",""seats"":{""Seats - Indoor"":12},""total_seats"":12}",City of Melbourne,com:food:105746:2e9bc99064218339
food_venue,Commodity Cafe,Part Ground 441 St Kilda Road MELBOURNE VIC 3004,-37.83949217,144.977676928,"{""census_year"":2024,""industry_code"":""4511"",""industry_description"":""Cafes and Restaurants"",""seats"":{""Seats - Indoor"":70,""Seats - Outdoor"":28},""total_seats"":98}",City of Melbourne,com:food:108632:8437a6e02df81ca9
food_venue,Common Man,Shop TG01 39 Dukes Walk SOUTH WHARF VIC 3006,-37.82539976,144.952378154,"{""census_year"":2024,""industry_code"":""4511"",""industry_description"":""Cafes and Restaurants"",""seats"":{""Seats - Outdoor"":59,""Seats - Indoor"":79},""total_seats"":138}",City of Melbourne,com:food:110542:a0bd533fd8c7aab9
food_venue,Common Place Coffee Brewers,28 Rose Lane MELBOURNE VIC 3000,-37.81498784,144.954249339,"{""census_year"":2024,""industry_code"":""4512"",""industry_description"":""Takeaway Food Services"",""seats"":{""Seats - Indoor"":12},""total_seats"":12}",City of Melbourne,com:food:105717:9988b0388c32d1f4
food_venue,Commune Wine,"Restaurant 1, Upper Lvl 3 Southgate Avenue SOUTHBANK VIC 3006",-37.82066924,144.966262253,"{""census_year"":2024,""industry_code"":""4511"",""industry_description"":""Cafes and Restaurants"",""seats"":{""Seats - Indoor"":50},""total_seats"":50}",City of Melbourne,com:food:110606:bf17176c64951770
food_venue,Commuter Coffee,Ground 832B Swanston Street CARLTON VIC 3053,-37.79668021,144.964899925,"{""census_year"":2024,""industry_code"":""4512"",""industry_description"":""Takeaway Food Services"",""seats"":{""Seats - Indoor"":4},""total_seats"":4}",City of Melbourne,com:food:109358:c7937515d9c6a10e
food_venue,Conservatory,Restaurant Crown Towers Hotel Crown Casino 8 Whiteman Street SOUTHBANK VIC 3006,-37.82312164,144.958660189,"{""census_year"":2024,""industry_code"":""4511"",""industry_description"":""Cafes and Restaurants"",""seats"":{""Seats - Indoor"":200},""total_seats"":200}",City of Melbourne,com:food:597190:cbae0a9b72208939
food_venue,Cookie,"Unit S2, Level 1 252 Swanston Street MELBOURNE VIC 3000",-37.81199559,144.965250371,"{""census_year"":2024,""industry_code"":""4520"",""industry_description"":""Pubs, Taverns and Bars"",""seats"":{""Seats - Indoor"":200},""total_seats"":200}",City of Melbourne,com:food:109392:70282445b8c8f2ee
food_venue,Coopers Inn,"Shop 1, 242 Exhibition Street MELBOURNE VIC 3000",-37.80941489,144.969975609,"{""census_year"":2024,""industry_code"":""4520"",""industry_description"":""Pubs, Taverns and Bars"",""seats"":{""Seats - Outdoor"":40,""Seats - Indoor"":300},""total_seats"":340}",City of Melbourne,com:food:103618:5df9d45dea54ab6d
food_venue,Copperwood,316-318 Lygon Street CARLTON VIC 3053,-37.79962339,144.967600033,"{""census_year"":2024,""industry_code"":""4511"",""industry_description"":""Cafes and Restaurants"",""seats"":{""Seats - Outdoor"":33,""Seats - Indoor"":160},""total_seats"":193}",City of Melbourne,com:food:106210:93c1cb830c41ebff
food_venue,Corner & Bench,408 Bourke Street MELBOURNE VIC 3000,-37.8144361,144.961491987,"{""census_year"":2024,""industry_code"":""4511"",""industry_description"":""Cafes and Restaurants"",""seats"":{""Seats - Indoor"":32,""Seats - Outdoor"":40},""total_seats"":72}",City of Melbourne,com:food:101186:0546f386ce571d43
food_venue,Corniche,96 River Esplanade DOCKLANDS VIC 3008,-37.82438863,144.943550585,"{""census_year"":2024,""industry_code"":""4511"",""industry_description"":""Cafes and Restaurants"",""seats"":{""Seats - Indoor"":100,""Seats - Outdoor"":50},""total_seats"":150}",City of Melbourne,com:food:579362:9395c04c643c72be
food_venue,Cosmos Pizza,Part Arts & Culture Building 159 University of Melbourne 230 Grattan Street PARKVILLE VIC 3010,-37.79738772,144.961258672,"{""census_year"":2024,""industry_code"":""4511"",""industry_description"":""Cafes and Restaurants"",""seats"":{""Seats - Indoor"":36},""total_seats"":36}",City of Melbourne,com:food:720194:94647e595ad2a7cc
food_venue,Country Bred On Lonsdale / The Essence / Melbourne Marriott Hotel,92-106 Lonsdale Street MELBOURNE VIC 3000,-37.80987617,144.969165739,"{""census_year"":2024,""industry_code"":""4400"",""industry_description"":""Accommodation"",""seats"":{""Seats - Indoor"":136},""total_seats"":136}",City of Melbourne,com:food:105762:12a7d946dbec8781
food_venue,County Cafe Pty Ltd,Ground 460 Lonsdale Street MELBOURNE VIC 3000,-37.8130525,144.958352884,"{""census_year"":2024,""industry_code"":""4511"",""industry_description"":""Cafes and Restaurants"",""seats"":{""Seats - Outdoor"":16,""Seats - Indoor"":24},""total_seats"":40}",City of Melbourne,com:food:559301:0d6e0b34170f9471
food_venue,Courtyard By Marriott Melbourne Flagstaff Gardens,50-56 Batman Street WEST MELBOURNE VIC 3003,-37.81046953,144.951215514,"{""census_year"":2024,""industry_code"":""4400"",""industry_description"":""Accommodation"",""seats"":{""Seats - Indoor"":60},""total_seats"":60}",City of Melbourne,com:food:100858:06d1b2d5de25c165
food_venue,Coventry Pantry,35-37 Coventry Street SOUTHBANK VIC 3006,-37.82956555,144.96939214,"{""census_year"":2024,""industry_code"":""4511"",""industry_description"":""Cafes and Restaurants"",""seats"":{""Seats - Indoor"":84,""Seats - Outdoor"":62},""total_seats"":146}",City of Melbourne,com:food:110456:588078f0fdceefc6
food_venue,CQ Bar,Part Level 1 113 Queen Street MELBOURNE VIC 3000,-37.81581152,144.960636631,"{""census_year"":2024,""industry_code"":""4511"",""industry_description"":""Cafes and Restaurants"",""seats"":{""Seats - Indoor"":100,""Seats - Outdoor"":40},""total_seats"":140}",City of Melbourne,com:food:108068:0751e851bfaeb695
food_venue,Crazy Wing,234 Little Bourke Street MELBOURNE VIC 3000,-37.81222127,144.965872652,"{""census_year"":2024,""industry_code"":""4511"",""industry_description"":""Cafes and Restaurants"",""seats"":{""Seats - Indoor"":70},""total_seats"":70}",City of Melbourne,com:food:520597:1fac73325fa88e8c
food_venue,Crinitis Southern Italian Cuisine,Ground 198-204 Faraday Street CARLTON VIC 3053,-37.79850637,144.967837797,"{""census_year"":2024,""industry_code"":""4511"",""industry_description"":""Cafes and Restaurants"",""seats"":{""Seats - Indoor"":110,""Seats - Outdoor"":86},""total_seats"":196}",City of Melbourne,com:food:103703:29858e6674413324
food_venue,Crintis Southbank,Shop 5R & 7R 3 Freshwater Place SOUTHBANK VIC 3006,-37.82167833,144.962153946,"{""census_year"":2024,""industry_code"":""4511"",""industry_description"":""Cafes and Restaurants"",""seats"":{""Seats - Indoor"":380,""Seats - Outdoor"":38},""total_seats"":418}",City of Melbourne,com:food:575820:7e8ea74fb4f03c5e
food_venue,Crisp Creative Salad,"Tenancy 20, Ground 550 Bourke Street MELBOURNE VIC 3000",-37.81531863,144.957392295,"{""census_year"":2024,""industry_code"":""4512"",""industry_description"":""Takeaway Food Services"",""seats"":{""Seats - Outdoor"":20},""total_seats"":20}",City of Melbourne,com:food:111283:72a979a541d87a80
food_venue,Crisp Creative Salad,"Shop W2, 9 Southern Cross Lane MELBOURNE VIC 3000",-37.81281453,144.970109211,"{""census_year"":2024,""industry_code"":""4511"",""industry_description"":""Cafes and Restaurants"",""seats"":{""Seats - Indoor"":7,""Seats - Outdoor"":24},""total_seats"":31}",City of Melbourne,com:food:625840:dbd8c716138a2c5d
food_venue,Croque Monsieur,5 Scott Alley MELBOURNE VIC 3000,-37.81685974,144.966302712,"{""census_year"":2024,""industry_code"":""4512"",""industry_description"":""Takeaway Food Services"",""seats"":{""Seats - Indoor"":7},""total_seats"":7}",City of Melbourne,com:food:103940:7035f0497eba4bda
food_venue,Crossley St Cantina,30-32 Crossley Street MELBOURNE VIC 3000,-37.81101377,144.971109213,"{""census_year"":2024,""industry_code"":""4511"",""industry_description"":""Cafes and Restaurants"",""seats"":{""Seats - Indoor"":90},""total_seats"":90}",City of Melbourne,com:food:105831:a9ed1f9c0525e82d
food_venue,Crossways Vegetarian And Vegan Restaurant,147 Swanston Street MELBOURNE VIC 3000,-37.81429892,144.965685091,"{""census_year"":2024,""industry_code"":""4511"",""industry_description"":""Cafes and Restaurants"",""seats"":{""Seats - Outdoor"":28,""Seats - Indoor"":63},""total_seats"":91}",City of Melbourne,com:food:109276:83639d4f74ca15d9
food_venue,Crown Entertainment Complex,Crown Entertainment Complex Crown Casino 8 Whiteman Street SOUTHBANK VIC 3006,-37.82312164,144.958660189,"{""census_year"":2024,""industry_code"":""9201"",""industry_description"":""Casino Operation"",""seats"":{""Seats - Indoor"":805},""total_seats"":805}",City of Melbourne,com:food:111175:9fc454a1f3650818
food_venue,Crown Melbourne Limited,"Shop 3, Ground 8 Whiteman Street SOUTHBANK VIC 3006",-37.82312164,144.958660189,"{""census_year"":2024,""industry_code"":""4511"",""industry_description"":""Cafes and Restaurants"",""seats"":{""Seats - Indoor"":60},""total_seats"":60}",City of Melbourne,com:food:111175:48d87bd1405e93d0
food_venue,Crown Metropol,57-91 Clarendon Street SOUTHBANK VIC 3006,-37.82559018,144.958342688,"{""census_year"":2024,""industry_code"":""4400"",""industry_description"":""Accommodation"",""seats"":{""Seats - Indoor"":60},""total_seats"":60}",City of Melbourne,com:food:110478:7855e6ad5ee60fdc
food_venue,Crowne Plaza Melbourne,Crowne Plaza 1-5 Spencer Street DOCKLANDS VIC 3008,-37.82268111,144.955049131,"{""census_year"":2024,""industry_code"":""4400"",""industry_description"":""Accommodation"",""seats"":{""Seats - Indoor"":100},""total_seats"":100}",City of Melbourne,com:food:108844:f5aa08d0d00527ad
food_venue,Crust Gourmet Pizza Bar Kensington,Shop Ground 532-534 Macaulay Road KENSINGTON VIC 3031,-37.79401627,144.928433661,"{""census_year"":2024,""industry_code"":""4512"",""industry_description"":""Takeaway Food Services"",""seats"":{""Seats - Indoor"":7,""Seats - Outdoor"":8},""total_seats"":15}",City of Melbourne,com:food:614821:ae6a7d169fee670d
food_venue,Crust Gourmet Pizza Bar Melbourne,38 Niagara Lane MELBOURNE VIC 3000,-37.81291055,144.961464779,"{""census_year"":2024,""industry_code"":""4511"",""industry_description"":""Cafes and Restaurants"",""seats"":{""Seats - Indoor"":24},""total_seats"":24}",City of Melbourne,com:food:105704:d839898219594826
food_venue,Crystal Jade Restaurant,"Tenancy 6, 154 Little Bourke Street MELBOURNE VIC 3000",-37.81158809,144.967863195,"{""census_year"":2024,""industry_code"":""4511"",""industry_description"":""Cafes and Restaurants"",""seats"":{""Seats - Indoor"":120},""total_seats"":120}",City of Melbourne,com:food:108583:fea96e32163d775b
food_venue,Cuff,Part Ground 325 Flinders Lane MELBOURNE VIC 3000,-37.81775826,144.963490994,"{""census_year"":2024,""industry_code"":""4511"",""industry_description"":""Cafes and Restaurants"",""seats"":{""Seats - Indoor"":100,""Seats - Outdoor"":20},""total_seats"":120}",City of Melbourne,com:food:103948:9d9cb48fd80d31ae
food_venue,Culpa Espresso,"Shop 7-8, 236 Bourke Street MELBOURNE VIC 3000",-37.81272047,144.966295166,"{""census_year"":2024,""industry_code"":""4512"",""industry_description"":""Takeaway Food Services"",""seats"":{""Seats - Indoor"":7},""total_seats"":7}",City of Melbourne,com:food:101200:099eb43c157b0c27
food_venue,Culpa Espresso,Part Ground 91 William Street MELBOURNE VIC 3000,-37.81711876,144.958519318,"{""census_year"":2024,""industry_code"":""4512"",""industry_description"":""Takeaway Food Services"",""seats"":{""Seats - Indoor"":4},""total_seats"":4}",City of Melbourne,com:food:110093:a1ac9454a79bbdaf
food_venue,Culprit,Part Ground 408 Flinders Lane MELBOURNE VIC 3000,-37.8180082,144.959868643,"{""census_year"":2024,""industry_code"":""4511"",""industry_description"":""Cafes and Restaurants"",""seats"":{""Seats - Indoor"":30},""total_seats"":30}",City of Melbourne,com:food:708083:910716b7aaf2df37
food_venue,Cumulus Inc,Part Ground & Level 1 45 Flinders Lane MELBOURNE VIC 3000,-37.81494022,144.97313454,"{""census_year"":2024,""industry_code"":""4511"",""industry_description"":""Cafes and Restaurants"",""seats"":{""Seats - Indoor"":141},""total_seats"":141}",City of Melbourne,com:food:103915:53755aaabcade649
food_venue,Curry Bowl,Ground 101 Lonsdale Street MELBOURNE VIC 3000,-37.81037184,144.969451244,"{""census_year"":2024,""industry_code"":""4512"",""industry_description"":""Takeaway Food Services"",""seats"":{""Seats - Indoor"":10,""Seats - Outdoor"":10},""total_seats"":20}",City of Melbourne,com:food:103606:53c2cb9607f0b77f
food_venue,Curry Vault,18 Bank Place MELBOURNE VIC 3000,-37.81642893,144.960522489,"{""census_year"":2024,""industry_code"":""4511"",""industry_description"":""Cafes and Restaurants"",""seats"":{""Seats - Indoor"":60,""Seats - Outdoor"":14},""total_seats"":74}",City of Melbourne,com:food:100729:99231a43a163673e
food_venue,Cyrus Artlounge,277 Lygon Street CARLTON VIC 3053,-37.79901857,144.966932478,"{""census_year"":2024,""industry_code"":""4511"",""industry_description"":""Cafes and Restaurants"",""seats"":{""Seats - Indoor"":22},""total_seats"":22}",City of Melbourne,com:food:106138:969f0bbf21957407
food_venue,D G Expresso,63 Merchant Street DOCKLANDS VIC 3008,-37.82044557,144.943459922,"{""census_year"":2024,""industry_code"":""4511"",""industry_description"":""Cafes and Restaurants"",""seats"":{""Seats - Indoor"":27},""total_seats"":27}",City of Melbourne,com:food:609480:2aca6c27f6c4f80f
food_venue,D MARCOS ESPRESSO BAR,"Shop 11, LwrGround 108 Bourke Street MELBOURNE VIC 3000",-37.81170307,144.969777753,"{""census_year"":2024,""industry_code"":""4512"",""industry_description"":""Takeaway Food Services"",""seats"":{""Seats - Indoor"":10},""total_seats"":10}",City of Melbourne,com:food:101219:8cb866fce012bc0c
food_venue,D'Penyetz & D'Cendol,204 Little Bourke Street MELBOURNE VIC 3000,-37.81199247,144.966540804,"{""census_year"":2024,""industry_code"":""4511"",""industry_description"":""Cafes and Restaurants"",""seats"":{""Seats - Indoor"":80},""total_seats"":80}",City of Melbourne,com:food:105885:f84f7cfb60c7ed57
food_venue,D'Penyetz & D'Cendol,112 Lygon Street CARLTON VIC 3053,-37.80443778,144.966699249,"{""census_year"":2024,""industry_code"":""4511"",""industry_description"":""Cafes and Restaurants"",""seats"":{""Seats - Indoor"":20,""Seats - Outdoor"":22},""total_seats"":42}",City of Melbourne,com:food:111065:0c794879d948108d
food_venue,D1 Hong Kong Cafe,"Shop 73, Ground 300 Lonsdale Street MELBOURNE VIC 3000",-37.81073331,144.963018917,"{""census_year"":2024,""industry_code"":""4512"",""industry_description"":""Takeaway Food Services"",""seats"":{""Seats - Indoor"":10},""total_seats"":10}",City of Melbourne,com:food:105746:980d34702b9b90d8
food_venue,Da Guido,128-130 Lygon Street CARLTON VIC 3053,-37.80403393,144.966683147,"{""census_year"":2024,""industry_code"":""4511"",""industry_description"":""Cafes and Restaurants"",""seats"":{""Seats - Outdoor"":20,""Seats - Indoor"":40},""total_seats"":60}",City of Melbourne,com:food:106249:ff3e9fbaddf8e6be
food_venue,Da Guido 365,"Unit 1, Ground 365 Little Collins Street MELBOURNE VIC 3000",-37.81581721,144.962811541,"{""census_year"":2024,""industry_code"":""4511"",""industry_description"":""Cafes and Restaurants"",""seats"":{""Seats - Indoor"":58,""Seats - Outdoor"":16},""total_seats"":74}",City of Melbourne,com:food:110670:a3f133cc07f763ab
food_venue,Da Tie Niu,Ground 360 La Trobe Street MELBOURNE VIC 3000,-37.8107204,144.959136749,"{""census_year"":2024,""industry_code"":""4511"",""industry_description"":""Cafes and Restaurants"",""seats"":{""Seats - Indoor"":33},""total_seats"":33}",City of Melbourne,com:food:105480:570b73b80c674cf2
food_venue,Dackie Maolatang Melbourne Pty Ltd,516 Little Bourke Street MELBOURNE VIC 3000,-37.8146364,144.95704074,"{""census_year"":2024,""industry_code"":""4511"",""industry_description"":""Cafes and Restaurants"",""seats"":{""Seats - Indoor"":20},""total_seats"":20}",City of Melbourne,com:food:110099:c2b70a3b87ce78da
food_venue,Dagwood Deli,Part Ground 6 Riverside Quay SOUTHBANK VIC 3006,-37.82082512,144.963828622,"{""census_year"":2024,""industry_code"":""4511"",""industry_description"":""Cafes and Restaurants"",""seats"":{""Seats - Indoor"":20,""Seats - Outdoor"":10},""total_seats"":30}",City of Melbourne,com:food:110327:29c4fd5db44bc331
food_venue,Daily Delish,85 Franklin Street MELBOURNE VIC 3000,-37.80816922,144.961762745,"{""census_year"":2024,""industry_code"":""4511"",""industry_description"":""Cafes and Restaurants"",""seats"":{""Seats - Indoor"":35},""total_seats"":35}",City of Melbourne,com:food:104080:c95c11f7dd6f6662
food_venue,Dainty Sichuan Food,149-155 Lonsdale Street MELBOURNE VIC 3000,-37.81090617,144.96801737,"{""census_year"":2024,""industry_code"":""4511"",""industry_description"":""Cafes and Restaurants"",""seats"":{""Seats - Indoor"":180},""total_seats"":180}",City of Melbourne,com:food:105682:7ce7e7138d363a59
food_venue,Dainty sichuan noodles,27-33 Red Cape Lane MELBOURNE VIC 3000,-37.810658,144.965703374,"{""census_year"":2024,""industry_code"":""4511"",""industry_description"":""Cafes and Restaurants"",""seats"":{""Seats - Indoor"":50},""total_seats"":50}",City of Melbourne,com:food:589841:adc1a4e9b831a279
food_venue,Dame Melbourne,"Shop 3, 45 Collins Street MELBOURNE VIC 3000",-37.81430615,144.972628037,"{""census_year"":2024,""industry_code"":""4511"",""industry_description"":""Cafes and Restaurants"",""seats"":{""Seats - Indoor"":60,""Seats - Outdoor"":40},""total_seats"":100}",City of Melbourne,com:food:102061:4ef29aeb50fef9bb
food_venue,Damiao Panda Fan,Part Level 1 388-396 Elizabeth Street MELBOURNE VIC 3000,-37.80953008,144.961422563,"{""census_year"":2024,""industry_code"":""4511"",""industry_description"":""Cafes and Restaurants"",""seats"":{""Seats - Indoor"":150,""Seats - Outdoor"":20},""total_seats"":170}",City of Melbourne,com:food:103305:40745d927516498b
food_venue,Damon Bradley Southgate,"Shop 14, Mid Lvl 3 Southgate Avenue SOUTHBANK VIC 3006",-37.82066924,144.966262253,"{""census_year"":2024,""industry_code"":""4511"",""industry_description"":""Cafes and Restaurants"",""seats"":{""Seats - Indoor"":31},""total_seats"":31}",City of Melbourne,com:food:110606:c010a3d0d2db9ed6
food_venue,Dan's Deli,210 Queensberry Street CARLTON VIC 3053,-37.80421362,144.962027353,"{""census_year"":2024,""industry_code"":""4511"",""industry_description"":""Cafes and Restaurants"",""seats"":{""Seats - Indoor"":10,""Seats - Outdoor"":16},""total_seats"":26}",City of Melbourne,com:food:108026:c315954f52747bca
food_venue,Dancing Flame Charcoal Grill,Ground 579-581 Elizabeth Street MELBOURNE VIC 3000,-37.80471151,144.958291779,"{""census_year"":2024,""industry_code"":""4511"",""industry_description"":""Cafes and Restaurants"",""seats"":{""Seats - Indoor"":50,""Seats - Outdoor"":8},""total_seats"":58}",City of Melbourne,com:food:103242:b9f2ad3045e360d8
food_venue,Dao Noodle,Ground 397 Little Lonsdale Street MELBOURNE VIC 3000,-37.81190077,144.960249837,"{""census_year"":2024,""industry_code"":""4511"",""industry_description"":""Cafes and Restaurants"",""seats"":{""Seats - Indoor"":60},""total_seats"":60}",City of Melbourne,com:food:106018:1116b113876f4314
food_venue,Darac,Ground 53 A'Beckett Street MELBOURNE VIC 3000,-37.8090975,144.962074258,"{""census_year"":2024,""industry_code"":""4511"",""industry_description"":""Cafes and Restaurants"",""seats"":{""Seats - Outdoor"":6,""Seats - Indoor"":44},""total_seats"":50}",City of Melbourne,com:food:100153:98fe56740f96f062
food_venue,Daughter In Law,Ground 37-41 Little Bourke Street MELBOURNE VIC 3000,-37.81083595,144.971505869,"{""census_year"":2024,""industry_code"":""4511"",""industry_description"":""Cafes and Restaurants"",""seats"":{""Seats - Outdoor"":12,""Seats - Indoor"":80},""total_seats"":92}",City of Melbourne,com:food:105829:a67368c8ee9c8413
food_venue,David's Master Pot,Gnd & Mezz 452 Elizabeth Street MELBOURNE VIC 3000,-37.80783746,144.960624495,"{""census_year"":2024,""industry_code"":""4511"",""industry_description"":""Cafes and Restaurants"",""seats"":{""Seats - Outdoor"":20,""Seats - Indoor"":47},""total_seats"":67}",City of Melbourne,com:food:103300:fb362c7ad2b06edc
food_venue,David's Master Pot Swanston,Ground 301 Swanston Street MELBOURNE VIC 3000,-37.81107765,144.964193795,"{""census_year"":2024,""industry_code"":""4511"",""industry_description"":""Cafes and Restaurants"",""seats"":{""Seats - Indoor"":26,""Seats - Outdoor"":8},""total_seats"":34}",City of Melbourne,com:food:109304:70dd78f0bb648510
food_venue,Davids Hot Pot,279 La Trobe Street MELBOURNE VIC 3000,-37.81073635,144.960864124,"{""census_year"":2024,""industry_code"":""4511"",""industry_description"":""Cafes and Restaurants"",""seats"":{""Seats - Indoor"":55},""total_seats"":55}",City of Melbourne,com:food:105446:58ca5915d1287128
food_venue,Daybreak Cafe,"Shop 12, Ground 90 Waterfront Way DOCKLANDS VIC 3008",-37.81220918,144.939410985,"{""census_year"":2024,""industry_code"":""4511"",""industry_description"":""Cafes and Restaurants"",""seats"":{""Seats - Indoor"":40,""Seats - Outdoor"":8},""total_seats"":48}",City of Melbourne,com:food:593729:b9af3700aa918de5
food_venue,De Gusto,768B Bourke Street DOCKLANDS VIC 3008,-37.81817241,144.947217029,"{""census_year"":2024,""industry_code"":""4511"",""industry_description"":""Cafes and Restaurants"",""seats"":{""Seats - Indoor"":35,""Seats - Outdoor"":8},""total_seats"":43}",City of Melbourne,com:food:599505:27fd4902418f5e71
food_venue,Dear Barbecue Buffet,Level 1 401-405 Swanston Street MELBOURNE VIC 3000,-37.80904283,144.963216993,"{""census_year"":2024,""industry_code"":""4511"",""industry_description"":""Cafes and Restaurants"",""seats"":{""Seats - Indoor"":110},""total_seats"":110}",City of Melbourne,com:food:109314:4ecec1fe5b4953ea
food_venue,Decennium Australia,12 Equitable Place MELBOURNE VIC 3000,-37.81592157,144.963497878,"{""census_year"":2024,""industry_code"":""4511"",""industry_description"":""Cafes and Restaurants"",""seats"":{""Seats - Indoor"":29},""total_seats"":29}",City of Melbourne,com:food:103176:8c5acfd04c50992c
food_venue,Dee Casa,139 City Road SOUTHBANK VIC 3006,-37.82348388,144.963582557,"{""census_year"":2024,""industry_code"":""4511"",""industry_description"":""Cafes and Restaurants"",""seats"":{""Seats - Indoor"":40},""total_seats"":40}",City of Melbourne,com:food:110362:d4194a5e741f2f6a
food_venue,Degani @ Crown,"Shop 49, Level 1 8 Whiteman Street SOUTHBANK VIC 3006",-37.82312164,144.958660189,"{""census_year"":2024,""industry_code"":""4511"",""industry_description"":""Cafes and Restaurants"",""seats"":{""Seats - Indoor"":60},""total_seats"":60}",City of Melbourne,com:food:111175:139a6f32252168e5
food_venue,Degani @ Southern Cross Station,Shop Ground 163 Spencer Street DOCKLANDS VIC 3008,-37.81501701,144.951186966,"{""census_year"":2024,""industry_code"":""4511"",""industry_description"":""Cafes and Restaurants"",""seats"":{""Seats - Indoor"":45},""total_seats"":45}",City of Melbourne,com:food:110843:115c7064189acdcf
food_venue,Degani Bakery Cafe,"Shop 1, Ground 18-38 Siddeley Street DOCKLANDS VIC 3008",-37.82273183,144.953818379,"{""census_year"":2024,""industry_code"":""4511"",""industry_description"":""Cafes and Restaurants"",""seats"":{""Seats - Indoor"":72,""Seats - Outdoor"":26},""total_seats"":98}",City of Melbourne,com:food:103978:55f57a1b31bccb62
food_venue,Degraves Espresso Melbourne,23-25 Degraves Street MELBOURNE VIC 3000,-37.81710105,144.965484351,"{""census_year"":2024,""industry_code"":""4511"",""industry_description"":""Cafes and Restaurants"",""seats"":{""Seats - Outdoor"":35,""Seats - Indoor"":31},""total_seats"":66}",City of Melbourne,com:food:103943:3984bd63943c768b
food_venue,Del Corso,Ground 353 Flinders Lane MELBOURNE VIC 3000,-37.81786011,144.962744469,"{""census_year"":2024,""industry_code"":""4511"",""industry_description"":""Cafes and Restaurants"",""seats"":{""Seats - Indoor"":64},""total_seats"":64}",City of Melbourne,com:food:103953:4b67b9ef6c350c65
food_venue,Delaware North,Part MCG 120 Brunton Avenue EAST MELBOURNE VIC 3002,-37.81992883,144.983282774,"{""census_year"":2024,""industry_code"":""4513"",""industry_description"":""Catering Services"",""seats"":{""Seats - Indoor"":3240,""Seats - Outdoor"":175},""total_seats"":3415}",City of Melbourne,com:food:110266:0a25d4dfa73ea0ba
food_venue,Delaware North Companies Australia Pty Ltd,Part Rod Laver Arena Melbourne Park 200 Batman Avenue MELBOURNE VIC 3004,-37.82179823,144.980338234,"{""census_year"":2024,""industry_code"":""4513"",""industry_description"":""Catering Services"",""seats"":{""Seats - Indoor"":4920,""Seats - Outdoor"":50},""total_seats"":4970}",City of Melbourne,com:food:614000:75e67375935c3d32
food_venue,Delhi Rocks,Mezz & Level 1-3 123 Swanston Street MELBOURNE VIC 3000,-37.81482941,144.965885145,"{""census_year"":2024,""industry_code"":""4511"",""industry_description"":""Cafes and Restaurants"",""seats"":{""Seats - Indoor"":100},""total_seats"":100}",City of Melbourne,com:food:109270:b33496b0d189cb8f
food_venue,Delhi Rocks,Gnd & Flr1 205 King Street MELBOURNE VIC 3000,-37.81538903,144.954969041,"{""census_year"":2024,""industry_code"":""4511"",""industry_description"":""Cafes and Restaurants"",""seats"":{""Seats - Indoor"":46},""total_seats"":46}",City of Melbourne,com:food:105308:3a57f15c74a68cda
food_venue,Delhi Streets,18 Katherine Place MELBOURNE VIC 3000,-37.81988483,144.956601666,"{""census_year"":2024,""industry_code"":""4511"",""industry_description"":""Cafes and Restaurants"",""seats"":{""Seats - Indoor"":28},""total_seats"":28}",City of Melbourne,com:food:103957:a452f3b6d5ce8f7c
food_venue,Delicious Asian Cuisines & Pho,"Shop 2, 551-555 Little Lonsdale Street MELBOURNE VIC 3000",-37.81329521,144.955565246,"{""census_year"":2024,""industry_code"":""4511"",""industry_description"":""Cafes and Restaurants"",""seats"":{""Seats - Indoor"":24},""total_seats"":24}",City of Melbourne,com:food:106023:0f756320da2669b3
food_venue,Delisure Kitchen,"Shop 1, 391 St Kilda Road MELBOURNE VIC 3004",-37.83548357,144.975719407,"{""census_year"":2024,""industry_code"":""4511"",""industry_description"":""Cafes and Restaurants"",""seats"":{""Seats - Indoor"":30,""Seats - Outdoor"":25},""total_seats"":55}",City of Melbourne,com:food:108620:b1eb2cfbab35dd5d
food_venue,Denmark House,"Suite 301, Level 3 428 Little Bourke Street MELBOURNE VIC 3000",-37.81392391,144.959722913,"{""census_year"":2024,""industry_code"":""4511"",""industry_description"":""Cafes and Restaurants"",""seats"":{""Seats - Indoor"":45},""total_seats"":45}",City of Melbourne,com:food:105867:55e78a1f3ee38a72
food_venue,Desi Adda,10 Elizabeth Street MELBOURNE VIC 3000,-37.81763649,144.96509495,"{""census_year"":2024,""industry_code"":""4511"",""industry_description"":""Cafes and Restaurants"",""seats"":{""Seats - Indoor"":30},""total_seats"":30}",City of Melbourne,com:food:103328:66d3c1ffb759b7b5
food_venue,Desi Dhaba,Ground 134 Flinders Street MELBOURNE VIC 3000,-37.81629562,144.970430362,"{""census_year"":2024,""industry_code"":""4511"",""industry_description"":""Cafes and Restaurants"",""seats"":{""Seats - Indoor"":90},""total_seats"":90}",City of Melbourne,com:food:104023:cc28220e839657b7
food_venue,Dessert Story,195 Little Bourke Street MELBOURNE VIC 3000,-37.81221773,144.966826432,"{""census_year"":2024,""industry_code"":""4511"",""industry_description"":""Cafes and Restaurants"",""seats"":{""Seats - Indoor"":60},""total_seats"":60}",City of Melbourne,com:food:105839:39cd3eaa9b83f790
food_venue,Destination Roll,"Shop 6, Ground 697 Collins Street DOCKLANDS VIC 3008",-37.820697,144.951808421,"{""census_year"":2024,""industry_code"":""4512"",""industry_description"":""Takeaway Food Services"",""seats"":{""Seats - Indoor"":7},""total_seats"":7}",City of Melbourne,com:food:692621:505891b8dde434b1
food_venue,Di Stasio Citta,45 Spring Street MELBOURNE VIC 3000,-37.81419762,144.973948408,"{""census_year"":2024,""industry_code"":""4511"",""industry_description"":""Cafes and Restaurants"",""seats"":{""Seats - Indoor"":85},""total_seats"":85}",City of Melbourne,com:food:108978:67c574b20687ff22
food_venue,Di Stasio Pizzeria,Part Ground 224 Faraday Street CARLTON VIC 3053,-37.79829108,144.966863457,"{""census_year"":2024,""industry_code"":""4511"",""industry_description"":""Cafes and Restaurants"",""seats"":{""Seats - Indoor"":170},""total_seats"":170}",City of Melbourne,com:food:103701:0982085a05e14062
food_venue,Diesel Bar,202 Little Lonsdale Street MELBOURNE VIC 3000,-37.81073331,144.963018917,"{""census_year"":2024,""industry_code"":""4520"",""industry_description"":""Pubs, Taverns and Bars"",""seats"":{""Seats - Indoor"":200},""total_seats"":200}",City of Melbourne,com:food:105746:77b3e72a534e1f91
food_venue,Dikstein's Corner Bar,433 Little Collins Street MELBOURNE VIC 3000,-37.81631093,144.960341264,"{""census_year"":2024,""industry_code"":""4511"",""industry_description"":""Cafes and Restaurants"",""seats"":{""Seats - Outdoor"":36,""Seats - Indoor"":66},""total_seats"":102}",City of Melbourne,com:food:105936:1840d5efc18db287
food_venue,Dim Sim Holic,88 Grattan Street CARLTON VIC 3053,-37.80049164,144.966590198,"{""census_year"":2024,""industry_code"":""4511"",""industry_description"":""Cafes and Restaurants"",""seats"":{""Seats - Indoor"":20},""total_seats"":20}",City of Melbourne,com:food:106113:a14269fdf6da1aa0
food_venue,Din Tai Fung,"Shop M02, Level 4, 287 Lonsdale Street MELBOURNE VIC 3000",-37.81245199,144.963838585,"{""census_year"":2024,""industry_code"":""4511"",""industry_description"":""Cafes and Restaurants"",""seats"":{""Seats - Indoor"":200},""total_seats"":200}",City of Melbourne,com:food:105698:725c6c33de653459
food_venue,Diner On Franklyn,245 Franklin Street MELBOURNE VIC 3000,-37.80967008,144.956662638,"{""census_year"":2024,""industry_code"":""4511"",""industry_description"":""Cafes and Restaurants"",""seats"":{""Seats - Indoor"":20},""total_seats"":20}",City of Melbourne,com:food:554417:72af5d4d34f25ae8
food_venue,Disciples of Epicurus,16 Equitable Place MELBOURNE VIC 3000,-37.81592157,144.963497878,"{""census_year"":2024,""industry_code"":""4511"",""industry_description"":""Cafes and Restaurants"",""seats"":{""Seats - Outdoor"":22,""Seats - Indoor"":44},""total_seats"":66}",City of Melbourne,com:food:103176:f020503db82466b4
food_venue,Divine Darbar Indian Restaurant and Bar,292 Lygon Street CARLTON VIC 3053,-37.80013942,144.967333819,"{""census_year"":2024,""industry_code"":""4511"",""industry_description"":""Cafes and Restaurants"",""seats"":{""Seats - Indoor"":89},""total_seats"":89}",City of Melbourne,com:food:106217:5f03cc719aa592aa
food_venue,DOC Espresso,Gnd & Flr1 326 Lygon Street CARLTON VIC 3053,-37.79932164,144.96747353,"{""census_year"":2024,""industry_code"":""4511"",""industry_description"":""Cafes and Restaurants"",""seats"":{""Seats - Indoor"":50,""Seats - Outdoor"":60},""total_seats"":110}",City of Melbourne,com:food:106206:fdadc9aae66736d0
food_venue,Doc Pizza & Mozarella Bar,295-297 Drummond Street CARLTON VIC 3053,-37.7989855,144.968443765,"{""census_year"":2024,""industry_code"":""4511"",""industry_description"":""Cafes and Restaurants"",""seats"":{""Seats - Outdoor"":40,""Seats - Indoor"":60},""total_seats"":100}",City of Melbourne,com:food:102685:2296fe752d88743f
food_venue,DOC Southbank,Part Ground 6 Riverside Quay SOUTHBANK VIC 3006,-37.82082512,144.963828622,"{""census_year"":2024,""industry_code"":""4511"",""industry_description"":""Cafes and Restaurants"",""seats"":{""Seats - Outdoor"":30,""Seats - Indoor"":45},""total_seats"":75}",City of Melbourne,com:food:110327:c7c80f1de1d44965
food_venue,Dock 37 Bar & Kitchen,Part 2 Convention Centre Place SOUTH WHARF VIC 3006,-37.82539976,144.952378154,"{""census_year"":2024,""industry_code"":""4511"",""industry_description"":""Cafes and Restaurants"",""seats"":{""Seats - Indoor"":152,""Seats - Outdoor"":60},""total_seats"":212}",City of Melbourne,com:food:623559:cd36ae62c4591e32
food_venue,Docklands Den,5 Rakaia Way DOCKLANDS VIC 3008,-37.81427742,144.940199413,"{""census_year"":2024,""industry_code"":""4511"",""industry_description"":""Cafes and Restaurants"",""seats"":{""Seats - Indoor"":54,""Seats - Outdoor"":4},""total_seats"":58}",City of Melbourne,com:food:601815:3fa7cda31e4789ea
food_venue,Docklands Lotus Restaurant,Part 12-16 Newquay Promenade DOCKLANDS VIC 3008,-37.81389099,144.943683537,"{""census_year"":2024,""industry_code"":""4511"",""industry_description"":""Cafes and Restaurants"",""seats"":{""Seats - Outdoor"":30,""Seats - Indoor"":125},""total_seats"":155}",City of Melbourne,com:food:584059:4562c3df90f6770c
food_venue,Dodee Paidang Thai Bar And Cafe,Basement 2A 25 Equitable Place MELBOURNE VIC 3000,-37.81570426,144.962984348,"{""census_year"":2024,""industry_code"":""4511"",""industry_description"":""Cafes and Restaurants"",""seats"":{""Seats - Indoor"":80},""total_seats"":80}",City of Melbourne,com:food:110669:f3a5fe53a7397caa
food_venue,Dodee Paidang Thai Bar And Cafe - Takeaway,"Shop 7B, 353 Little Collins Street MELBOURNE VIC 3000",-37.81570426,144.962984348,"{""census_year"":2024,""industry_code"":""4512"",""industry_description"":""Takeaway Food Services"",""seats"":{""Seats - Indoor"":8,""Seats - Outdoor"":4},""total_seats"":12}",City of Melbourne,com:food:110669:8be71c85d6253ae2
food_venue,Dodee Paidang Thai Street Food,Ground 245 Swanston Street MELBOURNE VIC 3000,-37.81230108,144.964736445,"{""census_year"":2024,""industry_code"":""4511"",""industry_description"":""Cafes and Restaurants"",""seats"":{""Seats - Indoor"":74,""Seats - Outdoor"":24},""total_seats"":98}",City of Melbourne,com:food:109292:7acce2b45a2867c9
food_venue,Dohtonbori,Level 1 14 Star Circus DOCKLANDS VIC 3008,-37.8131707,144.937857365,"{""census_year"":2024,""industry_code"":""4511"",""industry_description"":""Cafes and Restaurants"",""seats"":{""Seats - Outdoor"":18,""Seats - Indoor"":48},""total_seats"":66}",City of Melbourne,com:food:620312:a241102c3312c548
food_venue,Dohtonbori,147-149 Bourke Street MELBOURNE VIC 3000,-37.81280567,144.968972072,"{""census_year"":2024,""industry_code"":""4511"",""industry_description"":""Cafes and Restaurants"",""seats"":{""Seats - Indoor"":24},""total_seats"":24}",City of Melbourne,com:food:101121:fa93573e34d4a47d
food_venue,Doju,"Shop 9, Ground 530 Little Collins Street MELBOURNE VIC 3000",-37.81686865,144.957088016,"{""census_year"":2024,""industry_code"":""4511"",""industry_description"":""Cafes and Restaurants"",""seats"":{""Seats - Indoor"":46},""total_seats"":46}",City of Melbourne,com:food:105950:a7dc050fb6f46696
food_venue,Dolan,Part Ground 382 Lonsdale Street MELBOURNE VIC 3000,-37.81235069,144.960960693,"{""census_year"":2024,""industry_code"":""4511"",""industry_description"":""Cafes and Restaurants"",""seats"":{""Seats - Indoor"":40},""total_seats"":40}",City of Melbourne,com:food:105740:8097be9fea6b3893
food_venue,Domain Brasserie,181 Domain Road SOUTH YARRA VIC 3141,-37.83431435,144.982036345,"{""census_year"":2024,""industry_code"":""4511"",""industry_description"":""Cafes and Restaurants"",""seats"":{""Seats - Indoor"":45,""Seats - Outdoor"":36},""total_seats"":81}",City of Melbourne,com:food:102505:2fde680e84a5c1eb
food_venue,Domino's Pizza,"Shop 2, Ground 121 Grattan Street CARLTON VIC 3053",-37.80077102,144.965103662,"{""census_year"":2024,""industry_code"":""4512"",""industry_description"":""Takeaway Food Services"",""seats"":{""Seats - Indoor"":15,""Seats - Outdoor"":10},""total_seats"":25}",City of Melbourne,com:food:104450:fb1f2e5fcbdcf49d
food_venue,Dominos Pizza Melbourne CBD,553 Flinders Street MELBOURNE VIC 3000,-37.82099397,144.956518441,"{""census_year"":2024,""industry_code"":""4512"",""industry_description"":""Takeaway Food Services"",""seats"":{""Seats - Indoor"":8},""total_seats"":8}",City of Melbourne,com:food:611394:cc327b4911f19327
food_venue,Don Don Japanese Restaurant,"Lot 102, Level 1 564 Collins Street MELBOURNE VIC 3000",-37.81824464,144.955844585,"{""census_year"":2024,""industry_code"":""4511"",""industry_description"":""Cafes and Restaurants"",""seats"":{""Seats - Indoor"":41},""total_seats"":41}",City of Melbourne,com:food:102113:f6a4337eb2eb1267
food_venue,Don Tojo,"Unit 3, 164 Cardigan Street CARLTON VIC 3053",-37.80132569,144.965626451,"{""census_year"":2024,""industry_code"":""4511"",""industry_description"":""Cafes and Restaurants"",""seats"":{""Seats - Outdoor"":15,""Seats - Indoor"":48},""total_seats"":63}",City of Melbourne,com:food:101693:84a67821a71e4e23
food_venue,Dong Xing Asian Food & Sushi Noodle Bar,49 Errol Street NORTH MELBOURNE VIC 3051,-37.80386264,144.949041413,"{""census_year"":2024,""industry_code"":""4512"",""industry_description"":""Takeaway Food Services"",""seats"":{""Seats - Indoor"":4,""Seats - Outdoor"":8},""total_seats"":12}",City of Melbourne,com:food:103408:0acdec0492e06554
food_venue,Dongdaemun,"Shop 1, Ground 466-468 Little Lonsdale Street MELBOURNE VIC 3000",-37.81290439,144.955572945,"{""census_year"":2024,""industry_code"":""4511"",""industry_description"":""Cafes and Restaurants"",""seats"":{""Seats - Indoor"":24},""total_seats"":24}",City of Melbourne,com:food:106031:a519cb9640af7411
food_venue,Donnini's Restaurant,320 Lygon Street CARLTON VIC 3053,-37.79953749,144.967510433,"{""census_year"":2024,""industry_code"":""4511"",""industry_description"":""Cafes and Restaurants"",""seats"":{""Seats - Outdoor"":24,""Seats - Indoor"":70},""total_seats"":94}",City of Melbourne,com:food:106209:ae23f37d5d9a829e
food_venue,Donwoori,276 Victoria Street NORTH MELBOURNE VIC 3051,-37.80580455,144.957390153,"{""census_year"":2024,""industry_code"":""4511"",""industry_description"":""Cafes and Restaurants"",""seats"":{""Seats - Indoor"":36,""Seats - Outdoor"":16},""total_seats"":52}",City of Melbourne,com:food:109837:f3aa5b4d39bccc85
food_venue,Dooboo Korean Tofu House,261-263 Swanston Street MELBOURNE VIC 3000,-37.81206228,144.964625377,"{""census_year"":2024,""industry_code"":""4511"",""industry_description"":""Cafes and Restaurants"",""seats"":{""Seats - Indoor"":100},""total_seats"":100}",City of Melbourne,com:food:109296:fa04bb18b2109fc3
food_venue,Dorsett Hotel Melbourne,615 Little Lonsdale Street MELBOURNE VIC 3000,-37.81437529,144.952954607,"{""census_year"":2024,""industry_code"":""4400"",""industry_description"":""Accommodation"",""seats"":{""Seats - Indoor"":768},""total_seats"":768}",City of Melbourne,com:food:724324:64057be23bbe3cb0
food_venue,Dosa Hut Melbourne CBD,209-211 King Street MELBOURNE VIC 3000,-37.81529895,144.954926555,"{""census_year"":2024,""industry_code"":""4511"",""industry_description"":""Cafes and Restaurants"",""seats"":{""Seats - Indoor"":178},""total_seats"":178}",City of Melbourne,com:food:105309:cdf9e2003f5934bf
food_venue,Dosirock,"Shop 1, 280 King Street MELBOURNE VIC 3000",-37.81349786,144.954822177,"{""census_year"":2024,""industry_code"":""4511"",""industry_description"":""Cafes and Restaurants"",""seats"":{""Seats - Indoor"":40},""total_seats"":40}",City of Melbourne,com:food:105375:36c664aa70bbf795
food_venue,Dots Japanese,Part Ground 123 Swanston Street MELBOURNE VIC 3000,-37.81482941,144.965885145,"{""census_year"":2024,""industry_code"":""4511"",""industry_description"":""Cafes and Restaurants"",""seats"":{""Seats - Indoor"":56},""total_seats"":56}",City of Melbourne,com:food:109270:3922729519d33132
food_venue,Doughboys Doughnuts,"Shop 1B, 535 Bourke Street MELBOURNE VIC 3000",-37.81636534,144.957813206,"{""census_year"":2024,""industry_code"":""4511"",""industry_description"":""Cafes and Restaurants"",""seats"":{""Seats - Indoor"":12,""Seats - Outdoor"":24},""total_seats"":36}",City of Melbourne,com:food:101156:01155d24f4c1443e
food_venue,Dr Brew Cafe,"Tenancy A, Ground 50 Flemington Road PARKVILLE VIC 3052",-37.79372054,144.949547006,"{""census_year"":2024,""industry_code"":""4511"",""industry_description"":""Cafes and Restaurants"",""seats"":{""Seats - Indoor"":45,""Seats - Outdoor"":20},""total_seats"":65}",City of Melbourne,com:food:103908:503fb625032d5df3
food_venue,Dr Dax Kitchen,Part Kenneth Myer Building 144 30 Royal Parade PARKVILLE VIC 3010,-37.79738772,144.961258672,"{""census_year"":2024,""industry_code"":""4511"",""industry_description"":""Cafes and Restaurants"",""seats"":{""Seats - Indoor"":100,""Seats - Outdoor"":50},""total_seats"":150}",City of Melbourne,com:food:636694:9eb94ac010b7f820
food_venue,Dr Watson's Bar / The Sherlock Holmes Inn,Gnd & Bmt 417 Collins Street MELBOURNE VIC 3000,-37.81746814,144.960868045,"{""census_year"":2024,""industry_code"":""4520"",""industry_description"":""Pubs, Taverns and Bars"",""seats"":{""Seats - Indoor"":150},""total_seats"":150}",City of Melbourne,com:food:102098:3b94e80df68af38f
food_venue,Dragon Hot Pot,111-113 Grattan Street CARLTON VIC 3053,-37.80081687,144.96576978,"{""census_year"":2024,""industry_code"":""4511"",""industry_description"":""Cafes and Restaurants"",""seats"":{""Seats - Indoor"":46,""Seats - Outdoor"":10},""total_seats"":56}",City of Melbourne,com:food:559022:4dbe5f11d9599948
food_venue,Dragon Hot Pot,433 Elizabeth Street MELBOURNE VIC 3000,-37.8088586,144.960343859,"{""census_year"":2024,""industry_code"":""4511"",""industry_description"":""Cafes and Restaurants"",""seats"":{""Seats - Indoor"":26},""total_seats"":26}",City of Melbourne,com:food:103225:7b8e07c343e6ba8a
food_venue,Dragon Hot Pot,251-253 Swanston Street MELBOURNE VIC 3000,-37.81221437,144.964696179,"{""census_year"":2024,""industry_code"":""4511"",""industry_description"":""Cafes and Restaurants"",""seats"":{""Seats - Indoor"":42},""total_seats"":42}",City of Melbourne,com:food:109293:f7a3773d01f7fd37
food_venue,Dragon Hot Pot,Ground 213 Russell Street MELBOURNE VIC 3000,-37.81156166,144.967236445,"{""census_year"":2024,""industry_code"":""4511"",""industry_description"":""Cafes and Restaurants"",""seats"":{""Seats - Indoor"":35},""total_seats"":35}",City of Melbourne,com:food:108550:6cd408b6010aa170
food_venue,Dreami Cake,"Shop 7, 525 Little Collins Street MELBOURNE VIC 3000",-37.81753383,144.957473189,"{""census_year"":2024,""industry_code"":""4511"",""industry_description"":""Cafes and Restaurants"",""seats"":{""Seats - Outdoor"":10,""Seats - Indoor"":8},""total_seats"":18}",City of Melbourne,com:food:102117:9424c3e9db7bbada
food_venue,Dropout Chai Wala,Shop Ground 59 Elizabeth Street MELBOURNE VIC 3000,-37.81684063,144.964070459,"{""census_year"":2024,""industry_code"":""4512"",""industry_description"":""Takeaway Food Services"",""seats"":{""Seats - Indoor"":8},""total_seats"":8}",City of Melbourne,com:food:103175:bfe1cf6392f2a374
food_venue,DRP Bar,Shop 147 Lygon Street CARLTON VIC 3053,-37.80373308,144.96610561,"{""census_year"":2024,""industry_code"":""4512"",""industry_description"":""Takeaway Food Services"",""seats"":{""Seats - Outdoor"":16,""Seats - Indoor"":7},""total_seats"":23}",City of Melbourne,com:food:106094:9b8df8abc9c1ad7f
food_venue,Drums Sri Lankan Street Food,71 Victoria Street MELBOURNE VIC 3000,-37.80765748,144.957205484,"{""census_year"":2024,""industry_code"":""4511"",""industry_description"":""Cafes and Restaurants"",""seats"":{""Seats - Indoor"":12,""Seats - Outdoor"":12},""total_seats"":24}",City of Melbourne,com:food:110688:0c8ca86f3b3f421f
food_venue,DUCK ME,403-405 Docklands Drive DOCKLANDS VIC 3008,-37.81427742,144.940199413,"{""census_year"":2024,""industry_code"":""4511"",""industry_description"":""Cafes and Restaurants"",""seats"":{""Seats - Indoor"":50},""total_seats"":50}",City of Melbourne,com:food:601815:e9d2e454e90048e8
food_venue,Duke Pizza,"Shop 1, Ground 660 Elizabeth Street MELBOURNE VIC 3000",-37.80278799,144.958495466,"{""census_year"":2024,""industry_code"":""4512"",""industry_description"":""Takeaway Food Services"",""seats"":{""Seats - Indoor"":8},""total_seats"":8}",City of Melbourne,com:food:103268:41c07a29842113e9
food_venue,Dukes Coffee Roasters,Part Ground 247-251 Flinders Lane MELBOURNE VIC 3000,-37.81699341,144.966170616,"{""census_year"":2024,""industry_code"":""4511"",""industry_description"":""Cafes and Restaurants"",""seats"":{""Seats - Indoor"":18},""total_seats"":18}",City of Melbourne,com:food:103941:ee1367a8d3507e93
food_venue,Dumpling & Chinese Cuisine,Ground 832 Swanston Street CARLTON VIC 3053,-37.79668021,144.964899925,"{""census_year"":2024,""industry_code"":""4511"",""industry_description"":""Cafes and Restaurants"",""seats"":{""Seats - Indoor"":42},""total_seats"":42}",City of Melbourne,com:food:109358:a6ae8d98b579f665
food_venue,Dumpling Guys,157-159 Lonsdale Street MELBOURNE VIC 3000,-37.81093607,144.96786271,"{""census_year"":2024,""industry_code"":""4511"",""industry_description"":""Cafes and Restaurants"",""seats"":{""Seats - Indoor"":45},""total_seats"":45}",City of Melbourne,com:food:105683:9b39465f9b99cdd2
food_venue,Dumpling Kingdom,"Tenancy 7, Ground 181 William Street MELBOURNE VIC 3000",-37.81531863,144.957392295,"{""census_year"":2024,""industry_code"":""4511"",""industry_description"":""Cafes and Restaurants"",""seats"":{""Seats - Indoor"":8,""Seats - Outdoor"":18},""total_seats"":26}",City of Melbourne,com:food:612820:c249e5872a0a187f
food_venue,Dumpling Kingdom,"Shop E4, 10 Southern Cross Lane MELBOURNE VIC 3000",-37.81281453,144.970109211,"{""census_year"":2024,""industry_code"":""4511"",""industry_description"":""Cafes and Restaurants"",""seats"":{""Seats - Outdoor"":24,""Seats - Indoor"":16},""total_seats"":40}",City of Melbourne,com:food:602997:24301d1692060bc2
food_venue,Dymocks,"Shop 1-8, LwrGround 234 Collins Street MELBOURNE VIC 3000",-37.81541957,144.965657631,"{""census_year"":2024,""industry_code"":""4244"",""industry_description"":""Newspaper and Book Retailing"",""seats"":{""Seats - Indoor"":74},""total_seats"":74}",City of Melbourne,com:food:102146:12b4be9b133daa05
food_venue,E-ying,13 Baskerville Lane MELBOURNE VIC 3000,-37.80965592,144.962340893,"{""census_year"":2024,""industry_code"":""4512"",""industry_description"":""Takeaway Food Services"",""seats"":{""Seats - Indoor"":8},""total_seats"":8}",City of Melbourne,com:food:105485:30d4badce88686a2
food_venue,Earl Canteen,"Shop 358, Level 3 287 Lonsdale Street MELBOURNE VIC 3000",-37.81245199,144.963838585,"{""census_year"":2024,""industry_code"":""4512"",""industry_description"":""Takeaway Food Services"",""seats"":{""Seats - Indoor"":20},""total_seats"":20}",City of Melbourne,com:food:105698:a261490e8a66cf3c
food_venue,Earl Canteen,"Tenancy 5, Ground 567 Collins Street MELBOURNE VIC 3000",-37.81902044,144.955727469,"{""census_year"":2024,""industry_code"":""4511"",""industry_description"":""Cafes and Restaurants"",""seats"":{""Seats - Indoor"":6,""Seats - Outdoor"":22},""total_seats"":28}",City of Melbourne,com:food:579252:6af07abb9dee7572
food_venue,Earl Canteen 360 Collins,"Shop 4, 360 Collins Street MELBOURNE VIC 3000",-37.81615528,144.962184393,"{""census_year"":2024,""industry_code"":""4511"",""industry_description"":""Cafes and Restaurants"",""seats"":{""Seats - Indoor"":33,""Seats - Outdoor"":10},""total_seats"":43}",City of Melbourne,com:food:102133:481caf46fd3211bd
food_venue,East Imperial,323 Rathdowne Street CARLTON VIC 3053,-37.79918387,144.969880959,"{""census_year"":2024,""industry_code"":""4511"",""industry_description"":""Cafes and Restaurants"",""seats"":{""Seats - Indoor"":140},""total_seats"":140}",City of Melbourne,com:food:108188:2b47e186ea89612f
food_venue,East Melbourne General Store,Ground 53 Hotham Street EAST MELBOURNE VIC 3002,-37.81482183,144.988711495,"{""census_year"":2024,""industry_code"":""4110"",""industry_description"":""Supermarket and Grocery Stores"",""seats"":{""Seats - Outdoor"":14},""total_seats"":14}",City of Melbourne,com:food:104943:e01023f535df4f35
food_venue,East Side Story,Part Ground 350 Collins Street MELBOURNE VIC 3000,-37.81601764,144.962688973,"{""census_year"":2024,""industry_code"":""4511"",""industry_description"":""Cafes and Restaurants"",""seats"":{""Seats - Indoor"":44},""total_seats"":44}",City of Melbourne,com:food:102135:b034ba496fa68380
food_venue,East Side Story Bar + Cafe,"Suite 1, Ground 100 Victoria Parade EAST MELBOURNE VIC 3002",-37.80862592,144.974887122,"{""census_year"":2024,""industry_code"":""4511"",""industry_description"":""Cafes and Restaurants"",""seats"":{""Seats - Outdoor"":36,""Seats - Indoor"":58},""total_seats"":94}",City of Melbourne,com:food:109668:f626ea7fdc822080
food_venue,Eat All,156 Peel Street NORTH MELBOURNE VIC 3051,-37.80444772,144.956661895,"{""census_year"":2024,""industry_code"":""4511"",""industry_description"":""Cafes and Restaurants"",""seats"":{""Seats - Indoor"":50},""total_seats"":50}",City of Melbourne,com:food:107528:c0cc0e3f4e140952
food_venue,Eat Ngon,"Tenancy 103D, 604 Swanston Street CARLTON VIC 3053",-37.80188571,144.96431186,"{""census_year"":2024,""industry_code"":""4511"",""industry_description"":""Cafes and Restaurants"",""seats"":{""Seats - Indoor"":30},""total_seats"":30}",City of Melbourne,com:food:581508:ee7574ea6c2456ab
food_venue,Eat Pizza,"Unit 3, Ground 55 Flemington Road NORTH MELBOURNE VIC 3051",-37.7997297,144.954318992,"{""census_year"":2024,""industry_code"":""4512"",""industry_description"":""Takeaway Food Services"",""seats"":{""Seats - Outdoor"":10},""total_seats"":10}",City of Melbourne,com:food:103814:042f1ad098bc3806
food_venue,Eatful Dumplings,766 Bourke Street DOCKLANDS VIC 3008,-37.81817241,144.947217029,"{""census_year"":2024,""industry_code"":""4511"",""industry_description"":""Cafes and Restaurants"",""seats"":{""Seats - Indoor"":12,""Seats - Outdoor"":12},""total_seats"":24}",City of Melbourne,com:food:599505:4086529dd21badb6
food_venue,Eau de Vie,Rear 88 Flinders Street MELBOURNE VIC 3000,-37.81587662,144.971675624,"{""census_year"":2024,""industry_code"":""4520"",""industry_description"":""Pubs, Taverns and Bars"",""seats"":{""Seats - Indoor"":120},""total_seats"":120}",City of Melbourne,com:food:574438:73527bf8327c24de
food_venue,Edwin Wine Bar,105A Clarendon Street SOUTHBANK VIC 3006,-37.8271138,144.958224358,"{""census_year"":2024,""industry_code"":""4511"",""industry_description"":""Cafes and Restaurants"",""seats"":{""Seats - Indoor"":72},""total_seats"":72}",City of Melbourne,com:food:110399:6af94b6238cef7cf
food_venue,Edwin's Cafe,Part AAMI Park Olympic Park 60 Olympic Boulevard MELBOURNE VIC 3004,-37.82487805,144.982385438,"{""census_year"":2024,""industry_code"":""4511"",""industry_description"":""Cafes and Restaurants"",""seats"":{""Seats - Indoor"":150,""Seats - Outdoor"":24},""total_seats"":174}",City of Melbourne,com:food:597955:c89467395203d2a4
food_venue,Eggholic Sweet,Part 262 Spencer Street MELBOURNE VIC 3000,-37.81437529,144.952954607,"{""census_year"":2024,""industry_code"":""4511"",""industry_description"":""Cafes and Restaurants"",""seats"":{""Seats - Indoor"":20},""total_seats"":20}",City of Melbourne,com:food:711415:1abc79240aaa490d
food_venue,Ej's Cafe,Part Level 4 53-59 Lygon Street CARLTON VIC 3053,-37.80548997,144.965492645,"{""census_year"":2024,""industry_code"":""4511"",""industry_description"":""Cafes and Restaurants"",""seats"":{""Seats - Indoor"":50,""Seats - Outdoor"":40},""total_seats"":90}",City of Melbourne,com:food:106082:bb7172534c11aa07
food_venue,El Giza Bar & Lounge,152-154 Lygon Street CARLTON VIC 3053,-37.80359309,144.966744708,"{""census_year"":2024,""industry_code"":""4520"",""industry_description"":""Pubs, Taverns and Bars"",""seats"":{""Seats - Outdoor"":20,""Seats - Indoor"":100},""total_seats"":120}",City of Melbourne,com:food:106245:21dcd46b245dd25e
food_venue,El Rincon,69 Victoria Street MELBOURNE VIC 3000,-37.80765748,144.957205484,"{""census_year"":2024,""industry_code"":""4511"",""industry_description"":""Cafes and Restaurants"",""seats"":{""Seats - Indoor"":18,""Seats - Outdoor"":12},""total_seats"":30}",City of Melbourne,com:food:110688:48ff386f4f2f2d92
food_venue,El Sabor,500 Victoria Street NORTH MELBOURNE VIC 3051,-37.804917,144.949681151,"{""census_year"":2024,""industry_code"":""4511"",""industry_description"":""Cafes and Restaurants"",""seats"":{""Seats - Outdoor"":4,""Seats - Indoor"":70},""total_seats"":74}",City of Melbourne,com:food:109790:77d7d00e5dae4598
food_venue,Ela Cafe,Ground 585 Little Collins Street MELBOURNE VIC 3000,-37.81787118,144.955443941,"{""census_year"":2024,""industry_code"":""4511"",""industry_description"":""Cafes and Restaurants"",""seats"":{""Seats - Indoor"":16,""Seats - Outdoor"":6},""total_seats"":22}",City of Melbourne,com:food:105942:2f36d518c0e84a8a
food_venue,Elchi,68 Flinders Street MELBOURNE VIC 3000,-37.8154618,144.972720907,"{""census_year"":2024,""industry_code"":""4511"",""industry_description"":""Cafes and Restaurants"",""seats"":{""Seats - Indoor"":50},""total_seats"":50}",City of Melbourne,com:food:111071:bacf079da2011b03
food_venue,Elements Cafe,"Shop 18C, 833 Collins Street DOCKLANDS VIC 3008",-37.82205735,144.945764329,"{""census_year"":2024,""industry_code"":""4511"",""industry_description"":""Cafes and Restaurants"",""seats"":{""Seats - Outdoor"":60,""Seats - Indoor"":128},""total_seats"":188}",City of Melbourne,com:food:611367:90878df7401ccbcc
food_venue,Elephant Kiosk,Kiosk Melbourne Zoological Gardens Elliott Avenue PARKVILLE VIC 3052,-37.78427658,144.951432112,"{""census_year"":2024,""industry_code"":""4512"",""industry_description"":""Takeaway Food Services"",""seats"":{""Seats - Outdoor"":42},""total_seats"":42}",City of Melbourne,com:food:110273:1c47e2e2f3f3bc78
food_venue,Eliana Lulu,Shop 7 & 9 Centre Place MELBOURNE VIC 3000,-37.81664468,144.965474376,"{""census_year"":2024,""industry_code"":""4511"",""industry_description"":""Cafes and Restaurants"",""seats"":{""Seats - Indoor"":72,""Seats - Outdoor"":18},""total_seats"":90}",City of Melbourne,com:food:101788:2706380b97d9fce9
food_venue,Embassy Cafe,Ground 541-547 Spencer Street WEST MELBOURNE VIC 3003,-37.80811131,144.947787012,"{""census_year"":2024,""industry_code"":""4511"",""industry_description"":""Cafes and Restaurants"",""seats"":{""Seats - Indoor"":40,""Seats - Outdoor"":24},""total_seats"":64}",City of Melbourne,com:food:108871:0e21bd94e03d3efc
food_venue,Embla,122 Russell Street MELBOURNE VIC 3000,-37.8134296,144.968715379,"{""census_year"":2024,""industry_code"":""4511"",""industry_description"":""Cafes and Restaurants"",""seats"":{""Seats - Indoor"":50,""Seats - Outdoor"":8},""total_seats"":58}",City of Melbourne,com:food:108590:34699d59b0a5e7e0
food_venue,Emporio Pizza & Pasta,"Shop 84, Ground 8 Whiteman Street SOUTHBANK VIC 3006",-37.82312164,144.958660189,"{""census_year"":2024,""industry_code"":""4511"",""industry_description"":""Cafes and Restaurants"",""seats"":{""Seats - Indoor"":150},""total_seats"":150}",City of Melbourne,com:food:111175:24f14129535bb6f9
food_venue,Empress of China,120-122 Little Bourke Street MELBOURNE VIC 3000,-37.81131622,144.968908437,"{""census_year"":2024,""industry_code"":""4511"",""industry_description"":""Cafes and Restaurants"",""seats"":{""Seats - Indoor"":100},""total_seats"":100}",City of Melbourne,com:food:105893:02a5396fc256efb5
food_venue,Encanto,556-558 Lonsdale Street MELBOURNE VIC 3000,-37.81386782,144.955771594,"{""census_year"":2024,""industry_code"":""4511"",""industry_description"":""Cafes and Restaurants"",""seats"":{""Seats - Indoor"":30},""total_seats"":30}",City of Melbourne,com:food:105724:2d9b6b138002060d
food_venue,Encore Restaurant & Bar,Part Ground 131 Lonsdale Street MELBOURNE VIC 3000,-37.81098009,144.968530007,"{""census_year"":2024,""industry_code"":""4511"",""industry_description"":""Cafes and Restaurants"",""seats"":{""Seats - Indoor"":35},""total_seats"":35}",City of Melbourne,com:food:105679:bda1bf410b9d1c2b
food_venue,Epocha Restaurant,Montefiore House Exhibition Mews 49 Rathdowne Street CARLTON VIC 3053,-37.80578725,144.968594354,"{""census_year"":2024,""industry_code"":""4511"",""industry_description"":""Cafes and Restaurants"",""seats"":{""Seats - Outdoor"":30,""Seats - Indoor"":100},""total_seats"":130}",City of Melbourne,com:food:108154:2141c4b4571f606e
food_venue,Errol's Cafe,69-71 Errol Street NORTH MELBOURNE VIC 3051,-37.80345572,144.949083435,"{""census_year"":2024,""industry_code"":""4511"",""industry_description"":""Cafes and Restaurants"",""seats"":{""Seats - Outdoor"":30,""Seats - Indoor"":40},""total_seats"":70}",City of Melbourne,com:food:103415:80a3fb72d4ead2ee
food_venue,Espresso Bar,Part 1-25 Whiteman Street SOUTHBANK VIC 3006,-37.82385378,144.95977678,"{""census_year"":2024,""industry_code"":""4512"",""industry_description"":""Takeaway Food Services"",""seats"":{""Seats - Indoor"":2},""total_seats"":2}",City of Melbourne,com:food:108054:53bfbeb55d9a5634
food_venue,Espresso Bar International,"Shop 17, Podium 3 Southgate Avenue SOUTHBANK VIC 3006",-37.82066924,144.966262253,"{""census_year"":2024,""industry_code"":""4511"",""industry_description"":""Cafes and Restaurants"",""seats"":{""Seats - Indoor"":65},""total_seats"":65}",City of Melbourne,com:food:110606:dcd76f41f8a5fb5f
food_venue,Eureka Skydeck 88,"Unit 8801, Level 88 7 Riverside Quay SOUTHBANK VIC 3006",-37.82166548,144.96456679,"{""census_year"":2024,""industry_code"":""9139"",""industry_description"":""Amusement and Other Recreational Activities n.e.c."",""seats"":{""Seats - Indoor"":55},""total_seats"":55}",City of Melbourne,com:food:559161:2c1a10de3aad2cbb
food_venue,Eurolane Cafe,16-18 Centre Place MELBOURNE VIC 3000,-37.8166033,144.965596537,"{""census_year"":2024,""industry_code"":""4511"",""industry_description"":""Cafes and Restaurants"",""seats"":{""Seats - Indoor"":32,""Seats - Outdoor"":10},""total_seats"":42}",City of Melbourne,com:food:101789:3ca2227142766a12
food_venue,Eva's Restaurant,Mezzanine 195 Swanston Street MELBOURNE VIC 3000,-37.81309229,144.964999303,"{""census_year"":2024,""industry_code"":""4511"",""industry_description"":""Cafes and Restaurants"",""seats"":{""Seats - Indoor"":80},""total_seats"":80}",City of Melbourne,com:food:109284:f4d4d4aa1d0e91e3
food_venue,Evergreen Cafe And Pizzeria,42 Caravel Lane DOCKLANDS VIC 3008,-37.81427742,144.940199413,"{""census_year"":2024,""industry_code"":""4511"",""industry_description"":""Cafes and Restaurants"",""seats"":{""Seats - Indoor"":20,""Seats - Outdoor"":12},""total_seats"":32}",City of Melbourne,com:food:601815:5f33a04b09b037cc
food_venue,Evergreen Lounge,Restaurant Crown Towers Hotel Crown Casino 8 Whiteman Street SOUTHBANK VIC 3006,-37.82312164,144.958660189,"{""census_year"":2024,""industry_code"":""4511"",""industry_description"":""Cafes and Restaurants"",""seats"":{""Seats - Indoor"":100},""total_seats"":100}",City of Melbourne,com:food:597190:4d7ac341a0edf1b4
food_venue,Express Kartel,"Shop 9, 500 Collins Street MELBOURNE VIC 3000",-37.81753383,144.957473189,"{""census_year"":2024,""industry_code"":""4512"",""industry_description"":""Takeaway Food Services"",""seats"":{""Seats - Indoor"":8,""Seats - Outdoor"":16},""total_seats"":24}",City of Melbourne,com:food:102117:1b631f2f963a26e5
food_venue,EziStreat,Part 275-285 MacAulay Road NORTH MELBOURNE VIC 3051,-37.79551317,144.937630321,"{""census_year"":2024,""industry_code"":""6712"",""industry_description"":""Non-Residential Property Operators"",""seats"":{""Seats - Indoor"":60,""Seats - Outdoor"":140},""total_seats"":200}",City of Melbourne,com:food:106302:ec249ea44dcf77a5
food_venue,Fabian,262 Lonsdale Street MELBOURNE VIC 3000,-37.81143223,144.964359259,"{""census_year"":2024,""industry_code"":""4512"",""industry_description"":""Takeaway Food Services"",""seats"":{""Seats - Indoor"":18},""total_seats"":18}",City of Melbourne,com:food:109302:049cced8deb16e2e
food_venue,Fable Melbourne,Part Rooftop 168 Lonsdale Street MELBOURNE VIC 3000,-37.8105674,144.967369629,"{""census_year"":2024,""industry_code"":""4511"",""industry_description"":""Cafes and Restaurants"",""seats"":{""Seats - Outdoor"":100},""total_seats"":100}",City of Melbourne,com:food:105751:08404a9d92e15213
food_venue,Falcon 367,"Tenancy G5, 367 Collins Street MELBOURNE VIC 3000",-37.81728432,144.96244181,"{""census_year"":2024,""industry_code"":""4511"",""industry_description"":""Cafes and Restaurants"",""seats"":{""Seats - Indoor"":52},""total_seats"":52}",City of Melbourne,com:food:102092:d743ea6f7e0c76f6
food_venue,Famil Lee,Ground 295 Exhibition Street MELBOURNE VIC 3000,-37.80893166,144.968828365,"{""census_year"":2024,""industry_code"":""4511"",""industry_description"":""Cafes and Restaurants"",""seats"":{""Seats - Indoor"":24,""Seats - Outdoor"":12},""total_seats"":36}",City of Melbourne,com:food:103610:07b70a6aab333b5f
food_venue,Fancy Hank's / Good Heavens,Level 1-2 79 Bourke Street MELBOURNE VIC 3000,-37.81217956,144.97104042,"{""census_year"":2024,""industry_code"":""4511"",""industry_description"":""Cafes and Restaurants"",""seats"":{""Seats - Indoor"":96},""total_seats"":96}",City of Melbourne,com:food:101116:9552a81f0f5a5180
food_venue,Fandango Cafe,97 Errol Street NORTH MELBOURNE VIC 3051,-37.80260762,144.949406198,"{""census_year"":2024,""industry_code"":""4511"",""industry_description"":""Cafes and Restaurants"",""seats"":{""Seats - Indoor"":16,""Seats - Outdoor"":12},""total_seats"":28}",City of Melbourne,com:food:103424:1c298a437b9de6b3
food_venue,Farmer's Daughters,95 Exhibition Street MELBOURNE VIC 3000,-37.81360963,144.970722603,"{""census_year"":2024,""industry_code"":""4511"",""industry_description"":""Cafes and Restaurants"",""seats"":{""Seats - Indoor"":68},""total_seats"":68}",City of Melbourne,com:food:709873:2f8483f7fe2906b1
food_venue,Fatboys Phillys,557 Flinders Street MELBOURNE VIC 3000,-37.82099397,144.956518441,"{""census_year"":2024,""industry_code"":""4511"",""industry_description"":""Cafes and Restaurants"",""seats"":{""Seats - Indoor"":36},""total_seats"":36}",City of Melbourne,com:food:611394:66161791204d2517
food_venue,Father's Office,249 Little Lonsdale Street MELBOURNE VIC 3000,-37.810658,144.965703374,"{""census_year"":2024,""industry_code"":""4520"",""industry_description"":""Pubs, Taverns and Bars"",""seats"":{""Seats - Indoor"":95,""Seats - Outdoor"":110},""total_seats"":205}",City of Melbourne,com:food:589841:d74482e2c472bc21
food_venue,Father's Office Downtown,"Unit 1, Gnd & Bmt 121 Flinders Lane MELBOURNE VIC 3000",-37.81567008,144.970513131,"{""census_year"":2024,""industry_code"":""4511"",""industry_description"":""Cafes and Restaurants"",""seats"":{""Seats - Indoor"":169},""total_seats"":169}",City of Melbourne,com:food:103925:9fc988a0442ab493
food_venue,Fattie Prince,526 Swanston Street CARLTON VIC 3053,-37.80430744,144.963640222,"{""census_year"":2024,""industry_code"":""4511"",""industry_description"":""Cafes and Restaurants"",""seats"":{""Seats - Indoor"":45},""total_seats"":45}",City of Melbourne,com:food:594107:0f053e7d4e1f67b1
food_venue,Federal Coffee,Shop G22-G23 338-352 Bourke Street MELBOURNE VIC 3000,-37.81360425,144.963287893,"{""census_year"":2024,""industry_code"":""4511"",""industry_description"":""Cafes and Restaurants"",""seats"":{""Seats - Outdoor"":28,""Seats - Indoor"":52},""total_seats"":80}",City of Melbourne,com:food:101193:e29ecd96677bbe44
food_venue,Fenton Bistro,Ground 158 Rathdowne Street CARLTON VIC 3053,-37.79578979,144.971086189,"{""census_year"":2024,""industry_code"":""4511"",""industry_description"":""Cafes and Restaurants"",""seats"":{""Seats - Outdoor"":8,""Seats - Indoor"":26},""total_seats"":34}",City of Melbourne,com:food:108237:0d2d3ed69c28df5a
food_venue,Field Work Coffee,Part 7 Degraves Street MELBOURNE VIC 3000,-37.8176078,144.965626331,"{""census_year"":2024,""industry_code"":""4512"",""industry_description"":""Takeaway Food Services"",""seats"":{""Seats - Indoor"":4},""total_seats"":4}",City of Melbourne,com:food:104010:aa245b3161609085
food_venue,filly and fair,"Shop 6G Ground,600 Bourke Street MELBOURNE VIC 3000",-37.81571392,144.95610726,"{""census_year"":2024,""industry_code"":""4511"",""industry_description"":""Cafes and Restaurants"",""seats"":{""Seats - Outdoor"":80,""Seats - Indoor"":62},""total_seats"":142}",City of Melbourne,com:food:101172:d2d8f95bc9e8d9d7
food_venue,Finch Espresso,Part Lobby 550 Bourke Street MELBOURNE VIC 3000,-37.81531863,144.957392295,"{""census_year"":2024,""industry_code"":""4511"",""industry_description"":""Cafes and Restaurants"",""seats"":{""Seats - Indoor"":28},""total_seats"":28}",City of Melbourne,com:food:111283:49cfdac9048c5318
food_venue,Fiord,Rear Shop 8 & 11 540 Little Collins Street MELBOURNE VIC 3000,-37.81695942,144.956773974,"{""census_year"":2024,""industry_code"":""4511"",""industry_description"":""Cafes and Restaurants"",""seats"":{""Seats - Indoor"":16,""Seats - Outdoor"":12},""total_seats"":28}",City of Melbourne,com:food:105949:f58929c702538d9a
food_venue,First Love Coffee Collins St,"Shop 4, Ground 433 Collins Street MELBOURNE VIC 3000",-37.8180082,144.959868643,"{""census_year"":2024,""industry_code"":""4511"",""industry_description"":""Cafes and Restaurants"",""seats"":{""Seats - Outdoor"":16,""Seats - Indoor"":7},""total_seats"":23}",City of Melbourne,com:food:708084:f6a24b867955e30c
food_venue,Fishbowl,"Tenancy 1, 130 Lonsdale Street MELBOURNE VIC 3000",-37.8099428,144.968171809,"{""census_year"":2024,""industry_code"":""4511"",""industry_description"":""Cafes and Restaurants"",""seats"":{""Seats - Indoor"":30},""total_seats"":30}",City of Melbourne,com:food:110711:b4bfa4e81e235faa
food_venue,Fishbowl,"Shop 6, 699 Collins Street DOCKLANDS VIC 3008",-37.82019801,144.951576469,"{""census_year"":2024,""industry_code"":""4511"",""industry_description"":""Cafes and Restaurants"",""seats"":{""Seats - Indoor"":32},""total_seats"":32}",City of Melbourne,com:food:605910:ec998a172a5ca944
food_venue,Fishbowl,242 Flinders Lane MELBOURNE VIC 3000,-37.81649503,144.965962351,"{""census_year"":2024,""industry_code"":""4511"",""industry_description"":""Cafes and Restaurants"",""seats"":{""Seats - Indoor"":16},""total_seats"":16}",City of Melbourne,com:food:103963:55a70af344908022
food_venue,Fishbowl,35 Red Cape Lane MELBOURNE VIC 3000,-37.810658,144.965703374,"{""census_year"":2024,""industry_code"":""4511"",""industry_description"":""Cafes and Restaurants"",""seats"":{""Seats - Indoor"":17},""total_seats"":17}",City of Melbourne,com:food:589841:a7b17dfa6f2e4f04
food_venue,Fishing Season,260-262 Russell Street MELBOURNE VIC 3000,-37.8102551,144.967224721,"{""census_year"":2024,""industry_code"":""4511"",""industry_description"":""Cafes and Restaurants"",""seats"":{""Seats - Indoor"":40},""total_seats"":40}",City of Melbourne,com:food:108576:1bdc21a2bd8a40f8
food_venue,Fishpot,"Shop 9-9A, Ground 206 Bourke Street MELBOURNE VIC 3000",-37.81259409,144.966876772,"{""census_year"":2024,""industry_code"":""4511"",""industry_description"":""Cafes and Restaurants"",""seats"":{""Seats - Indoor"":93},""total_seats"":93}",City of Melbourne,com:food:101202:333ecf96d97b7640
food_venue,Five Guys,"Shop 1R, 3 Freshwater Place SOUTHBANK VIC 3006",-37.82167833,144.962153946,"{""census_year"":2024,""industry_code"":""4511"",""industry_description"":""Cafes and Restaurants"",""seats"":{""Seats - Indoor"":150},""total_seats"":150}",City of Melbourne,com:food:575820:0a42f6fd1f352c32
food_venue,Five Points Cafe,"Shop 1, 540 Little Collins Street MELBOURNE VIC 3000",-37.81695942,144.956773974,"{""census_year"":2024,""industry_code"":""4511"",""industry_description"":""Cafes and Restaurants"",""seats"":{""Seats - Outdoor"":12,""Seats - Indoor"":14},""total_seats"":26}",City of Melbourne,com:food:105949:963da8dcb3c77d00
food_venue,Flava Korean Bbq,50 Errol Street NORTH MELBOURNE VIC 3051,-37.80411038,144.950043914,"{""census_year"":2024,""industry_code"":""4511"",""industry_description"":""Cafes and Restaurants"",""seats"":{""Seats - Indoor"":70},""total_seats"":70}",City of Melbourne,com:food:103518:57db0f98afddb0a4
food_venue,Flemington Racecourse,VRC Administration Offices 448 Epsom Road FLEMINGTON VIC 3031,-37.78909021,144.912696182,"{""census_year"":2024,""industry_code"":""9121"",""industry_description"":""Horse and Dog Racing Administration and Track Operation"",""seats"":{""Seats - Indoor"":3660},""total_seats"":3660}",City of Melbourne,com:food:108810:f881b12bdd9c6fbb
food_venue,Flinders Kebab,536 Flinders Street MELBOURNE VIC 3000,-37.82024711,144.956435223,"{""census_year"":2024,""industry_code"":""4512"",""industry_description"":""Takeaway Food Services"",""seats"":{""Seats - Indoor"":12},""total_seats"":12}",City of Melbourne,com:food:103989:cab815da9fccb9e9
food_venue,Flora Indian Restaurant & Cafe,238A Flinders Street MELBOURNE VIC 3000,-37.81733218,144.966353165,"{""census_year"":2024,""industry_code"":""4511"",""industry_description"":""Cafes and Restaurants"",""seats"":{""Seats - Indoor"":140},""total_seats"":140}",City of Melbourne,com:food:104013:ae62ea269317590a
food_venue,Flovie Florist Cafe,Ground 261-263 Queensberry Street CARLTON VIC 3053,-37.80440558,144.959925596,"{""census_year"":2024,""industry_code"":""4511"",""industry_description"":""Cafes and Restaurants"",""seats"":{""Seats - Outdoor"":10,""Seats - Indoor"":40},""total_seats"":50}",City of Melbourne,com:food:107875:ec91a753d03fcbbe
food_venue,Flower Drum,Level 1 124-128 Bourke Street MELBOURNE VIC 3000,-37.81207094,144.969264504,"{""census_year"":2024,""industry_code"":""4511"",""industry_description"":""Cafes and Restaurants"",""seats"":{""Seats - Indoor"":150},""total_seats"":150}",City of Melbourne,com:food:101217:2b9dcdd0e2350699
food_venue,FM Karaoke Bar,Pt Gnd & Levels 1-2 146 Bourke Street MELBOURNE VIC 3000,-37.81235798,144.968738656,"{""census_year"":2024,""industry_code"":""4520"",""industry_description"":""Pubs, Taverns and Bars"",""seats"":{""Seats - Indoor"":15},""total_seats"":15}",City of Melbourne,com:food:101214:f0fa2ffbe4c8e054
food_venue,Foc On Little Collins,Ground 423 Little Collins Street MELBOURNE VIC 3000,-37.81622851,144.960637414,"{""census_year"":2024,""industry_code"":""4512"",""industry_description"":""Takeaway Food Services"",""seats"":{""Seats - Indoor"":15},""total_seats"":15}",City of Melbourne,com:food:105932:b99f24f236312363
food_venue,Focaccino,Shop 5 Concourse 720 Bourke Street DOCKLANDS VIC 3008,-37.81792089,144.949017581,"{""census_year"":2024,""industry_code"":""4511"",""industry_description"":""Cafes and Restaurants"",""seats"":{""Seats - Outdoor"":22,""Seats - Indoor"":60},""total_seats"":82}",City of Melbourne,com:food:632898:c297b4bfa4b44f4d
food_venue,Foglia Di Fico,Restaurant 585 La Trobe Street MELBOURNE VIC 3000,-37.81337023,144.951878886,"{""census_year"":2024,""industry_code"":""4511"",""industry_description"":""Cafes and Restaurants"",""seats"":{""Seats - Indoor"":50},""total_seats"":50}",City of Melbourne,com:food:108958:a73dcb59eff02ec5
food_venue,Fonda Flinders Lane,Level 3 31 Flinders Lane MELBOURNE VIC 3000,-37.81489475,144.9732924,"{""census_year"":2024,""industry_code"":""4511"",""industry_description"":""Cafes and Restaurants"",""seats"":{""Seats - Indoor"":180},""total_seats"":180}",City of Melbourne,com:food:103914:24d3bcf1c1b42c95
food_venue,Food Factory,23-29 Rose Lane MELBOURNE VIC 3000,-37.81537494,144.953525588,"{""census_year"":2024,""industry_code"":""4511"",""industry_description"":""Cafes and Restaurants"",""seats"":{""Seats - Indoor"":30},""total_seats"":30}",City of Melbourne,com:food:674546:3ffbc4229ad9ce9b
food_venue,Food Hall,11 Gem Place MELBOURNE VIC 3000,-37.82099397,144.956518441,"{""census_year"":2024,""industry_code"":""4511"",""industry_description"":""Cafes and Restaurants"",""seats"":{""Seats - Indoor"":28,""Seats - Outdoor"":20},""total_seats"":48}",City of Melbourne,com:food:611394:62df7825c00a6a81
food_venue,Foodie Hub,254 Swanston Street MELBOURNE VIC 3000,-37.81199559,144.965250371,"{""census_year"":2024,""industry_code"":""4511"",""industry_description"":""Cafes and Restaurants"",""seats"":{""Seats - Indoor"":20},""total_seats"":20}",City of Melbourne,com:food:109392:d2bab962e0727158
food_venue,Footlights Restaurant,Part Ground 131 Lonsdale Street MELBOURNE VIC 3000,-37.81098009,144.968530007,"{""census_year"":2024,""industry_code"":""4511"",""industry_description"":""Cafes and Restaurants"",""seats"":{""Seats - Indoor"":80},""total_seats"":80}",City of Melbourne,com:food:105679:32bb34626268349e
food_venue,Fortune Alley,319 Swanston Street MELBOURNE VIC 3000,-37.81076344,144.964047258,"{""census_year"":2024,""industry_code"":""4511"",""industry_description"":""Cafes and Restaurants"",""seats"":{""Seats - Indoor"":16},""total_seats"":16}",City of Melbourne,com:food:109309:3558b357b398187e
food_venue,Fortune Dumpling,198 Little Bourke Street MELBOURNE VIC 3000,-37.81197639,144.966672391,"{""census_year"":2024,""industry_code"":""4511"",""industry_description"":""Cafes and Restaurants"",""seats"":{""Seats - Indoor"":65},""total_seats"":65}",City of Melbourne,com:food:105887:9ba0fca86cc379fa
food_venue,FOUNDRY LANE / Espresso Impresso,"Tenancy 2, Ground 150 Lonsdale Street MELBOURNE VIC 3000",-37.81012652,144.967574017,"{""census_year"":2024,""industry_code"":""4511"",""industry_description"":""Cafes and Restaurants"",""seats"":{""Seats - Indoor"":22},""total_seats"":22}",City of Melbourne,com:food:105752:e79c2980c2ef1a0d
food_venue,Four Points By Sheraton Melbourne Docklands,443 Docklands Drive DOCKLANDS VIC 3008,-37.81533509,144.938176814,"{""census_year"":2024,""industry_code"":""4400"",""industry_description"":""Accommodation"",""seats"":{""Seats - Indoor"":110},""total_seats"":110}",City of Melbourne,com:food:593732:1b10541e2d6d8c96
food_venue,Frankie Collins,Part Ground 555 Collins Street MELBOURNE VIC 3000,-37.81880406,144.956361856,"{""census_year"":2024,""industry_code"":""4511"",""industry_description"":""Cafes and Restaurants"",""seats"":{""Seats - Indoor"":24},""total_seats"":24}",City of Melbourne,com:food:102105:329fe15731200e9e
food_venue,Frankie Walter Peta,"Part Shop 16R, 3 Freshwater Place SOUTHBANK VIC 3006",-37.82167833,144.962153946,"{""census_year"":2024,""industry_code"":""4511"",""industry_description"":""Cafes and Restaurants"",""seats"":{""Seats - Indoor"":15,""Seats - Outdoor"":6},""total_seats"":21}",City of Melbourne,com:food:575820:3616a1be5460c4f4
food_venue,French Fix,"Shop 3, Ground 221 Queen Street MELBOURNE VIC 3000",-37.81355361,144.959754236,"{""census_year"":2024,""industry_code"":""4511"",""industry_description"":""Cafes and Restaurants"",""seats"":{""Seats - Indoor"":12,""Seats - Outdoor"":4},""total_seats"":16}",City of Melbourne,com:food:108079:b190109a3ac5a011
food_venue,French Quarter Patisserie,568 Queensberry Street NORTH MELBOURNE VIC 3051,-37.80271264,144.948475718,"{""census_year"":2024,""industry_code"":""4511"",""industry_description"":""Cafes and Restaurants"",""seats"":{""Seats - Outdoor"":14,""Seats - Indoor"":24},""total_seats"":38}",City of Melbourne,com:food:107986:b0b271c227567450
food_venue,French Saloon,Level 1 46 Hardware Lane MELBOURNE VIC 3000,-37.81354346,144.96132824,"{""census_year"":2024,""industry_code"":""4511"",""industry_description"":""Cafes and Restaurants"",""seats"":{""Seats - Indoor"":50,""Seats - Outdoor"":10},""total_seats"":60}",City of Melbourne,com:food:105870:74a528f78b51d9b5
food_venue,Fresh Air & Pancake,Part 231 Elizabeth Street MELBOURNE VIC 3000,-37.81321386,144.962283023,"{""census_year"":2024,""industry_code"":""4512"",""industry_description"":""Takeaway Food Services"",""seats"":{""Seats - Indoor"":10},""total_seats"":10}",City of Melbourne,com:food:103187:5b771860ee29033f
food_venue,Fruits Of Passion,188 Bellair Street KENSINGTON VIC 3031,-37.79392952,144.92999321,"{""census_year"":2024,""industry_code"":""4511"",""industry_description"":""Cafes and Restaurants"",""seats"":{""Seats - Outdoor"":33,""Seats - Indoor"":40},""total_seats"":73}",City of Melbourne,com:food:616034:28f55bbb755ea88b
food_venue,Fu Lu Chinese Cafe,172 Rathdowne Street CARLTON VIC 3053,-37.79532263,144.971159348,"{""census_year"":2024,""industry_code"":""4511"",""industry_description"":""Cafes and Restaurants"",""seats"":{""Seats - Indoor"":20,""Seats - Outdoor"":4},""total_seats"":24}",City of Melbourne,com:food:108232:195a4a1771777628
food_venue,Fukutontei Ramen,"Shop 15, Ground 120 Pearl River Road DOCKLANDS VIC 3008",-37.81174852,144.93675199,"{""census_year"":2024,""industry_code"":""4511"",""industry_description"":""Cafes and Restaurants"",""seats"":{""Seats - Outdoor"":36,""Seats - Indoor"":56},""total_seats"":92}",City of Melbourne,com:food:620301:61064d20f51f9026
food_venue,Functions @ Arden,42-48 Straker Street NORTH MELBOURNE VIC 3051,-37.79654152,144.937226298,"{""census_year"":2024,""industry_code"":""6712"",""industry_description"":""Non-Residential Property Operators"",""seats"":{""Seats - Indoor"":160},""total_seats"":160}",City of Melbourne,com:food:628743:e98422f0f76143b0
food_venue,Funghi e Tartufo,Gnd & Bmt 60 Hardware Lane MELBOURNE VIC 3000,-37.81328955,144.961214947,"{""census_year"":2024,""industry_code"":""4511"",""industry_description"":""Cafes and Restaurants"",""seats"":{""Seats - Indoor"":64,""Seats - Outdoor"":20},""total_seats"":84}",City of Melbourne,com:food:104668:5183599d6d28e2db
food_venue,Fuumi Fuumi,113 Rosslyn Street WEST MELBOURNE VIC 3003,-37.80906098,144.950650784,"{""census_year"":2024,""industry_code"":""4511"",""industry_description"":""Cafes and Restaurants"",""seats"":{""Seats - Indoor"":20,""Seats - Outdoor"":8},""total_seats"":28}",City of Melbourne,com:food:108411:0731792135dbeb06
food_venue,Fuumi Fuumi,"Suite 1, Pier 35 263-329 Lorimer Street PORT MELBOURNE VIC 3207",-37.82481657,144.905238246,"{""census_year"":2024,""industry_code"":""4512"",""industry_description"":""Takeaway Food Services"",""seats"":{""Seats - Indoor"":4,""Seats - Outdoor"":8},""total_seats"":12}",City of Melbourne,com:food:110535:2488a55a9b10e110
food_venue,Fuwa,28 Guildford Lane MELBOURNE VIC 3000,-37.81120131,144.959978247,"{""census_year"":2024,""industry_code"":""4511"",""industry_description"":""Cafes and Restaurants"",""seats"":{""Seats - Indoor"":34},""total_seats"":34}",City of Melbourne,com:food:104562:dad4f6512c215d6f
food_venue,G Tea,215 Elizabeth Street MELBOURNE VIC 3000,-37.81346116,144.962511306,"{""census_year"":2024,""industry_code"":""4512"",""industry_description"":""Takeaway Food Services"",""seats"":{""Seats - Indoor"":12},""total_seats"":12}",City of Melbourne,com:food:103185:927c2c20d9654268
food_venue,G2 Korean BBQ,301 Elizabeth Street MELBOURNE VIC 3000,-37.81161119,144.961626692,"{""census_year"":2024,""industry_code"":""4511"",""industry_description"":""Cafes and Restaurants"",""seats"":{""Seats - Indoor"":74},""total_seats"":74}",City of Melbourne,com:food:103204:57b0445190b06064
food_venue,Gai Wong,"Shop 1, 5-17 Flemington Road NORTH MELBOURNE VIC 3051",-37.80140031,144.955871244,"{""census_year"":2024,""industry_code"":""4511"",""industry_description"":""Cafes and Restaurants"",""seats"":{""Seats - Indoor"":40,""Seats - Outdoor"":18},""total_seats"":58}",City of Melbourne,com:food:103810:32fa0a30409a1602
food_venue,Gallery Kitchen,Part Ground 180 St Kilda Road SOUTHBANK VIC 3006,-37.82281706,144.968633818,"{""census_year"":2024,""industry_code"":""4511"",""industry_description"":""Cafes and Restaurants"",""seats"":{""Seats - Indoor"":120},""total_seats"":120}",City of Melbourne,com:food:110736:0b270abcbfe54961
food_venue,Gami Chicken and Beer,"Shop G, 535 Little Lonsdale Street MELBOURNE VIC 3000",-37.8134766,144.956016924,"{""census_year"":2024,""industry_code"":""4511"",""industry_description"":""Cafes and Restaurants"",""seats"":{""Seats - Indoor"":40,""Seats - Outdoor"":12},""total_seats"":52}",City of Melbourne,com:food:110708:7e9a82c2fde09f60
food_venue,Gangnam Pocha,Pt Lot S2 270 King Street MELBOURNE VIC 3000,-37.81372352,144.954929347,"{""census_year"":2024,""industry_code"":""4511"",""industry_description"":""Cafes and Restaurants"",""seats"":{""Seats - Indoor"":37},""total_seats"":37}",City of Melbourne,com:food:105376:ff2d6c615f3eec48
food_venue,Garden Restaurant,Part Ground 180 St Kilda Road SOUTHBANK VIC 3006,-37.82281706,144.968633818,"{""census_year"":2024,""industry_code"":""4511"",""industry_description"":""Cafes and Restaurants"",""seats"":{""Seats - Indoor"":160},""total_seats"":160}",City of Melbourne,com:food:110736:6073920d50abc2c3
food_venue,Garden State Hotel,95-101 Flinders Lane MELBOURNE VIC 3000,-37.81553246,144.971103877,"{""census_year"":2024,""industry_code"":""4520"",""industry_description"":""Pubs, Taverns and Bars"",""seats"":{""Seats - Indoor"":326,""Seats - Outdoor"":8},""total_seats"":334}",City of Melbourne,com:food:103922:d3aa0acddda37800
food_venue,Gaslight Project,Part Level 3 699 Bourke Street DOCKLANDS VIC 3008,-37.81815357,144.952339293,"{""census_year"":2024,""industry_code"":""4511"",""industry_description"":""Cafes and Restaurants"",""seats"":{""Seats - Indoor"":30},""total_seats"":30}",City of Melbourne,com:food:108973:d37f010f1d8b91d3
food_venue,Gasthaus On Queen,211-213 Queen Street MELBOURNE VIC 3000,-37.81386745,144.959907268,"{""census_year"":2024,""industry_code"":""4511"",""industry_description"":""Cafes and Restaurants"",""seats"":{""Seats - Indoor"":55,""Seats - Outdoor"":16},""total_seats"":71}",City of Melbourne,com:food:108076:37667de3a72edf88
food_venue,Gaylord Indian Restaurant,Restaurant 33 Spencer Street DOCKLANDS VIC 3008,-37.82020557,144.954158694,"{""census_year"":2024,""industry_code"":""4511"",""industry_description"":""Cafes and Restaurants"",""seats"":{""Seats - Outdoor"":50,""Seats - Indoor"":150},""total_seats"":200}",City of Melbourne,com:food:108845:026efe29da991263
food_venue,Gelateria Primavera / Spring Street Grocer,Part Ground 157 Spring Street MELBOURNE VIC 3000,-37.81105607,144.972494838,"{""census_year"":2024,""industry_code"":""4110"",""industry_description"":""Supermarket and Grocery Stores"",""seats"":{""Seats - Indoor"":4,""Seats - Outdoor"":4},""total_seats"":8}",City of Melbourne,com:food:108984:befb9c65aa1000ac
food_venue,Gelatoria On the Docks,Ground 36 Star Crescent DOCKLANDS VIC 3008,-37.8131707,144.937857365,"{""census_year"":2024,""industry_code"":""4512"",""industry_description"":""Takeaway Food Services"",""seats"":{""Seats - Outdoor"":12},""total_seats"":12}",City of Melbourne,com:food:620314:8496060cbeff3575
food_venue,Gemma Simply Italian,183 Elgin Street CARLTON VIC 3053,-37.79752965,144.968384074,"{""census_year"":2024,""industry_code"":""4511"",""industry_description"":""Cafes and Restaurants"",""seats"":{""Seats - Outdoor"":15,""Seats - Indoor"":55},""total_seats"":70}",City of Melbourne,com:food:511124:dae28bcdb629f76e
food_venue,Genki Express,Shop 302A Ground 237-261 Spencer Street DOCKLANDS VIC 3008,-37.81501701,144.951186966,"{""census_year"":2024,""industry_code"":""4512"",""industry_description"":""Takeaway Food Services"",""seats"":{""Seats - Indoor"":12},""total_seats"":12}",City of Melbourne,com:food:110843:dc4ca4373e8f1680
food_venue,Genki Tea,Front 510-512 Swanston Street CARLTON VIC 3053,-37.80496295,144.963494541,"{""census_year"":2024,""industry_code"":""4512"",""industry_description"":""Takeaway Food Services"",""seats"":{""Seats - Indoor"":2},""total_seats"":2}",City of Melbourne,com:food:532665:5d2888078ee43483
food_venue,Gentleman George,407C-407D St Kilda Road MELBOURNE VIC 3004,-37.836275,144.976209572,"{""census_year"":2024,""industry_code"":""4511"",""industry_description"":""Cafes and Restaurants"",""seats"":{""Seats - Indoor"":50,""Seats - Outdoor"":20},""total_seats"":70}",City of Melbourne,com:food:108625:6a56724107ce6b9c
food_venue,George Street Cafe,65 George Street EAST MELBOURNE VIC 3002,-37.81575787,144.988184298,"{""census_year"":2024,""industry_code"":""4511"",""industry_description"":""Cafes and Restaurants"",""seats"":{""Seats - Indoor"":30,""Seats - Outdoor"":24},""total_seats"":54}",City of Melbourne,com:food:104242:a625e3f3f2ad0f2d
food_venue,Geppetto Trattoria,78A Wellington Parade EAST MELBOURNE VIC 3002,-37.81636296,144.987427268,"{""census_year"":2024,""industry_code"":""4511"",""industry_description"":""Cafes and Restaurants"",""seats"":{""Seats - Outdoor"":6,""Seats - Indoor"":40},""total_seats"":46}",City of Melbourne,com:food:110008:845cb8e8075f5bd6
food_venue,Get On The Coffees,Lobby 552-568 Victoria Street NORTH MELBOURNE VIC 3051,-37.80457917,144.947435691,"{""census_year"":2024,""industry_code"":""4512"",""industry_description"":""Takeaway Food Services"",""seats"":{""Seats - Indoor"":16},""total_seats"":16}",City of Melbourne,com:food:109786:ae1fcdf642c9d7bb
food_venue,Gillott Espresso,"Shop 3, 201 Spring Street MELBOURNE VIC 3000",-37.81012783,144.972057848,"{""census_year"":2024,""industry_code"":""4511"",""industry_description"":""Cafes and Restaurants"",""seats"":{""Seats - Outdoor"":12,""Seats - Indoor"":25},""total_seats"":37}",City of Melbourne,com:food:108989:c9781ee4ce82221a
food_venue,Gilson,171 Domain Road SOUTH YARRA VIC 3141,-37.83431735,144.981699536,"{""census_year"":2024,""industry_code"":""4511"",""industry_description"":""Cafes and Restaurants"",""seats"":{""Seats - Outdoor"":45,""Seats - Indoor"":55},""total_seats"":100}",City of Melbourne,com:food:102503:8b1a3fe635c457b0
food_venue,Gimlet,Ground 33 Russell Street MELBOURNE VIC 3000,-37.81598753,144.969247753,"{""census_year"":2024,""industry_code"":""4511"",""industry_description"":""Cafes and Restaurants"",""seats"":{""Seats - Indoor"":120},""total_seats"":120}",City of Melbourne,com:food:108532:4ee387d9a1b98247
food_venue,Ging Thai,"Shop 11-12, Ground 8 Whiteman Street SOUTHBANK VIC 3006",-37.82312164,144.958660189,"{""census_year"":2024,""industry_code"":""4511"",""industry_description"":""Cafes and Restaurants"",""seats"":{""Seats - Outdoor"":90,""Seats - Indoor"":100},""total_seats"":190}",City of Melbourne,com:food:111175:d5df482b91494c6a
food_venue,Ginger Leaf Thai Restaurant,763 Bourke Street DOCKLANDS VIC 3008,-37.81925128,144.947975341,"{""census_year"":2024,""industry_code"":""4511"",""industry_description"":""Cafes and Restaurants"",""seats"":{""Seats - Indoor"":70},""total_seats"":70}",City of Melbourne,com:food:598658:6677a3b121cc8e0d
food_venue,Ginger Olive Restaurant and Grill,"Shop 1-2, Ground 234 Flinders Lane MELBOURNE VIC 3000",-37.81642646,144.966200647,"{""census_year"":2024,""industry_code"":""4511"",""industry_description"":""Cafes and Restaurants"",""seats"":{""Seats - Outdoor"":40,""Seats - Indoor"":90},""total_seats"":130}",City of Melbourne,com:food:103964:087a42c6cfd37e1d
food_venue,Ginza Teppanyaki Japanese Restaurant,Ground 139 Little Bourke Street MELBOURNE VIC 3000,-37.81206119,144.968535908,"{""census_year"":2024,""industry_code"":""4511"",""industry_description"":""Cafes and Restaurants"",""seats"":{""Seats - Indoor"":200},""total_seats"":200}",City of Melbourne,com:food:101212:acb2a9388a78bec2
food_venue,Giraffe Cafe,Kiosk Melbourne Zoological Gardens Elliott Avenue PARKVILLE VIC 3052,-37.78427658,144.951432112,"{""census_year"":2024,""industry_code"":""4512"",""industry_description"":""Takeaway Food Services"",""seats"":{""Seats - Outdoor"":55},""total_seats"":55}",City of Melbourne,com:food:110273:645e2c0f5e1a0e24
food_venue,Giro D’Italia,"Shop 1, 397 St Kilda Road MELBOURNE VIC 3004",-37.83570366,144.97604258,"{""census_year"":2024,""industry_code"":""4511"",""industry_description"":""Cafes and Restaurants"",""seats"":{""Seats - Indoor"":78,""Seats - Outdoor"":8},""total_seats"":86}",City of Melbourne,com:food:108621:3d7dbc5aef09bd3d
food_venue,Global Kitchen Cafe,"Shop 5, 321 Exhibition Street MELBOURNE VIC 3000",-37.80861853,144.968423011,"{""census_year"":2024,""industry_code"":""4511"",""industry_description"":""Cafes and Restaurants"",""seats"":{""Seats - Indoor"":66},""total_seats"":66}",City of Melbourne,com:food:105439:8af0e8027c1ce8f8
food_venue,Gochi,"Shop 27, Ground 8 Whiteman Street SOUTHBANK VIC 3006",-37.82312164,144.958660189,"{""census_year"":2024,""industry_code"":""4511"",""industry_description"":""Cafes and Restaurants"",""seats"":{""Seats - Indoor"":40},""total_seats"":40}",City of Melbourne,com:food:111175:40fcd32fb9826185
food_venue,Gogi Matcha,595-599 Little Lonsdale Street MELBOURNE VIC 3000,-37.81380956,144.953829359,"{""census_year"":2024,""industry_code"":""4511"",""industry_description"":""Cafes and Restaurants"",""seats"":{""Seats - Indoor"":174},""total_seats"":174}",City of Melbourne,com:food:106028:65ce12512573c6a0
food_venue,Gokotta Kaffe,1 Village Street DOCKLANDS VIC 3008,-37.82153057,144.950801172,"{""census_year"":2024,""industry_code"":""4511"",""industry_description"":""Cafes and Restaurants"",""seats"":{""Seats - Indoor"":43},""total_seats"":43}",City of Melbourne,com:food:588061:c95b89452373fb08
food_venue,Gold Leaf Harbour View Restaurant Pty Ltd,Level 1 10-12 Star Circus DOCKLANDS VIC 3008,-37.8131707,144.937857365,"{""census_year"":2024,""industry_code"":""4511"",""industry_description"":""Cafes and Restaurants"",""seats"":{""Seats - Indoor"":260},""total_seats"":260}",City of Melbourne,com:food:620312:65edbafbc4034001
food_venue,Golden Delicious,"Shop 6, 83-89 Little Bourke Street MELBOURNE VIC 3000",-37.81128986,144.969912284,"{""census_year"":2024,""industry_code"":""4511"",""industry_description"":""Cafes and Restaurants"",""seats"":{""Seats - Indoor"":130},""total_seats"":130}",City of Melbourne,com:food:103601:ffe6fb5a89d20aef
food_venue,Golden Mug Cafe,Restaurant Ground 399 Little Lonsdale Street MELBOURNE VIC 3000,-37.81203671,144.960137254,"{""census_year"":2024,""industry_code"":""4511"",""industry_description"":""Cafes and Restaurants"",""seats"":{""Seats - Indoor"":50},""total_seats"":50}",City of Melbourne,com:food:106019:a70f33b9ab4861e4
food_venue,Golmokgil,Gnd & Flr1 3-5 Waratah Place MELBOURNE VIC 3000,-37.81172075,144.967044866,"{""census_year"":2024,""industry_code"":""4511"",""industry_description"":""Cafes and Restaurants"",""seats"":{""Seats - Indoor"":50},""total_seats"":50}",City of Melbourne,com:food:109951:2a254401fc69ae77
food_venue,Gong Cha,30-32 Red Cape Lane MELBOURNE VIC 3000,-37.810658,144.965703374,"{""census_year"":2024,""industry_code"":""4512"",""industry_description"":""Takeaway Food Services"",""seats"":{""Seats - Indoor"":36},""total_seats"":36}",City of Melbourne,com:food:589841:f797d27274cdc244
food_venue,Gong Cha,"Shop 236, Level 2 300 Lonsdale Street MELBOURNE VIC 3000",-37.81073331,144.963018917,"{""census_year"":2024,""industry_code"":""4512"",""industry_description"":""Takeaway Food Services"",""seats"":{""Seats - Indoor"":12},""total_seats"":12}",City of Melbourne,com:food:105746:a40bb1bcece17f1c
food_venue,Gong De Lin,Level 3 264 Swanston Street MELBOURNE VIC 3000,-37.81181063,144.965147314,"{""census_year"":2024,""industry_code"":""4511"",""industry_description"":""Cafes and Restaurants"",""seats"":{""Seats - Indoor"":40},""total_seats"":40}",City of Melbourne,com:food:109390:a5f855a15ac4364c
food_venue,Good Measure Melbourne,193 Lygon Street CARLTON VIC 3053,-37.8010949,144.966507051,"{""census_year"":2024,""industry_code"":""4511"",""industry_description"":""Cafes and Restaurants"",""seats"":{""Seats - Indoor"":42,""Seats - Outdoor"":30},""total_seats"":72}",City of Melbourne,com:food:106109:e7134cf198216da7
food_venue,Gopal's Vegetarian Restaurant,Level 1-2 139-141 Swanston Street MELBOURNE VIC 3000,-37.8144111,144.965735021,"{""census_year"":2024,""industry_code"":""4511"",""industry_description"":""Cafes and Restaurants"",""seats"":{""Seats - Indoor"":72},""total_seats"":72}",City of Melbourne,com:food:109273:2a8ade658668d07d
food_venue,Gordon Espresso,71 Coventry Street SOUTHBANK VIC 3006,-37.82998246,144.967959041,"{""census_year"":2024,""industry_code"":""4511"",""industry_description"":""Cafes and Restaurants"",""seats"":{""Seats - Indoor"":40,""Seats - Outdoor"":48},""total_seats"":88}",City of Melbourne,com:food:627248:f7254194f9680d9e
food_venue,Gordons Cafe and Bar,"Shop 4, 306 Little Collins Street MELBOURNE VIC 3000",-37.81473293,144.964348552,"{""census_year"":2024,""industry_code"":""4511"",""industry_description"":""Cafes and Restaurants"",""seats"":{""Seats - Outdoor"":8,""Seats - Indoor"":30},""total_seats"":38}",City of Melbourne,com:food:105961:700ee37257dd15d0
food_venue,GOTCHA,"Shop 245, Level 2 300 Lonsdale Street MELBOURNE VIC 3000",-37.81073331,144.963018917,"{""census_year"":2024,""industry_code"":""4511"",""industry_description"":""Cafes and Restaurants"",""seats"":{""Seats - Indoor"":30},""total_seats"":30}",City of Melbourne,com:food:105746:711ad4ec9db22490
food_venue,Gourmet Curry Hut,"Shop 3-4, 318-322 Little Collins Street MELBOURNE VIC 3000",-37.81488174,144.964012048,"{""census_year"":2024,""industry_code"":""4511"",""industry_description"":""Cafes and Restaurants"",""seats"":{""Seats - Indoor"":28,""Seats - Outdoor"":18},""total_seats"":46}",City of Melbourne,com:food:105960:798e1ec0e418f23f
food_venue,Goz City,502 Little Collins Street MELBOURNE VIC 3000,-37.81636534,144.957813206,"{""census_year"":2024,""industry_code"":""4512"",""industry_description"":""Takeaway Food Services"",""seats"":{""Seats - Indoor"":11,""Seats - Outdoor"":15},""total_seats"":26}",City of Melbourne,com:food:110095:00a53113b92875d5
food_venue,Gozleme King,Shop G04 7 Star Circus DOCKLANDS VIC 3008,-37.8131707,144.937857365,"{""census_year"":2024,""industry_code"":""4511"",""industry_description"":""Cafes and Restaurants"",""seats"":{""Seats - Indoor"":26,""Seats - Outdoor"":30},""total_seats"":56}",City of Melbourne,com:food:620312:246e6dbdf33724aa
food_venue,Gozleme Turkish Cafe,"Stall 25, Shed F Queen Victoria Market 66 Peel Street MELBOURNE VIC 3000",-37.80765748,144.957205484,"{""census_year"":2024,""industry_code"":""4512"",""industry_description"":""Takeaway Food Services"",""seats"":{""Seats - Outdoor"":32},""total_seats"":32}",City of Melbourne,com:food:110679:797fe223cb62f19a
food_venue,Gracie,"Shop 4, 37 Hardware Lane MELBOURNE VIC 3000",-37.81385129,144.961204259,"{""census_year"":2024,""industry_code"":""4511"",""industry_description"":""Cafes and Restaurants"",""seats"":{""Seats - Outdoor"":20,""Seats - Indoor"":15},""total_seats"":35}",City of Melbourne,com:food:105851:5621d5a1d9d60a47
food_venue,Gradi @ Crown,"Shop 25, Ground 8 Whiteman Street SOUTHBANK VIC 3006",-37.82312164,144.958660189,"{""census_year"":2024,""industry_code"":""4511"",""industry_description"":""Cafes and Restaurants"",""seats"":{""Seats - Indoor"":200},""total_seats"":200}",City of Melbourne,com:food:111175:6e3c38f534f845b9
food_venue,Graduate Union Of The University Of Melbourne Inc,230-234 Leicester Street CARLTON VIC 3053,-37.80117842,144.961518026,"{""census_year"":2024,""industry_code"":""4400"",""industry_description"":""Accommodation"",""seats"":{""Seats - Indoor"":200,""Seats - Outdoor"":30},""total_seats"":230}",City of Melbourne,com:food:101255:5460e4298348b44e
food_venue,Grain & Vine on Merchant,73A Merchant Street DOCKLANDS VIC 3008,-37.82044557,144.943459922,"{""census_year"":2024,""industry_code"":""4511"",""industry_description"":""Cafes and Restaurants"",""seats"":{""Seats - Outdoor"":30,""Seats - Indoor"":6},""total_seats"":36}",City of Melbourne,com:food:609480:4017a5ecb771486f
food_venue,Grain Store,"Shop G2, Ground 517 Flinders Lane MELBOURNE VIC 3000",-37.81988483,144.956601666,"{""census_year"":2024,""industry_code"":""4511"",""industry_description"":""Cafes and Restaurants"",""seats"":{""Seats - Indoor"":75},""total_seats"":75}",City of Melbourne,com:food:103957:21ef4e9f5aa809dc
food_venue,Grandma's Dumplings,311 Exhibition Street MELBOURNE VIC 3000,-37.80869914,144.968704545,"{""census_year"":2024,""industry_code"":""4511"",""industry_description"":""Cafes and Restaurants"",""seats"":{""Seats - Indoor"":44,""Seats - Outdoor"":6},""total_seats"":50}",City of Melbourne,com:food:103614:d1a32b5eb87a1b1b
food_venue,Green Cup,233 Faraday Street CARLTON VIC 3053,-37.79882517,144.966402349,"{""census_year"":2024,""industry_code"":""4512"",""industry_description"":""Takeaway Food Services"",""seats"":{""Seats - Indoor"":14},""total_seats"":14}",City of Melbourne,com:food:103693:a9f6ef585e2e7a6b
food_venue,Green Cup,"Tenancy 1, Ground 150 Lonsdale Street MELBOURNE VIC 3000",-37.81012652,144.967574017,"{""census_year"":2024,""industry_code"":""4512"",""industry_description"":""Takeaway Food Services"",""seats"":{""Seats - Indoor"":8},""total_seats"":8}",City of Melbourne,com:food:105752:4e78e6f70117b730
food_venue,Green Light Diner @ Clocks,"Part Shop 17, Flinders Street Station Concourse MELBOURNE VIC 3000",-37.81866337,144.965469605,"{""census_year"":2024,""industry_code"":""4511"",""industry_description"":""Cafes and Restaurants"",""seats"":{""Seats - Indoor"":78},""total_seats"":78}",City of Melbourne,com:food:104034:118057a3b37e8827
food_venue,Green Man's Arms,414-422 Lygon Street CARLTON VIC 3053,-37.79694554,144.967812592,"{""census_year"":2024,""industry_code"":""4520"",""industry_description"":""Pubs, Taverns and Bars"",""seats"":{""Seats - Indoor"":40},""total_seats"":40}",City of Melbourne,com:food:106186:b3ac930997f62ac0
food_venue,Greenstreat,Ground 384 Little Collins Street MELBOURNE VIC 3000,-37.81560573,144.961741069,"{""census_year"":2024,""industry_code"":""4511"",""industry_description"":""Cafes and Restaurants"",""seats"":{""Seats - Indoor"":20},""total_seats"":20}",City of Melbourne,com:food:105956:048f8a398250feb7
food_venue,Greta,"Tenancy 5-6, Ground 477 Collins Street MELBOURNE VIC 3000",-37.8184145,144.958548349,"{""census_year"":2024,""industry_code"":""4511"",""industry_description"":""Cafes and Restaurants"",""seats"":{""Seats - Indoor"":65,""Seats - Outdoor"":28},""total_seats"":93}",City of Melbourne,com:food:102102:defdb711a819cbc5
food_venue,Grill Americano,"Shop 5A-5C, 112 Flinders Lane MELBOURNE VIC 3000",-37.81492031,144.970749785,"{""census_year"":2024,""industry_code"":""4511"",""industry_description"":""Cafes and Restaurants"",""seats"":{""Seats - Indoor"":128},""total_seats"":128}",City of Melbourne,com:food:102067:59c76d1ba7a77cf5
food_venue,Grill King,191-193 Russell Street MELBOURNE VIC 3000,-37.8120707,144.967439396,"{""census_year"":2024,""industry_code"":""4511"",""industry_description"":""Cafes and Restaurants"",""seats"":{""Seats - Indoor"":110},""total_seats"":110}",City of Melbourne,com:food:108545:00b182df1d8543b1
food_venue,Grill Steak Seafood,Ground 66 Hardware Lane MELBOURNE VIC 3000,-37.81318202,144.961167317,"{""census_year"":2024,""industry_code"":""4511"",""industry_description"":""Cafes and Restaurants"",""seats"":{""Seats - Outdoor"":60,""Seats - Indoor"":190},""total_seats"":250}",City of Melbourne,com:food:104666:021b97a1bb9fa713
food_venue,Grill'd,15 Degraves Street MELBOURNE VIC 3000,-37.8176078,144.965626331,"{""census_year"":2024,""industry_code"":""4511"",""industry_description"":""Cafes and Restaurants"",""seats"":{""Seats - Indoor"":10,""Seats - Outdoor"":48},""total_seats"":58}",City of Melbourne,com:food:104010:88a9695670a3e1a4
food_venue,Grill'd,83 Flinders Lane MELBOURNE VIC 3000,-37.81546152,144.971726206,"{""census_year"":2024,""industry_code"":""4511"",""industry_description"":""Cafes and Restaurants"",""seats"":{""Seats - Outdoor"":36,""Seats - Indoor"":60},""total_seats"":96}",City of Melbourne,com:food:103592:4cbea85806fe520b
food_venue,Grill'd,"Shop 1, Ground 650 Collins Street DOCKLANDS VIC 3008",-37.81815357,144.952339293,"{""census_year"":2024,""industry_code"":""4511"",""industry_description"":""Cafes and Restaurants"",""seats"":{""Seats - Indoor"":88},""total_seats"":88}",City of Melbourne,com:food:108973:db692fafbeccd0e5
food_venue,Grill'd,"Shop 360, Level 3 287 Lonsdale Street MELBOURNE VIC 3000",-37.81245199,144.963838585,"{""census_year"":2024,""industry_code"":""4512"",""industry_description"":""Takeaway Food Services"",""seats"":{""Seats - Indoor"":64},""total_seats"":64}",City of Melbourne,com:food:105698:007e889b8d9d2531
food_venue,Grill'd (QV),17-23 QV Square MELBOURNE VIC 3000,-37.810658,144.965703374,"{""census_year"":2024,""industry_code"":""4511"",""industry_description"":""Cafes and Restaurants"",""seats"":{""Seats - Indoor"":100,""Seats - Outdoor"":27},""total_seats"":127}",City of Melbourne,com:food:589841:6852db8ded9d012e
food_venue,Grill'd Healthy Burgers,350 Lygon Street CARLTON VIC 3053,-37.79887015,144.967526441,"{""census_year"":2024,""industry_code"":""4511"",""industry_description"":""Cafes and Restaurants"",""seats"":{""Seats - Indoor"":56,""Seats - Outdoor"":32},""total_seats"":88}",City of Melbourne,com:food:106197:ffb1f5542d0a8e0c
food_venue,Grill'd Healthy Burgers,"Shop 319A, Level 3 300 Lonsdale Street MELBOURNE VIC 3000",-37.81073331,144.963018917,"{""census_year"":2024,""industry_code"":""4511"",""industry_description"":""Cafes and Restaurants"",""seats"":{""Seats - Indoor"":120},""total_seats"":120}",City of Melbourne,com:food:105746:4eb9faf5e0690c23
food_venue,Grillers Mark,Part Ground 204 Lygon Street CARLTON VIC 3053,-37.8021884,144.967142521,"{""census_year"":2024,""industry_code"":""4511"",""industry_description"":""Cafes and Restaurants"",""seats"":{""Seats - Indoor"":60},""total_seats"":60}",City of Melbourne,com:food:106237:47236393db87595b
food_venue,Grocery Bar East Melbourne,"Unit 5T, 166 Albert Street EAST MELBOURNE VIC 3002",-37.81004656,144.985625385,"{""census_year"":2024,""industry_code"":""4511"",""industry_description"":""Cafes and Restaurants"",""seats"":{""Seats - Outdoor"":25,""Seats - Indoor"":46},""total_seats"":71}",City of Melbourne,com:food:593697:ea1e90ae1390dd7b
food_venue,Grossi Florentino,Florentino Restaurant 78-84 Bourke Street MELBOURNE VIC 3000,-37.81172969,144.970847236,"{""census_year"":2024,""industry_code"":""4511"",""industry_description"":""Cafes and Restaurants"",""seats"":{""Seats - Indoor"":210,""Seats - Outdoor"":54},""total_seats"":264}",City of Melbourne,com:food:101224:09169ebb0ff68090
food_venue,Grounded House,499 MacAulay Road KENSINGTON VIC 3031,-37.79458129,144.929445017,"{""census_year"":2024,""industry_code"":""4511"",""industry_description"":""Cafes and Restaurants"",""seats"":{""Seats - Indoor"":16,""Seats - Outdoor"":3},""total_seats"":19}",City of Melbourne,com:food:106321:40f9c115d4b563bd
food_venue,Guhng The Palace,19 McKillop Street MELBOURNE VIC 3000,-37.81534186,144.961620956,"{""census_year"":2024,""industry_code"":""4511"",""industry_description"":""Cafes and Restaurants"",""seats"":{""Seats - Indoor"":40},""total_seats"":40}",City of Melbourne,com:food:106372:05a3ea92e2c37f07
food_venue,Guljak Toppokki & Chicken,Shop LG08 287 Lonsdale Street MELBOURNE VIC 3000,-37.81245199,144.963838585,"{""census_year"":2024,""industry_code"":""4512"",""industry_description"":""Takeaway Food Services"",""seats"":{""Seats - Indoor"":48},""total_seats"":48}",City of Melbourne,com:food:105698:2a322f4846d647c8
food_venue,Gurkhas Cbd,Ground 11-17 Cohen Place MELBOURNE VIC 3000,-37.81104301,144.968915174,"{""census_year"":2024,""industry_code"":""4511"",""industry_description"":""Cafes and Restaurants"",""seats"":{""Seats - Indoor"":100},""total_seats"":100}",City of Melbourne,com:food:102047:25980565cc9069e0
food_venue,Guzman Y Gomez,71 Flemington Road NORTH MELBOURNE VIC 3051,-37.79930773,144.953791933,"{""census_year"":2024,""industry_code"":""4511"",""industry_description"":""Cafes and Restaurants"",""seats"":{""Seats - Indoor"":30},""total_seats"":30}",City of Melbourne,com:food:103817:4ff90c8cf38bb2b0
food_venue,Guzman Y Gomez,"Tenancy 7A, Ground 567 Collins Street MELBOURNE VIC 3000",-37.81902044,144.955727469,"{""census_year"":2024,""industry_code"":""4512"",""industry_description"":""Takeaway Food Services"",""seats"":{""Seats - Outdoor"":8},""total_seats"":8}",City of Melbourne,com:food:579252:f072aecb6ed17535
food_venue,Guzman Y Gomez Swanston Street,Ground 293 Swanston Street MELBOURNE VIC 3000,-37.81122709,144.964263714,"{""census_year"":2024,""industry_code"":""4511"",""industry_description"":""Cafes and Restaurants"",""seats"":{""Seats - Outdoor"":18,""Seats - Indoor"":65},""total_seats"":83}",City of Melbourne,com:food:109303:aaa90b45b5001edb
food_venue,Gyoza San,"Shop 3, Ground 121 Grattan Street CARLTON VIC 3053",-37.80077102,144.965103662,"{""census_year"":2024,""industry_code"":""4511"",""industry_description"":""Cafes and Restaurants"",""seats"":{""Seats - Outdoor"":12,""Seats - Indoor"":36},""total_seats"":48}",City of Melbourne,com:food:104450:e62431d15b2df254
food_venue,Hai Di Lao Hot Pot,"Shop 304, Level 3 287 Lonsdale Street MELBOURNE VIC 3000",-37.81245199,144.963838585,"{""census_year"":2024,""industry_code"":""4511"",""industry_description"":""Cafes and Restaurants"",""seats"":{""Seats - Indoor"":56},""total_seats"":56}",City of Melbourne,com:food:105698:e01744352d5e2d83
food_venue,Hakata Gensuke,168 Russell Street MELBOURNE VIC 3000,-37.8122734,144.96818783,"{""census_year"":2024,""industry_code"":""4511"",""industry_description"":""Cafes and Restaurants"",""seats"":{""Seats - Indoor"":30},""total_seats"":30}",City of Melbourne,com:food:108585:ae5f2fa431fdc5ad
food_venue,Hakata Gensuke Carlton,126 Lygon Street CARLTON VIC 3053,-37.80443778,144.966699249,"{""census_year"":2024,""industry_code"":""4511"",""industry_description"":""Cafes and Restaurants"",""seats"":{""Seats - Indoor"":22,""Seats - Outdoor"":8},""total_seats"":30}",City of Melbourne,com:food:111059:401221a44105b51f
food_venue,Hakata Gensuke Healeys Lane,"Shop B1-B2, 550 Lonsdale Street MELBOURNE VIC 3000",-37.8134766,144.956016924,"{""census_year"":2024,""industry_code"":""4511"",""industry_description"":""Cafes and Restaurants"",""seats"":{""Seats - Indoor"":24},""total_seats"":24}",City of Melbourne,com:food:105726:5f849e69b5be0faa
food_venue,Hakata Gensuke QV,200 Lonsdale Street MELBOURNE VIC 3000,-37.810658,144.965703374,"{""census_year"":2024,""industry_code"":""4511"",""industry_description"":""Cafes and Restaurants"",""seats"":{""Seats - Indoor"":32,""Seats - Outdoor"":12},""total_seats"":44}",City of Melbourne,com:food:589841:f1ba2ebadaac9a43
food_venue,Hakoya Izakaya,Ground 364 Lonsdale Street MELBOURNE VIC 3000,-37.81220274,144.961456084,"{""census_year"":2024,""industry_code"":""4511"",""industry_description"":""Cafes and Restaurants"",""seats"":{""Seats - Indoor"":55},""total_seats"":55}",City of Melbourne,com:food:105742:4bc073a748207bc3
food_venue,Hall St Cafe,"Suite 91, 21 Hall Street PORT MELBOURNE VIC 3207",-37.82304058,144.925377505,"{""census_year"":2024,""industry_code"":""4511"",""industry_description"":""Cafes and Restaurants"",""seats"":{""Seats - Indoor"":59},""total_seats"":59}",City of Melbourne,com:food:110551:8af2b376af245b5a
food_venue,Hallah,268 Victoria Street NORTH MELBOURNE VIC 3051,-37.80580455,144.957390153,"{""census_year"":2024,""industry_code"":""4511"",""industry_description"":""Cafes and Restaurants"",""seats"":{""Seats - Indoor"":60},""total_seats"":60}",City of Melbourne,com:food:109837:5dcf8cc88176d938
food_venue,Han Guuk Guan,13A Victoria Street MELBOURNE VIC 3000,-37.8075865,144.967982089,"{""census_year"":2024,""industry_code"":""4511"",""industry_description"":""Cafes and Restaurants"",""seats"":{""Seats - Indoor"":100},""total_seats"":100}",City of Melbourne,com:food:109677:b094653e6f5abbfb
food_venue,Hana Sushi,Shop G05 8 Star Circus DOCKLANDS VIC 3008,-37.8131707,144.937857365,"{""census_year"":2024,""industry_code"":""4511"",""industry_description"":""Cafes and Restaurants"",""seats"":{""Seats - Indoor"":10,""Seats - Outdoor"":30},""total_seats"":40}",City of Melbourne,com:food:620312:02cc485a36fc7fb8
food_venue,Hana Sushi,"Shop 5, 101 Waterfront Way DOCKLANDS VIC 3008",-37.81190701,144.937626157,"{""census_year"":2024,""industry_code"":""4512"",""industry_description"":""Takeaway Food Services"",""seats"":{""Seats - Indoor"":12,""Seats - Outdoor"":4},""total_seats"":16}",City of Melbourne,com:food:608590:526bde99e1399bf6
food_venue,Hanaichi QV,13-15 QV Square MELBOURNE VIC 3000,-37.810658,144.965703374,"{""census_year"":2024,""industry_code"":""4512"",""industry_description"":""Takeaway Food Services"",""seats"":{""Seats - Indoor"":25,""Seats - Outdoor"":25},""total_seats"":50}",City of Melbourne,com:food:589841:3aa7a0cf41efa5bb
food_venue,Handpicked Urban Cellar Door Melbourne,8 Benson Walk MELBOURNE VIC 3000,-37.81360963,144.970722603,"{""census_year"":2024,""industry_code"":""4520"",""industry_description"":""Pubs, Taverns and Bars"",""seats"":{""Seats - Indoor"":160,""Seats - Outdoor"":8},""total_seats"":168}",City of Melbourne,com:food:709874:5883eb41ffea1352
food_venue,Hangar Cafe Spencer Street,"Shop 214, Level 1 201 Spencer Street DOCKLANDS VIC 3008",-37.81501701,144.951186966,"{""census_year"":2024,""industry_code"":""4511"",""industry_description"":""Cafes and Restaurants"",""seats"":{""Seats - Indoor"":98},""total_seats"":98}",City of Melbourne,com:food:110843:2efff2d6f07770ff
food_venue,Hanoi Square,"Unit 14, Ground 60 Siddeley Street DOCKLANDS VIC 3008",-37.82290352,144.952548545,"{""census_year"":2024,""industry_code"":""4511"",""industry_description"":""Cafes and Restaurants"",""seats"":{""Seats - Indoor"":22,""Seats - Outdoor"":30},""total_seats"":52}",City of Melbourne,com:food:103980:ba951f613cae68bc
food_venue,Hansang,"Part Lot 1, Ground 347 King Street WEST MELBOURNE VIC 3003",-37.81214526,144.953514179,"{""census_year"":2024,""industry_code"":""4511"",""industry_description"":""Cafes and Restaurants"",""seats"":{""Seats - Indoor"":32},""total_seats"":32}",City of Melbourne,com:food:105322:1f37fb8534749d9f
food_venue,Hanshin Pocha Melbourne,Ground 385 Little Lonsdale Street MELBOURNE VIC 3000,-37.81181459,144.960540527,"{""census_year"":2024,""industry_code"":""4511"",""industry_description"":""Cafes and Restaurants"",""seats"":{""Seats - Indoor"":108},""total_seats"":108}",City of Melbourne,com:food:106016:a94d766547bc4a8f
food_venue,Happy Lamb Hot Pot,173-175 Exhibition Street MELBOURNE VIC 3000,-37.8115871,144.970047871,"{""census_year"":2024,""industry_code"":""4511"",""industry_description"":""Cafes and Restaurants"",""seats"":{""Seats - Indoor"":100},""total_seats"":100}",City of Melbourne,com:food:103600:51f1bf89643b334e
food_venue,Harajuku Crepes,"Shop 148, Level 1 300 Lonsdale Street MELBOURNE VIC 3000",-37.81073331,144.963018917,"{""census_year"":2024,""industry_code"":""4512"",""industry_description"":""Takeaway Food Services"",""seats"":{""Seats - Indoor"":4,""Seats - Outdoor"":10},""total_seats"":14}",City of Melbourne,com:food:105746:5ee006d24e4ecc3d
food_venue,Harbour Cafe,Rear Level 4 Concourse 120 Harbour Esplanade DOCKLANDS VIC 3008,-37.81817241,144.947217029,"{""census_year"":2024,""industry_code"":""4511"",""industry_description"":""Cafes and Restaurants"",""seats"":{""Seats - Indoor"":64,""Seats - Outdoor"":20},""total_seats"":84}",City of Melbourne,com:food:598609:fc93138d007a2d44
food_venue,Hardimans Hotel,Hardimans Hotel 521-535 Macaulay Road KENSINGTON VIC 3031,-37.79442112,144.928355246,"{""census_year"":2024,""industry_code"":""4520"",""industry_description"":""Pubs, Taverns and Bars"",""seats"":{""Seats - Outdoor"":187,""Seats - Indoor"":230},""total_seats"":417}",City of Melbourne,com:food:106329:1d59cf9d9f038196
food_venue,Hareruya Pantry,Ground 15-17 Lincoln Square South CARLTON VIC 3053,-37.80337059,144.962856814,"{""census_year"":2024,""industry_code"":""4512"",""industry_description"":""Takeaway Food Services"",""seats"":{""Seats - Indoor"":3},""total_seats"":3}",City of Melbourne,com:food:518846:e36cfdb0e9b6289a
food_venue,Harry's Jungle,Part Ground 121-127 Little Collins Street MELBOURNE VIC 3000,-37.8136886,144.969767558,"{""census_year"":2024,""industry_code"":""4511"",""industry_description"":""Cafes and Restaurants"",""seats"":{""Seats - Indoor"":200,""Seats - Outdoor"":8},""total_seats"":208}",City of Melbourne,com:food:105915:b38e10e701e587d6
food_venue,HATS AND TATTS CITY,Level 1 246 Russell Street MELBOURNE VIC 3000,-37.81047421,144.967326039,"{""census_year"":2024,""industry_code"":""4520"",""industry_description"":""Pubs, Taverns and Bars"",""seats"":{""Seats - Indoor"":70},""total_seats"":70}",City of Melbourne,com:food:108580:09d9ca7155aaf7da
food_venue,Hawker Boys,"Tenancy 2, 85 Hardware Lane MELBOURNE VIC 3000",-37.81303978,144.960680876,"{""census_year"":2024,""industry_code"":""4511"",""industry_description"":""Cafes and Restaurants"",""seats"":{""Seats - Outdoor"":16,""Seats - Indoor"":32},""total_seats"":48}",City of Melbourne,com:food:105707:cfc53ed72e6cb558
food_venue,Hawker Canteen,521 St Kilda Road MELBOURNE VIC 3004,-37.8455379,144.979819038,"{""census_year"":2024,""industry_code"":""4511"",""industry_description"":""Cafes and Restaurants"",""seats"":{""Seats - Outdoor"":16,""Seats - Indoor"":15},""total_seats"":31}",City of Melbourne,com:food:108646:6f3bd13fd9f90ef7
food_venue,Haymarket Place,Ground 212 Berkeley Street CARLTON VIC 3053,-37.80052523,144.958998433,"{""census_year"":2024,""industry_code"":""4511"",""industry_description"":""Cafes and Restaurants"",""seats"":{""Seats - Outdoor"":10,""Seats - Indoor"":47},""total_seats"":57}",City of Melbourne,com:food:101052:f297f6b93134c481
food_venue,Hazel Melbourne,Level 1 164 Flinders Lane MELBOURNE VIC 3000,-37.81543178,144.968755295,"{""census_year"":2024,""industry_code"":""4511"",""industry_description"":""Cafes and Restaurants"",""seats"":{""Seats - Indoor"":150},""total_seats"":150}",City of Melbourne,com:food:102073:837d34dd2e7dceb3
food_venue,Headquarters Tavern,Part 448 Epsom Road FLEMINGTON VIC 3031,-37.78909021,144.912696182,"{""census_year"":2024,""industry_code"":""9209"",""industry_description"":""Other Gambling Activities"",""seats"":{""Seats - Indoor"":100},""total_seats"":100}",City of Melbourne,com:food:108810:8c6c1619515a4ac9
food_venue,Heart Baker Bun Mee,7 Scott Alley MELBOURNE VIC 3000,-37.81685974,144.966302712,"{""census_year"":2024,""industry_code"":""4512"",""industry_description"":""Takeaway Food Services"",""seats"":{""Seats - Outdoor"":6,""Seats - Indoor"":3},""total_seats"":9}",City of Melbourne,com:food:103940:997cb9df88be14c6
food_venue,Heartattack and Vine,329 Lygon Street CARLTON VIC 3053,-37.79764329,144.967148225,"{""census_year"":2024,""industry_code"":""4511"",""industry_description"":""Cafes and Restaurants"",""seats"":{""Seats - Indoor"":50,""Seats - Outdoor"":50},""total_seats"":100}",City of Melbourne,com:food:106152:caafba5333ee2610
food_venue,Heartbaker Bun Mee @Spring,"Shop 1, 201 Spring Street MELBOURNE VIC 3000",-37.81012783,144.972057848,"{""census_year"":2024,""industry_code"":""4512"",""industry_description"":""Takeaway Food Services"",""seats"":{""Seats - Indoor"":12},""total_seats"":12}",City of Melbourne,com:food:108989:01d1f5abba38bf56
food_venue,Heartbreaker,234A Russell Street MELBOURNE VIC 3000,-37.81098272,144.967644342,"{""census_year"":2024,""industry_code"":""4520"",""industry_description"":""Pubs, Taverns and Bars"",""seats"":{""Seats - Indoor"":100},""total_seats"":100}",City of Melbourne,com:food:108581:c9196f7d48dc9a04
food_venue,Heartling,32 Tom Thumb Lane DOCKLANDS VIC 3008,-37.82007613,144.941406774,"{""census_year"":2024,""industry_code"":""4512"",""industry_description"":""Takeaway Food Services"",""seats"":{""Seats - Indoor"":10},""total_seats"":10}",City of Melbourne,com:food:623575:3ca972b61d188316
food_venue,Hell's Kitchen,Mezzanine 20A Centre Place MELBOURNE VIC 3000,-37.8166033,144.965596537,"{""census_year"":2024,""industry_code"":""4520"",""industry_description"":""Pubs, Taverns and Bars"",""seats"":{""Seats - Indoor"":55},""total_seats"":55}",City of Melbourne,com:food:101789:5e03ab349f25d1e3
food_venue,Hello Chicken Qv,"Tenancy 9, Ground 181 William Street MELBOURNE VIC 3000",-37.81531863,144.957392295,"{""census_year"":2024,""industry_code"":""4512"",""industry_description"":""Takeaway Food Services"",""seats"":{""Seats - Indoor"":12},""total_seats"":12}",City of Melbourne,com:food:612820:6ce37937ecfd5066
food_venue,Hello Jose,Ground 85 Peel Street WEST MELBOURNE VIC 3003,-37.80619737,144.955584299,"{""census_year"":2024,""industry_code"":""4511"",""industry_description"":""Cafes and Restaurants"",""seats"":{""Seats - Outdoor"":40,""Seats - Indoor"":20},""total_seats"":60}",City of Melbourne,com:food:107486:5f913f52b1402b6a
food_venue,Hem 27,"Shop 27, 320-380 Epsom Road FLEMINGTON VIC 3031",-37.78257295,144.915521168,"{""census_year"":2024,""industry_code"":""4511"",""industry_description"":""Cafes and Restaurants"",""seats"":{""Seats - Indoor"":40},""total_seats"":40}",City of Melbourne,com:food:602256:fa806f95fc39958a
food_venue,Hencho En Mexico,78 Hardware Lane MELBOURNE VIC 3000,-37.81307029,144.961106093,"{""census_year"":2024,""industry_code"":""4511"",""industry_description"":""Cafes and Restaurants"",""seats"":{""Seats - Outdoor"":28,""Seats - Indoor"":82},""total_seats"":110}",City of Melbourne,com:food:104665:a9b33c0cffdc7686
food_venue,Heng Thai Local Food Hall,Part Ground 131-135 Bourke Street MELBOURNE VIC 3000,-37.81301069,144.969463785,"{""census_year"":2024,""industry_code"":""4511"",""industry_description"":""Cafes and Restaurants"",""seats"":{""Seats - Indoor"":100},""total_seats"":100}",City of Melbourne,com:food:101118:b9ba1eb6184a39e5
food_venue,Henry and the Fox,"Shop 10-12, 500 Collins Street MELBOURNE VIC 3000",-37.81753383,144.957473189,"{""census_year"":2024,""industry_code"":""4511"",""industry_description"":""Cafes and Restaurants"",""seats"":{""Seats - Indoor"":181,""Seats - Outdoor"":100},""total_seats"":281}",City of Melbourne,com:food:102117:1e352128a76e2df4
food_venue,Her Bar Pty Ltd,Ground & Part Level 2 268-270 Lonsdale Street MELBOURNE VIC 3000,-37.81148546,144.96414534,"{""census_year"":2024,""industry_code"":""4520"",""industry_description"":""Pubs, Taverns and Bars"",""seats"":{""Seats - Indoor"":75},""total_seats"":75}",City of Melbourne,com:food:105748:001e1852b0c128ec
food_venue,HER CAFE PTY. LTD.,516 Swanston Street CARLTON VIC 3053,-37.80483648,144.96352823,"{""census_year"":2024,""industry_code"":""4512"",""industry_description"":""Takeaway Food Services"",""seats"":{""Seats - Indoor"":4},""total_seats"":4}",City of Melbourne,com:food:109377:78f9cc9969b66faf
food_venue,Her Majesty's Theatre,219 Exhibition Street MELBOURNE VIC 3000,-37.810951,144.969539046,"{""census_year"":2024,""industry_code"":""9003"",""industry_description"":""Performing Arts Venue Operation"",""seats"":{""Seats - Outdoor"":16,""Seats - Indoor"":40},""total_seats"":56}",City of Melbourne,com:food:103602:4f9d66e794f6b051
food_venue,Heyday Hong Kong Cafe,16 Celestial Avenue MELBOURNE VIC 3000,-37.81181046,144.966372569,"{""census_year"":2024,""industry_code"":""4511"",""industry_description"":""Cafes and Restaurants"",""seats"":{""Seats - Indoor"":16},""total_seats"":16}",City of Melbourne,com:food:101785:2e4c46737baafefb
food_venue,HEYTEA,"Shop 309, Level 3 287 Lonsdale Street MELBOURNE VIC 3000",-37.81245199,144.963838585,"{""census_year"":2024,""industry_code"":""4511"",""industry_description"":""Cafes and Restaurants"",""seats"":{""Seats - Indoor"":22},""total_seats"":22}",City of Melbourne,com:food:105698:e526c154013a284f
food_venue,Hi Chong Qing Cafe & Noodle Bar,Part Ground 22 Orr Street CARLTON VIC 3053,-37.80634019,144.965400643,"{""census_year"":2024,""industry_code"":""4511"",""industry_description"":""Cafes and Restaurants"",""seats"":{""Seats - Indoor"":20,""Seats - Outdoor"":6},""total_seats"":26}",City of Melbourne,com:food:111078:65c8b07a0ca925b2
food_venue,Hi Joopo Hot Pot,212 Swanston Street MELBOURNE VIC 3000,-37.81278915,144.965611705,"{""census_year"":2024,""industry_code"":""4511"",""industry_description"":""Cafes and Restaurants"",""seats"":{""Seats - Indoor"":26},""total_seats"":26}",City of Melbourne,com:food:109402:633880775040b310
food_venue,Hideaway Melbourne,133-135 Victoria Street MELBOURNE VIC 3000,-37.80765748,144.957205484,"{""census_year"":2024,""industry_code"":""4511"",""industry_description"":""Cafes and Restaurants"",""seats"":{""Seats - Indoor"":14,""Seats - Outdoor"":6},""total_seats"":20}",City of Melbourne,com:food:110671:ae5c92cd7cde6d72
food_venue,Higher Ground,"Shop 101T, LwrGround 650 Little Bourke Street MELBOURNE VIC 3000",-37.81537494,144.953525588,"{""census_year"":2024,""industry_code"":""4511"",""industry_description"":""Cafes and Restaurants"",""seats"":{""Seats - Indoor"":180,""Seats - Outdoor"":22},""total_seats"":202}",City of Melbourne,com:food:641556:a845951aff1a4bc6
food_venue,Hikari Life,317 Swanston Street MELBOURNE VIC 3000,-37.81084464,144.964086568,"{""census_year"":2024,""industry_code"":""4512"",""industry_description"":""Takeaway Food Services"",""seats"":{""Seats - Outdoor"":2,""Seats - Indoor"":12},""total_seats"":14}",City of Melbourne,com:food:109308:ce33ef22834b58a9
food_venue,Hilton Melbourne Little Queen Street,18 Little Queen Street MELBOURNE VIC 3000,-37.81486162,144.959599784,"{""census_year"":2024,""industry_code"":""4400"",""industry_description"":""Accommodation"",""seats"":{""Seats - Indoor"":200,""Seats - Outdoor"":50},""total_seats"":250}",City of Melbourne,com:food:101180:275912443d9f00b2
food_venue,Ho Ho's Canteen,Part Ground 399 Royal Parade PARKVILLE VIC 3052,-37.78398214,144.958681046,"{""census_year"":2024,""industry_code"":""4511"",""industry_description"":""Cafes and Restaurants"",""seats"":{""Seats - Indoor"":50},""total_seats"":50}",City of Melbourne,com:food:108506:d9fb0fd205acacf7
food_venue,Hochi Mama,Ground 35 Little Bourke Street MELBOURNE VIC 3000,-37.81094349,144.971830017,"{""census_year"":2024,""industry_code"":""4511"",""industry_description"":""Cafes and Restaurants"",""seats"":{""Seats - Indoor"":110,""Seats - Outdoor"":24},""total_seats"":134}",City of Melbourne,com:food:105827:4f63c0453d1ded34
food_venue,Hofbrauhaus Restaurant,26-28 Market Lane MELBOURNE VIC 3000,-37.81160744,144.969335255,"{""census_year"":2024,""industry_code"":""4511"",""industry_description"":""Cafes and Restaurants"",""seats"":{""Seats - Indoor"":138},""total_seats"":138}",City of Melbourne,com:food:106432:f6ff0df4918cc86f
food_venue,Hofbrauhaus Restaurant,Ground 18 Market Lane MELBOURNE VIC 3000,-37.81175137,144.969403095,"{""census_year"":2024,""industry_code"":""4511"",""industry_description"":""Cafes and Restaurants"",""seats"":{""Seats - Indoor"":73},""total_seats"":73}",City of Melbourne,com:food:106433:3a9372af9579aca4
food_venue,Hoiana,Part Ground 394-400 Little Bourke Street MELBOURNE VIC 3000,-37.81365679,144.960900331,"{""census_year"":2024,""industry_code"":""4511"",""industry_description"":""Cafes and Restaurants"",""seats"":{""Seats - Indoor"":86},""total_seats"":86}",City of Melbourne,com:food:105868:d2a524c3e08fd516
food_venue,Home Kitchen & Bar,Restaurant Level 1 222 Russell Street MELBOURNE VIC 3000,-37.81132789,144.967994718,"{""census_year"":2024,""industry_code"":""4511"",""industry_description"":""Cafes and Restaurants"",""seats"":{""Seats - Indoor"":80},""total_seats"":80}",City of Melbourne,com:food:108582:8dbebf18b4d6eebd
food_venue,Home Vegan Bar,"Shop 4, 699 Collins Street DOCKLANDS VIC 3008",-37.82019801,144.951576469,"{""census_year"":2024,""industry_code"":""4511"",""industry_description"":""Cafes and Restaurants"",""seats"":{""Seats - Indoor"":33},""total_seats"":33}",City of Melbourne,com:food:605910:03ac43c3e6bfc9f2
food_venue,Homm Dessert,"Shop 71, Ground 300 Lonsdale Street MELBOURNE VIC 3000",-37.81073331,144.963018917,"{""census_year"":2024,""industry_code"":""4511"",""industry_description"":""Cafes and Restaurants"",""seats"":{""Seats - Indoor"":50,""Seats - Outdoor"":24},""total_seats"":74}",City of Melbourne,com:food:105746:08b6708710486fd5
food_venue,Homm Dessert At Heart,294 La Trobe Street MELBOURNE VIC 3000,-37.8100143,144.960849507,"{""census_year"":2024,""industry_code"":""4511"",""industry_description"":""Cafes and Restaurants"",""seats"":{""Seats - Indoor"":60},""total_seats"":60}",City of Melbourne,com:food:103216:51533deaf23bb586
food_venue,Hong Dae Korean Restaurant & Bar,100 Little Lonsdale Street MELBOURNE VIC 3000,-37.80913623,144.968719501,"{""census_year"":2024,""industry_code"":""4511"",""industry_description"":""Cafes and Restaurants"",""seats"":{""Seats - Indoor"":70},""total_seats"":70}",City of Melbourne,com:food:106059:e8afaf11ed163226
food_venue,Hong Kong Cafe,171-173 Russell Street MELBOURNE VIC 3000,-37.81238087,144.96758979,"{""census_year"":2024,""industry_code"":""4511"",""industry_description"":""Cafes and Restaurants"",""seats"":{""Seats - Indoor"":58},""total_seats"":58}",City of Melbourne,com:food:108539:c96f3eef093a2bc8
food_venue,Hongkongboi,"Shop 2, 155 Franklin Street MELBOURNE VIC 3000",-37.80904835,144.959575429,"{""census_year"":2024,""industry_code"":""4512"",""industry_description"":""Takeaway Food Services"",""seats"":{""Seats - Indoor"":10},""total_seats"":10}",City of Melbourne,com:food:104084:51e3f66526a24253
food_venue,Hooks At The Yarra,50 River Esplanade DOCKLANDS VIC 3008,-37.82461483,144.947647139,"{""census_year"":2024,""industry_code"":""4511"",""industry_description"":""Cafes and Restaurants"",""seats"":{""Seats - Outdoor"":60,""Seats - Indoor"":60},""total_seats"":120}",City of Melbourne,com:food:560261:f201717d63900284
food_venue,Hopetoun Bakehouse,Basement 20-22 McKillop Street MELBOURNE VIC 3000,-37.81514598,144.961818541,"{""census_year"":2024,""industry_code"":""4511"",""industry_description"":""Cafes and Restaurants"",""seats"":{""Seats - Indoor"":20,""Seats - Outdoor"":8},""total_seats"":28}",City of Melbourne,com:food:106374:84294d0980d93368
food_venue,Hophaus,"Restaurant 5, Mid Lvl 3 Southgate Avenue SOUTHBANK VIC 3006",-37.82066924,144.966262253,"{""census_year"":2024,""industry_code"":""4511"",""industry_description"":""Cafes and Restaurants"",""seats"":{""Seats - Outdoor"":120,""Seats - Indoor"":140},""total_seats"":260}",City of Melbourne,com:food:110606:8dd6b1f3b2579592
food_venue,Hopscotch,"Shop 4, 4 Riverside Quay SOUTHBANK VIC 3006",-37.82092509,144.963375778,"{""census_year"":2024,""industry_code"":""4511"",""industry_description"":""Cafes and Restaurants"",""seats"":{""Seats - Outdoor"":200,""Seats - Indoor"":60},""total_seats"":260}",City of Melbourne,com:food:110326:a84f21928f73726e
food_venue,Hor Kitchen,264-266 Russell Street MELBOURNE VIC 3000,-37.81020096,144.967198825,"{""census_year"":2024,""industry_code"":""4511"",""industry_description"":""Cafes and Restaurants"",""seats"":{""Seats - Indoor"":60},""total_seats"":60}",City of Melbourne,com:food:108575:3a283f5d3d0a655d
food_venue,Horn And Hoof,"Tenancy 6, 50 Newquay Promenade DOCKLANDS VIC 3008",-37.81460532,144.941261396,"{""census_year"":2024,""industry_code"":""4511"",""industry_description"":""Cafes and Restaurants"",""seats"":{""Seats - Indoor"":30},""total_seats"":30}",City of Melbourne,com:food:560001:1ff0e8100c85eb26
food_venue,Hotel Ibis Melbourne,Hotel Ibis 15-21 Therry Street MELBOURNE VIC 3000,-37.80713788,144.961405889,"{""census_year"":2024,""industry_code"":""4400"",""industry_description"":""Accommodation"",""seats"":{""Seats - Indoor"":75},""total_seats"":75}",City of Melbourne,com:food:109491:f704104fa9552b68
food_venue,Hotel Indigo Melbourne Flinders,Hotel Indigo Melbourne Flinders 561-585 Flinders Lane MELBOURNE VIC 3000,-37.82020481,144.955152413,"{""census_year"":2024,""industry_code"":""4400"",""industry_description"":""Accommodation"",""seats"":{""Seats - Indoor"":96},""total_seats"":96}",City of Melbourne,com:food:108971:f89553827b9ff0af
food_venue,Hotel Lincoln,Lincoln Hotel 91 Cardigan Street CARLTON VIC 3053,-37.80448528,144.964505684,"{""census_year"":2024,""industry_code"":""4520"",""industry_description"":""Pubs, Taverns and Bars"",""seats"":{""Seats - Outdoor"":56,""Seats - Indoor"":62},""total_seats"":118}",City of Melbourne,com:food:101593:1fc5891d496e8845
food_venue,Hotel Pullman on The Park,Pullman Melbourne on the Park 192 Wellington Parade EAST MELBOURNE VIC 3002,-37.81582276,144.983498919,"{""census_year"":2024,""industry_code"":""4400"",""industry_description"":""Accommodation"",""seats"":{""Seats - Indoor"":200},""total_seats"":200}",City of Melbourne,com:food:109993:1cc1e1936098b3f3
food_venue,Hotel Spencer Bar & Grill,Ground 475 Spencer Street WEST MELBOURNE VIC 3003,-37.80956913,144.949250302,"{""census_year"":2024,""industry_code"":""4520"",""industry_description"":""Pubs, Taverns and Bars"",""seats"":{""Seats - Outdoor"":12,""Seats - Indoor"":90},""total_seats"":102}",City of Melbourne,com:food:108856:8ebc95cb90279107
food_venue,Hotel Windsor,103-111 Spring Street MELBOURNE VIC 3000,-37.81199351,144.972924466,"{""census_year"":2024,""industry_code"":""4400"",""industry_description"":""Accommodation"",""seats"":{""Seats - Indoor"":100},""total_seats"":100}",City of Melbourne,com:food:108983:16a8254c77523a10
food_venue,House Blend,"Shop 3, 280 King Street MELBOURNE VIC 3000",-37.81349786,144.954822177,"{""census_year"":2024,""industry_code"":""4511"",""industry_description"":""Cafes and Restaurants"",""seats"":{""Seats - Outdoor"":16,""Seats - Indoor"":12},""total_seats"":28}",City of Melbourne,com:food:105375:5e8ee3e6af752aed
food_venue,House Of Cards,Part Ground 207 City Road SOUTHBANK VIC 3006,-37.82577603,144.961237256,"{""census_year"":2024,""industry_code"":""4511"",""industry_description"":""Cafes and Restaurants"",""seats"":{""Seats - Indoor"":10,""Seats - Outdoor"":18},""total_seats"":28}",City of Melbourne,com:food:110368:00292c1da1df665a
food_venue,House Of Cards Espresso,Adjacent Ground OId Metallurgy Building 166 230 Grattan Street PARKVILLE VIC 3010,-37.79738772,144.961258672,"{""census_year"":2024,""industry_code"":""4512"",""industry_description"":""Takeaway Food Services"",""seats"":{""Seats - Outdoor"":20},""total_seats"":20}",City of Melbourne,com:food:664632:9f3e5da4ba11e765
food_venue,House of Correction,Level 4 264 Swanston Street MELBOURNE VIC 3000,-37.81181063,144.965147314,"{""census_year"":2024,""industry_code"":""4520"",""industry_description"":""Pubs, Taverns and Bars"",""seats"":{""Seats - Indoor"":50},""total_seats"":50}",City of Melbourne,com:food:109390:782579b7042d17e7
food_venue,House Of Kebabs,Part Ground 269-271 King Street MELBOURNE VIC 3000,-37.81392013,144.954298289,"{""census_year"":2024,""industry_code"":""4511"",""industry_description"":""Cafes and Restaurants"",""seats"":{""Seats - Indoor"":21},""total_seats"":21}",City of Melbourne,com:food:105315:173a0e9c23a7f2b8
food_venue,Howitt House,Kiosk Lobby 1 Collins Street MELBOURNE VIC 3000,-37.81372701,144.973720068,"{""census_year"":2024,""industry_code"":""4511"",""industry_description"":""Cafes and Restaurants"",""seats"":{""Seats - Indoor"":28},""total_seats"":28}",City of Melbourne,com:food:102057:c59d7550d3a43d55
food_venue,Howm,16 Degraves Street MELBOURNE VIC 3000,-37.81752037,144.965997298,"{""census_year"":2024,""industry_code"":""4511"",""industry_description"":""Cafes and Restaurants"",""seats"":{""Seats - Indoor"":30},""total_seats"":30}",City of Melbourne,com:food:104011:12fc735624ad10ae
food_venue,Hu Food Fried Skewers,"Shop 2, 280 Lonsdale Street MELBOURNE VIC 3000",-37.81152963,144.963996846,"{""census_year"":2024,""industry_code"":""4512"",""industry_description"":""Takeaway Food Services"",""seats"":{""Seats - Indoor"":14},""total_seats"":14}",City of Melbourne,com:food:105747:979b62d2e9bc2a43
food_venue,Hualu Peking Duck,"Shop 1, 137 A'Beckett Street MELBOURNE VIC 3000",-37.80988902,144.959762876,"{""census_year"":2024,""industry_code"":""4511"",""industry_description"":""Cafes and Restaurants"",""seats"":{""Seats - Indoor"":130},""total_seats"":130}",City of Melbourne,com:food:639236:61626ef683d5296b
food_venue,Hub Flinders Street,"Part Level 2, Level 3 & 7 172 Flinders Street MELBOURNE VIC 3000",-37.81663861,144.968542835,"{""census_year"":2024,""industry_code"":""6712"",""industry_description"":""Non-Residential Property Operators"",""seats"":{""Seats - Outdoor"":32,""Seats - Indoor"":111},""total_seats"":143}",City of Melbourne,com:food:104018:a93b4e9baa71799e
food_venue,Hubert Bistro,37 Block Place MELBOURNE VIC 3000,-37.81528948,144.964225403,"{""census_year"":2024,""industry_code"":""4512"",""industry_description"":""Takeaway Food Services"",""seats"":{""Seats - Outdoor"":6,""Seats - Indoor"":8},""total_seats"":14}",City of Melbourne,com:food:105928:9069a571c28d1b28
food_venue,Human Beans,147 Dodds Street SOUTHBANK VIC 3006,-37.83063263,144.967466569,"{""census_year"":2024,""industry_code"":""4511"",""industry_description"":""Cafes and Restaurants"",""seats"":{""Seats - Indoor"":28},""total_seats"":28}",City of Melbourne,com:food:110436:d89ffaa2ce236a5a
food_venue,Humbaba,20 Dorcas Street SOUTHBANK VIC 3006,-37.83002436,144.969568044,"{""census_year"":2024,""industry_code"":""4511"",""industry_description"":""Cafes and Restaurants"",""seats"":{""Seats - Outdoor"":24,""Seats - Indoor"":30},""total_seats"":54}",City of Melbourne,com:food:110435:6afed72495bc3b8e
food_venue,Humble Rays,Retail 1 71-79 Bouverie Street CARLTON VIC 3053,-37.80477948,144.961410001,"{""census_year"":2024,""industry_code"":""4511"",""industry_description"":""Cafes and Restaurants"",""seats"":{""Seats - Indoor"":60,""Seats - Outdoor"":12},""total_seats"":72}",City of Melbourne,com:food:101243:22e1d5ba8512bf11
food_venue,Hungry Jack's,Ground 167 Spencer Street DOCKLANDS VIC 3008,-37.81501701,144.951186966,"{""census_year"":2024,""industry_code"":""4511"",""industry_description"":""Cafes and Restaurants"",""seats"":{""Seats - Indoor"":52},""total_seats"":52}",City of Melbourne,com:food:110843:1bb1be481eee298b
food_venue,Hungry Jack's,"Shop 3, 165 Kings Way SOUTHBANK VIC 3006",-37.82864999,144.963860787,"{""census_year"":2024,""industry_code"":""4511"",""industry_description"":""Cafes and Restaurants"",""seats"":{""Seats - Indoor"":30},""total_seats"":30}",City of Melbourne,com:food:110443:7b7b2764f1e2c265
food_venue,Hungry Jack's,"Shop 14, Level 1 650 Collins Street DOCKLANDS VIC 3008",-37.81815357,144.952339293,"{""census_year"":2024,""industry_code"":""4511"",""industry_description"":""Cafes and Restaurants"",""seats"":{""Seats - Indoor"":100},""total_seats"":100}",City of Melbourne,com:food:108973:757d84a8aba149dc
food_venue,Hungry Jack's,"Shop G1, Ground 17-19 Elizabeth Street MELBOURNE VIC 3000",-37.81771533,144.964446552,"{""census_year"":2024,""industry_code"":""4511"",""industry_description"":""Cafes and Restaurants"",""seats"":{""Seats - Indoor"":35},""total_seats"":35}",City of Melbourne,com:food:103168:241aec9d29c72128
food_venue,Hungry Jack's,Part Ground 368 Elizabeth Street MELBOURNE VIC 3000,-37.80994879,144.961747019,"{""census_year"":2024,""industry_code"":""4511"",""industry_description"":""Cafes and Restaurants"",""seats"":{""Seats - Indoor"":66},""total_seats"":66}",City of Melbourne,com:food:103308:65435b51b4b0f67b
food_venue,Hungry Jack's Pty Ltd,Part 46 Cook Street PORT MELBOURNE VIC 3207,-37.82984781,144.917194113,"{""census_year"":2024,""industry_code"":""4511"",""industry_description"":""Cafes and Restaurants"",""seats"":{""Seats - Indoor"":70},""total_seats"":70}",City of Melbourne,com:food:640573:85c7f6ee8f7ca3e9
food_venue,Hungry Jack's Pty Ltd,"Tenancy 2, 301 Smithfield Road KENSINGTON VIC 3031",-37.79214606,144.91876537,"{""census_year"":2024,""industry_code"":""4511"",""industry_description"":""Cafes and Restaurants"",""seats"":{""Seats - Indoor"":36},""total_seats"":36}",City of Melbourne,com:food:108812:fe444e057642a6f4
food_venue,Hunters And Disciples,"Part Unit 39, 617-643 Spencer Street WEST MELBOURNE VIC 3003",-37.8068965,144.945352806,"{""census_year"":2024,""industry_code"":""4511"",""industry_description"":""Cafes and Restaurants"",""seats"":{""Seats - Indoor"":100,""Seats - Outdoor"":10},""total_seats"":110}",City of Melbourne,com:food:108882:c4602217673d9741
food_venue,Hutong Dumpling Bar,14-16 Market Lane MELBOURNE VIC 3000,-37.81187264,144.969457819,"{""census_year"":2024,""industry_code"":""4511"",""industry_description"":""Cafes and Restaurants"",""seats"":{""Seats - Indoor"":110},""total_seats"":110}",City of Melbourne,com:food:106434:903bcc26e2c717d9
food_venue,Hwadam BBQ,502 Elizabeth Street MELBOURNE VIC 3000,-37.80719768,144.960349763,"{""census_year"":2024,""industry_code"":""4511"",""industry_description"":""Cafes and Restaurants"",""seats"":{""Seats - Indoor"":90},""total_seats"":90}",City of Melbourne,com:food:103293:b6de9eba086a5ed8
food_venue,Hyatt Centric Melbourne,9-27 Downie Street MELBOURNE VIC 3000,-37.82024953,144.955520664,"{""census_year"":2024,""industry_code"":""4400"",""industry_description"":""Accommodation"",""seats"":{""Seats - Indoor"":94},""total_seats"":94}",City of Melbourne,com:food:102595:9231072658db2c93
food_venue,I Bean,Part Ground 105 Queen Street MELBOURNE VIC 3000,-37.81614776,144.960847599,"{""census_year"":2024,""industry_code"":""4512"",""industry_description"":""Takeaway Food Services"",""seats"":{""Seats - Indoor"":3},""total_seats"":3}",City of Melbourne,com:food:108067:d39c90b14f3782a9
food_venue,I Love Chicken,39 Rose Lane MELBOURNE VIC 3000,-37.81537494,144.953525588,"{""census_year"":2024,""industry_code"":""4511"",""industry_description"":""Cafes and Restaurants"",""seats"":{""Seats - Indoor"":40},""total_seats"":40}",City of Melbourne,com:food:674546:bcee811c0566345a
food_venue,I Love Istanbul,Ground 95-97 Lygon Street CARLTON VIC 3053,-37.80467681,144.965949772,"{""census_year"":2024,""industry_code"":""4511"",""industry_description"":""Cafes and Restaurants"",""seats"":{""Seats - Indoor"":42,""Seats - Outdoor"":12},""total_seats"":54}",City of Melbourne,com:food:106083:58fb572b40f87c51
food_venue,I Wrap Cafe,Ground 595 Elizabeth Street MELBOURNE VIC 3000,-37.8044425,144.958148416,"{""census_year"":2024,""industry_code"":""4511"",""industry_description"":""Cafes and Restaurants"",""seats"":{""Seats - Outdoor"":6,""Seats - Indoor"":24},""total_seats"":30}",City of Melbourne,com:food:103246:1afacb63f7cfcca6
food_venue,Ibean Coffee Specialists,"Shop G1, Ground 517 Flinders Lane MELBOURNE VIC 3000",-37.81988483,144.956601666,"{""census_year"":2024,""industry_code"":""4512"",""industry_description"":""Takeaway Food Services"",""seats"":{""Seats - Indoor"":10},""total_seats"":10}",City of Melbourne,com:food:103957:2e5c251559c5d3b8
food_venue,Ibis Budget Melbourne Cbd,101 Elizabeth Street MELBOURNE VIC 3000,-37.81592157,144.963497878,"{""census_year"":2024,""industry_code"":""4400"",""industry_description"":""Accommodation"",""seats"":{""Seats - Indoor"":22},""total_seats"":22}",City of Melbourne,com:food:103176:3e5939f49748a4af
food_venue,Ibis Styles Kingsgate,"Basement, Part Ground & Levels 1-6 131 King Street MELBOURNE VIC 3000",-37.81708323,144.955503913,"{""census_year"":2024,""industry_code"":""4400"",""industry_description"":""Accommodation"",""seats"":{""Seats - Indoor"":37},""total_seats"":37}",City of Melbourne,com:food:105299:1ad00049b15b6ef8
food_venue,Icake,44 Bouverie Street CARLTON VIC 3053,-37.80568588,144.961947969,"{""census_year"":2024,""industry_code"":""4129"",""industry_description"":""Other Specialised Food Retailing"",""seats"":{""Seats - Indoor"":1},""total_seats"":1}",City of Melbourne,com:food:661088:8b433825c45bb418
food_venue,iCake,"Shop 3, 477 Elizabeth Street MELBOURNE VIC 3000",-37.80781933,144.959752929,"{""census_year"":2024,""industry_code"":""1162"",""industry_description"":""Cereal, Pasta and Baking Mix Manufacturing"",""seats"":{""Seats - Indoor"":2},""total_seats"":2}",City of Melbourne,com:food:103231:ab59e54048cd0493
food_venue,Ichi Maki,"Shop 2, 313 Spencer Street DOCKLANDS VIC 3008",-37.81379938,144.950998069,"{""census_year"":2024,""industry_code"":""4512"",""industry_description"":""Takeaway Food Services"",""seats"":{""Seats - Indoor"":12},""total_seats"":12}",City of Melbourne,com:food:108847:e13da1aca50b579b
food_venue,Ichigo,"Shop 3, 155 Franklin Street MELBOURNE VIC 3000",-37.80904835,144.959575429,"{""census_year"":2024,""industry_code"":""4511"",""industry_description"":""Cafes and Restaurants"",""seats"":{""Seats - Outdoor"":50,""Seats - Indoor"":100},""total_seats"":150}",City of Melbourne,com:food:104084:24be95b3df1e76b0
food_venue,Ichimaki,Shop 1B Concourse 700 Bourke Street DOCKLANDS VIC 3008,-37.81733573,144.949373281,"{""census_year"":2024,""industry_code"":""4511"",""industry_description"":""Cafes and Restaurants"",""seats"":{""Seats - Outdoor"":20,""Seats - Indoor"":60},""total_seats"":80}",City of Melbourne,com:food:573401:d4b9a79aec6e130c
food_venue,Ichimaki 833 Collins,"Shop 10P, 833 Collins Street DOCKLANDS VIC 3008",-37.82205735,144.945764329,"{""census_year"":2024,""industry_code"":""4511"",""industry_description"":""Cafes and Restaurants"",""seats"":{""Seats - Indoor"":40},""total_seats"":40}",City of Melbourne,com:food:611367:0bde6a52021aee50
food_venue,Idarts Hive,243 Little Lonsdale Street MELBOURNE VIC 3000,-37.810658,144.965703374,"{""census_year"":2024,""industry_code"":""4520"",""industry_description"":""Pubs, Taverns and Bars"",""seats"":{""Seats - Indoor"":70},""total_seats"":70}",City of Melbourne,com:food:589841:60b77209a6cdc6f1
food_venue,Igloo Cafe & St Moritz Bar,Part Ground & Pt Mezzanine 1 105 Pearl River Road DOCKLANDS VIC 3008,-37.81223228,144.935632097,"{""census_year"":2024,""industry_code"":""4511"",""industry_description"":""Cafes and Restaurants"",""seats"":{""Seats - Indoor"":80},""total_seats"":80}",City of Melbourne,com:food:593739:fbd805001f201220
food_venue,II Tempo,11 Degraves Street MELBOURNE VIC 3000,-37.8176078,144.965626331,"{""census_year"":2024,""industry_code"":""4511"",""industry_description"":""Cafes and Restaurants"",""seats"":{""Seats - Indoor"":45},""total_seats"":45}",City of Melbourne,com:food:104010:8bb662a40f061e60
food_venue,Ikkai,113 Hardware Street MELBOURNE VIC 3000,-37.81240787,144.960530585,"{""census_year"":2024,""industry_code"":""4511"",""industry_description"":""Cafes and Restaurants"",""seats"":{""Seats - Indoor"":48},""total_seats"":48}",City of Melbourne,com:food:105738:cc6486acc9c8f297
food_venue,Ikkoryu Fukuoka Ramen,Basement 31 Russell Street MELBOURNE VIC 3000,-37.81598753,144.969247753,"{""census_year"":2024,""industry_code"":""4511"",""industry_description"":""Cafes and Restaurants"",""seats"":{""Seats - Indoor"":223},""total_seats"":223}",City of Melbourne,com:food:108532:1f327821facb79fa
food_venue,Il Bacaro Cucina E Bar,168-170 Little Collins Street MELBOURNE VIC 3000,-37.81376794,144.967859853,"{""census_year"":2024,""industry_code"":""4511"",""industry_description"":""Cafes and Restaurants"",""seats"":{""Seats - Indoor"":45},""total_seats"":45}",City of Melbourne,com:food:105965:e408d4f23fcb48e3
food_venue,Il Dolce Freddo,Ground 116 Lygon Street CARLTON VIC 3053,-37.80443778,144.966699249,"{""census_year"":2024,""industry_code"":""4511"",""industry_description"":""Cafes and Restaurants"",""seats"":{""Seats - Outdoor"":24,""Seats - Indoor"":22},""total_seats"":46}",City of Melbourne,com:food:574430:198ddf8c2e510f95
food_venue,Il Duca Restaurant,Part Ground 132 Wellington Parade EAST MELBOURNE VIC 3002,-37.81618514,144.985591495,"{""census_year"":2024,""industry_code"":""4511"",""industry_description"":""Cafes and Restaurants"",""seats"":{""Seats - Outdoor"":5,""Seats - Indoor"":60},""total_seats"":65}",City of Melbourne,com:food:109997:6dd276f785e23b6b
food_venue,Il Gambero,166-168 Lygon Street CARLTON VIC 3053,-37.803305,144.966813823,"{""census_year"":2024,""industry_code"":""4511"",""industry_description"":""Cafes and Restaurants"",""seats"":{""Seats - Outdoor"":28,""Seats - Indoor"":221},""total_seats"":249}",City of Melbourne,com:food:106242:202d8a391bfc2a8a
food_venue,Il Gusto,256 Lygon Street CARLTON VIC 3053,-37.80118693,144.967160519,"{""census_year"":2024,""industry_code"":""4511"",""industry_description"":""Cafes and Restaurants"",""seats"":{""Seats - Indoor"":75,""Seats - Outdoor"":24},""total_seats"":99}",City of Melbourne,com:food:106227:fb48851bc797032a
food_venue,Il Mercato Centrale,Part Ground & Part Level 1 & 2 546 Collins Street MELBOURNE VIC 3000,-37.81824464,144.955844585,"{""census_year"":2024,""industry_code"":""4511"",""industry_description"":""Cafes and Restaurants"",""seats"":{""Seats - Indoor"":1300,""Seats - Outdoor"":60},""total_seats"":1360}",City of Melbourne,com:food:102113:92837f907f34ffc6
food_venue,Il Solito Posto,"Shop 4, Basement 111 Collins Street MELBOURNE VIC 3000",-37.81468591,144.970259785,"{""census_year"":2024,""industry_code"":""4511"",""industry_description"":""Cafes and Restaurants"",""seats"":{""Seats - Indoor"":70},""total_seats"":70}",City of Melbourne,com:food:102069:bf242d12554eab5b
food_venue,Ilza,"Shop 5B, 353 Little Collins Street MELBOURNE VIC 3000",-37.81570426,144.962984348,"{""census_year"":2024,""industry_code"":""4511"",""industry_description"":""Cafes and Restaurants"",""seats"":{""Seats - Outdoor"":8,""Seats - Indoor"":16},""total_seats"":24}",City of Melbourne,com:food:110669:87908c148819942f
food_venue,Ilza,"Shop 103, 673 La Trobe Street DOCKLANDS VIC 3008",-37.81486994,144.947536811,"{""census_year"":2024,""industry_code"":""4511"",""industry_description"":""Cafes and Restaurants"",""seats"":{""Seats - Indoor"":28},""total_seats"":28}",City of Melbourne,com:food:669632:462920df71a36928
food_venue,Imperial Hotel,The Imperial Hotel 2-8 Bourke Street MELBOURNE VIC 3000,-37.8112003,144.972676025,"{""census_year"":2024,""industry_code"":""4520"",""industry_description"":""Pubs, Taverns and Bars"",""seats"":{""Seats - Indoor"":160,""Seats - Outdoor"":68},""total_seats"":228}",City of Melbourne,com:food:101238:65bd4952c6fc910a
food_venue,Impresso Cafe,Ground 341 King Street WEST MELBOURNE VIC 3003,-37.81229603,144.953598901,"{""census_year"":2024,""industry_code"":""4511"",""industry_description"":""Cafes and Restaurants"",""seats"":{""Seats - Indoor"":16,""Seats - Outdoor"":8},""total_seats"":24}",City of Melbourne,com:food:598269:b0cbddd93476d3fa
food_venue,In a Rush,Part Ground 509 St Kilda Road MELBOURNE VIC 3004,-37.8441033,144.979362332,"{""census_year"":2024,""industry_code"":""4511"",""industry_description"":""Cafes and Restaurants"",""seats"":{""Seats - Outdoor"":30,""Seats - Indoor"":50},""total_seats"":80}",City of Melbourne,com:food:108644:b4b725352f3b5f62
food_venue,In A Rush Espresso,"Shop 11P, 833 Collins Street DOCKLANDS VIC 3008",-37.82205735,144.945764329,"{""census_year"":2024,""industry_code"":""4511"",""industry_description"":""Cafes and Restaurants"",""seats"":{""Seats - Outdoor"":54,""Seats - Indoor"":35},""total_seats"":89}",City of Melbourne,com:food:611367:ca30fbfb00d345f5
food_venue,In A Rush Espresso,"Shop 8A, Ground 99 Spencer Street DOCKLANDS VIC 3008",-37.81815357,144.952339293,"{""census_year"":2024,""industry_code"":""4511"",""industry_description"":""Cafes and Restaurants"",""seats"":{""Seats - Indoor"":32},""total_seats"":32}",City of Melbourne,com:food:108973:675a1398e861781c
food_venue,Industry Beans Lt Collins,345 Little Collins Street MELBOURNE VIC 3000,-37.81554941,144.963293794,"{""census_year"":2024,""industry_code"":""4511"",""industry_description"":""Cafes and Restaurants"",""seats"":{""Seats - Outdoor"":9,""Seats - Indoor"":9},""total_seats"":18}",City of Melbourne,com:food:105929:37d9e6be3829b5de
food_venue,Infinite Wasabi,Part Ground 4 Riverside Quay SOUTHBANK VIC 3006,-37.82092509,144.963375778,"{""census_year"":2024,""industry_code"":""4511"",""industry_description"":""Cafes and Restaurants"",""seats"":{""Seats - Indoor"":36},""total_seats"":36}",City of Melbourne,com:food:110326:377888d138229209
food_venue,Ingresso Cafe,101 Little Collins Street MELBOURNE VIC 3000,-37.81360963,144.970722603,"{""census_year"":2024,""industry_code"":""4512"",""industry_description"":""Takeaway Food Services"",""seats"":{""Seats - Indoor"":7},""total_seats"":7}",City of Melbourne,com:food:709874:9671eddab1f74e4b
food_venue,Inistudio,Ground 225 Queensberry Street CARLTON VIC 3053,-37.80453213,144.961215681,"{""census_year"":2024,""industry_code"":""4511"",""industry_description"":""Cafes and Restaurants"",""seats"":{""Seats - Indoor"":16},""total_seats"":16}",City of Melbourne,com:food:107870:78c5d3c6de5b3b42
food_venue,Insal Express,"Tenancy 79, Ground 360 Elizabeth Street MELBOURNE VIC 3000",-37.81084464,144.962061274,"{""census_year"":2024,""industry_code"":""4512"",""industry_description"":""Takeaway Food Services"",""seats"":{""Seats - Indoor"":4,""Seats - Outdoor"":6},""total_seats"":10}",City of Melbourne,com:food:103311:f611df0a3d0a4533
food_venue,Instea,210 Swanston Street MELBOURNE VIC 3000,-37.81282368,144.965629089,"{""census_year"":2024,""industry_code"":""4511"",""industry_description"":""Cafes and Restaurants"",""seats"":{""Seats - Indoor"":20},""total_seats"":20}",City of Melbourne,com:food:109403:e3b28338703ef605
food_venue,Intermission / Dolly / Le Meridien Melbourne,20-30 Bourke Street MELBOURNE VIC 3000,-37.81117272,144.97214706,"{""census_year"":2024,""industry_code"":""4400"",""industry_description"":""Accommodation"",""seats"":{""Seats - Indoor"":98,""Seats - Outdoor"":6},""total_seats"":104}",City of Melbourne,com:food:101233:b83c3889e745af24
food_venue,International Cakes,Ground 185 Lonsdale Street MELBOURNE VIC 3000,-37.81118708,144.966848584,"{""census_year"":2024,""industry_code"":""4511"",""industry_description"":""Cafes and Restaurants"",""seats"":{""Seats - Outdoor"":20,""Seats - Indoor"":73},""total_seats"":93}",City of Melbourne,com:food:105684:b410a4131d14bff4
food_venue,Intersection Cafe,341-343 Lygon Street CARLTON VIC 3053,-37.79734681,144.967228741,"{""census_year"":2024,""industry_code"":""4511"",""industry_description"":""Cafes and Restaurants"",""seats"":{""Seats - Indoor"":39,""Seats - Outdoor"":4},""total_seats"":43}",City of Melbourne,com:food:106154:dfe31e81288aed06
food_venue,Intimo,"Shop 3-4, 439-441 Little Collins Street MELBOURNE VIC 3000",-37.81638558,144.960085861,"{""census_year"":2024,""industry_code"":""4511"",""industry_description"":""Cafes and Restaurants"",""seats"":{""Seats - Indoor"":50,""Seats - Outdoor"":16},""total_seats"":66}",City of Melbourne,com:food:105937:c5b9830bb1b4aed6
food_venue,Ippudo,18-22 Artemis Lane MELBOURNE VIC 3000,-37.810658,144.965703374,"{""census_year"":2024,""industry_code"":""4511"",""industry_description"":""Cafes and Restaurants"",""seats"":{""Seats - Indoor"":60,""Seats - Outdoor"":12},""total_seats"":72}",City of Melbourne,com:food:589841:749f5d5132892a18
food_venue,Isabella,"Shop 1, 20 Flemington Road PARKVILLE VIC 3050",-37.79885182,144.955040398,"{""census_year"":2024,""industry_code"":""4511"",""industry_description"":""Cafes and Restaurants"",""seats"":{""Seats - Indoor"":80,""Seats - Outdoor"":36},""total_seats"":116}",City of Melbourne,com:food:618951:7b4bdf20710119b2
food_venue,Ishiya Stonegrill,152 Little Bourke Street MELBOURNE VIC 3000,-37.81132789,144.967994718,"{""census_year"":2024,""industry_code"":""4511"",""industry_description"":""Cafes and Restaurants"",""seats"":{""Seats - Indoor"":40},""total_seats"":40}",City of Melbourne,com:food:108582:af9f25f652f95d9f
food_venue,Ishizuka,"Shop B1, Basement 139 Bourke Street MELBOURNE VIC 3000",-37.81279907,144.969165311,"{""census_year"":2024,""industry_code"":""4511"",""industry_description"":""Cafes and Restaurants"",""seats"":{""Seats - Indoor"":16},""total_seats"":16}",City of Melbourne,com:food:101119:dd3828146d21ae5d
food_venue,Isshin Healthy Food,"Tenancy 6, Ground 567 Collins Street MELBOURNE VIC 3000",-37.81902044,144.955727469,"{""census_year"":2024,""industry_code"":""4512"",""industry_description"":""Takeaway Food Services"",""seats"":{""Seats - Outdoor"":10},""total_seats"":10}",City of Melbourne,com:food:579252:7f8c66b8b2daaf5d
food_venue,Isshin Ramen Bar,Ground 349 Elizabeth Street MELBOURNE VIC 3000,-37.81067436,144.961208102,"{""census_year"":2024,""industry_code"":""4511"",""industry_description"":""Cafes and Restaurants"",""seats"":{""Seats - Indoor"":39},""total_seats"":39}",City of Melbourne,com:food:103214:4e42db96409883f4
food_venue,Izakaya Hosaku,9 Katherine Place MELBOURNE VIC 3000,-37.82024711,144.956435223,"{""census_year"":2024,""industry_code"":""4511"",""industry_description"":""Cafes and Restaurants"",""seats"":{""Seats - Indoor"":34},""total_seats"":34}",City of Melbourne,com:food:103989:055e00e96b543e01
food_venue,Jang Go Mama,147 Lonsdale Street MELBOURNE VIC 3000,-37.81081665,144.968152905,"{""census_year"":2024,""industry_code"":""4512"",""industry_description"":""Takeaway Food Services"",""seats"":{""Seats - Outdoor"":4,""Seats - Indoor"":6},""total_seats"":10}",City of Melbourne,com:food:105681:f98f9ebc47e44798
food_venue,Jang Gun Restaurant,"Shop C1, 10B Healeys Lane MELBOURNE VIC 3000",-37.8134766,144.956016924,"{""census_year"":2024,""industry_code"":""4511"",""industry_description"":""Cafes and Restaurants"",""seats"":{""Seats - Outdoor"":10,""Seats - Indoor"":78},""total_seats"":88}",City of Melbourne,com:food:105726:6987efc0002ab08d
food_venue,Jankara Karaoke,Ground 300 Russell Street MELBOURNE VIC 3000,-37.80951668,144.966903972,"{""census_year"":2024,""industry_code"":""4520"",""industry_description"":""Pubs, Taverns and Bars"",""seats"":{""Seats - Indoor"":40},""total_seats"":40}",City of Melbourne,com:food:108567:56e99c820a253323
food_venue,Japan Inn Gourmet Sushi,"Suite 1, Ground 431 St Kilda Road MELBOURNE VIC 3004",-37.83854242,144.977193113,"{""census_year"":2024,""industry_code"":""4511"",""industry_description"":""Cafes and Restaurants"",""seats"":{""Seats - Outdoor"":16,""Seats - Indoor"":8},""total_seats"":24}",City of Melbourne,com:food:108629:47acb02912b08370
food_venue,Jardin Tan,Restaurant Old Observatory Building Royal Botanic Gardens Birdwood Avenue MELBOURNE VIC 3004,-37.83016975,144.980372356,"{""census_year"":2024,""industry_code"":""4511"",""industry_description"":""Cafes and Restaurants"",""seats"":{""Seats - Outdoor"":207,""Seats - Indoor"":81},""total_seats"":288}",City of Melbourne,com:food:101100:451b3d4343bd4d62
food_venue,Jarrah Restaurant & Bar,Plaza Level 26 Southgate Avenue SOUTHBANK VIC 3006,-37.82038776,144.967114686,"{""census_year"":2024,""industry_code"":""4511"",""industry_description"":""Cafes and Restaurants"",""seats"":{""Seats - Indoor"":85,""Seats - Outdoor"":60},""total_seats"":145}",City of Melbourne,com:food:110607:349d7aaee459b423
food_venue,Jasper Kitchen,"Shop 1, 489-499 Elizabeth Street MELBOURNE VIC 3000",-37.80750344,144.959633112,"{""census_year"":2024,""industry_code"":""4511"",""industry_description"":""Cafes and Restaurants"",""seats"":{""Seats - Outdoor"":6,""Seats - Indoor"":65},""total_seats"":71}",City of Melbourne,com:food:103234:d5217cec8ef36fb5
food_venue,Jaspresso,91 Flemington Road NORTH MELBOURNE VIC 3051,-37.79856463,144.952858592,"{""census_year"":2024,""industry_code"":""4511"",""industry_description"":""Cafes and Restaurants"",""seats"":{""Seats - Outdoor"":20,""Seats - Indoor"":30},""total_seats"":50}",City of Melbourne,com:food:103822:43194f2c4eba0733
food_venue,Jimmy Watson's Wine Bar,331-335 Lygon Street CARLTON VIC 3053,-37.7975082,144.967177892,"{""census_year"":2024,""industry_code"":""4511"",""industry_description"":""Cafes and Restaurants"",""seats"":{""Seats - Indoor"":120,""Seats - Outdoor"":40},""total_seats"":160}",City of Melbourne,com:food:106153:76d4f77360d4e095
food_venue,Jin Zhou Yu BBQ,Part Ground 62 Lygon Street CARLTON VIC 3053,-37.80566982,144.966441303,"{""census_year"":2024,""industry_code"":""4511"",""industry_description"":""Cafes and Restaurants"",""seats"":{""Seats - Indoor"":50},""total_seats"":50}",City of Melbourne,com:food:106252:3694c1606f854a44
food_venue,Joe Taylor,7 Errol Street NORTH MELBOURNE VIC 3051,-37.80479755,144.949012678,"{""census_year"":2024,""industry_code"":""4520"",""industry_description"":""Pubs, Taverns and Bars"",""seats"":{""Seats - Outdoor"":16,""Seats - Indoor"":12},""total_seats"":28}",City of Melbourne,com:food:103393:6310cc906d113b73
food_venue,Joe's Eatery,"Unit 9, Ground 55 Flemington Road NORTH MELBOURNE VIC 3051",-37.7997297,144.954318992,"{""census_year"":2024,""industry_code"":""4511"",""industry_description"":""Cafes and Restaurants"",""seats"":{""Seats - Indoor"":72,""Seats - Outdoor"":60},""total_seats"":132}",City of Melbourne,com:food:103814:f0c7fee1c6949ef4
food_venue,"Johnny, Vince And Sam's",Ground 306-308 Lygon Street CARLTON VIC 3053,-37.79978612,144.967416427,"{""census_year"":2024,""industry_code"":""4511"",""industry_description"":""Cafes and Restaurants"",""seats"":{""Seats - Indoor"":225,""Seats - Outdoor"":32},""total_seats"":257}",City of Melbourne,com:food:106212:e621f3d508054689
food_venue,Jojo Little Kitchen,"Shop G2, 118 A'Beckett Street MELBOURNE VIC 3000",-37.80904835,144.959575429,"{""census_year"":2024,""industry_code"":""4511"",""industry_description"":""Cafes and Restaurants"",""seats"":{""Seats - Indoor"":34,""Seats - Outdoor"":36},""total_seats"":70}",City of Melbourne,com:food:104084:91a1777171c57d35
food_venue,JOM Corner,"Shop 5, 236 Bourke Street MELBOURNE VIC 3000",-37.81272047,144.966295166,"{""census_year"":2024,""industry_code"":""4512"",""industry_description"":""Takeaway Food Services"",""seats"":{""Seats - Indoor"":14},""total_seats"":14}",City of Melbourne,com:food:101200:734a96a41aa6fc9b
food_venue,Joomak Korean Restaurant,"Unit 1, Basement 407 Swanston Street MELBOURNE VIC 3000",-37.80895593,144.96317964,"{""census_year"":2024,""industry_code"":""4511"",""industry_description"":""Cafes and Restaurants"",""seats"":{""Seats - Indoor"":92},""total_seats"":92}",City of Melbourne,com:food:109315:0818e9e6d562889b
food_venue,Journeys Cafe by ASRC,Part Level 4 Student Pavilion Building 162 230 Grattan Street PARKVILLE VIC 3010,-37.79738772,144.961258672,"{""census_year"":2024,""industry_code"":""4511"",""industry_description"":""Cafes and Restaurants"",""seats"":{""Seats - Indoor"":20},""total_seats"":20}",City of Melbourne,com:food:627740:b7b9d3f9e2b5e46c
food_venue,Joy Cupcakes,"Shop 7EB, 2 Southern Cross Lane MELBOURNE VIC 3000",-37.81281453,144.970109211,"{""census_year"":2024,""industry_code"":""1174"",""industry_description"":""Bakery Product Manufacturing (Non-factory based)"",""seats"":{""Seats - Outdoor"":18,""Seats - Indoor"":12},""total_seats"":30}",City of Melbourne,com:food:602997:29fa00e708b24241
food_venue,Ju Noodle,234B Russell Street MELBOURNE VIC 3000,-37.81098272,144.967644342,"{""census_year"":2024,""industry_code"":""4511"",""industry_description"":""Cafes and Restaurants"",""seats"":{""Seats - Indoor"":34},""total_seats"":34}",City of Melbourne,com:food:108581:6bac4352a0567b6f
food_venue,Jubilee On Dorcas,Part Ground 100 Dorcas Street SOUTHBANK VIC 3006,-37.83070461,144.966296035,"{""census_year"":2024,""industry_code"":""4511"",""industry_description"":""Cafes and Restaurants"",""seats"":{""Seats - Outdoor"":30,""Seats - Indoor"":60},""total_seats"":90}",City of Melbourne,com:food:110439:5671dfe01f4930ee
food_venue,Juicy Bao,"Shop 2, Ground 178 Little Bourke Street MELBOURNE VIC 3000",-37.81186912,144.966941928,"{""census_year"":2024,""industry_code"":""4511"",""industry_description"":""Cafes and Restaurants"",""seats"":{""Seats - Indoor"":70},""total_seats"":70}",City of Melbourne,com:food:105889:958de09604ed18c1
food_venue,Juliet Melbourne,Basement 37-41 Little Bourke Street MELBOURNE VIC 3000,-37.81083595,144.971505869,"{""census_year"":2024,""industry_code"":""4520"",""industry_description"":""Pubs, Taverns and Bars"",""seats"":{""Seats - Indoor"":65},""total_seats"":65}",City of Melbourne,com:food:105829:a8665fb5fd5b8209
food_venue,Jungle Juice Bar,20 Centre Place MELBOURNE VIC 3000,-37.8166033,144.965596537,"{""census_year"":2024,""industry_code"":""4512"",""industry_description"":""Takeaway Food Services"",""seats"":{""Seats - Outdoor"":4,""Seats - Indoor"":16},""total_seats"":20}",City of Melbourne,com:food:101789:75ed028e9b299bbd
food_venue,Jusik The Korean Restaurant,"Shop 1, 39-47 Peel Street WEST MELBOURNE VIC 3003",-37.80718433,144.955423427,"{""census_year"":2024,""industry_code"":""4511"",""industry_description"":""Cafes and Restaurants"",""seats"":{""Seats - Indoor"":20},""total_seats"":20}",City of Melbourne,com:food:107475:42f50b399d9717e7
food_venue,K-Rib By Kass Kass,"Shop 1, 500 Flinders Street MELBOURNE VIC 3000",-37.81999599,144.957828786,"{""census_year"":2024,""industry_code"":""4511"",""industry_description"":""Cafes and Restaurants"",""seats"":{""Seats - Indoor"":56},""total_seats"":56}",City of Melbourne,com:food:103995:b75b8dbfd6325005
food_venue,Kabana Restaurant,167 Lygon Street CARLTON VIC 3053,-37.80178513,144.96644595,"{""census_year"":2024,""industry_code"":""4511"",""industry_description"":""Cafes and Restaurants"",""seats"":{""Seats - Indoor"":30,""Seats - Outdoor"":16},""total_seats"":46}",City of Melbourne,com:food:106100:2cf636659f92c88d
food_venue,Kahaani,262 Lygon Street CARLTON VIC 3053,-37.80103476,144.967184315,"{""census_year"":2024,""industry_code"":""4511"",""industry_description"":""Cafes and Restaurants"",""seats"":{""Seats - Outdoor"":10,""Seats - Indoor"":35},""total_seats"":45}",City of Melbourne,com:food:106224:f7c4c7dc4907c903
food_venue,Kaki Lima RMIT,Part Level 2 Building 14 RMIT University 414-418 Swanston Street MELBOURNE VIC 3000,-37.80818156,144.964543533,"{""census_year"":2024,""industry_code"":""4512"",""industry_description"":""Takeaway Food Services"",""seats"":{""Seats - Indoor"":16,""Seats - Outdoor"":6},""total_seats"":22}",City of Melbourne,com:food:606672:7f31e6382f7eb09e
food_venue,Kan Eang By Thai Culinary,306 Flinders Lane MELBOURNE VIC 3000,-37.81719967,144.963897021,"{""census_year"":2024,""industry_code"":""4511"",""industry_description"":""Cafes and Restaurants"",""seats"":{""Seats - Indoor"":75},""total_seats"":75}",City of Melbourne,com:food:110765:8f5caed5c02d0bd6
food_venue,Kantin,122 Lygon Street CARLTON VIC 3053,-37.80443778,144.966699249,"{""census_year"":2024,""industry_code"":""4511"",""industry_description"":""Cafes and Restaurants"",""seats"":{""Seats - Outdoor"":16,""Seats - Indoor"":30},""total_seats"":46}",City of Melbourne,com:food:111061:e38ccdb0ebd53e06
food_venue,Kantina Kartel,"Shop 6, 500 Collins Street MELBOURNE VIC 3000",-37.81753383,144.957473189,"{""census_year"":2024,""industry_code"":""4511"",""industry_description"":""Cafes and Restaurants"",""seats"":{""Seats - Indoor"":70,""Seats - Outdoor"":20},""total_seats"":90}",City of Melbourne,com:food:102117:2550f00b1d4ef7a7
food_venue,Kappo Tora,"Shop 4-5, 551-555 Little Lonsdale Street MELBOURNE VIC 3000",-37.81329521,144.955565246,"{""census_year"":2024,""industry_code"":""4511"",""industry_description"":""Cafes and Restaurants"",""seats"":{""Seats - Indoor"":52},""total_seats"":52}",City of Melbourne,com:food:106023:6c60a0bde93763c9
food_venue,Kaprica,48-50 Grattan Street CARLTON VIC 3053,-37.80059699,144.967880034,"{""census_year"":2024,""industry_code"":""4511"",""industry_description"":""Cafes and Restaurants"",""seats"":{""Seats - Outdoor"":4,""Seats - Indoor"":152},""total_seats"":156}",City of Melbourne,com:food:104477:1df40b581603eeb5
food_venue,Kare,173-177 Victoria Street WEST MELBOURNE VIC 3003,-37.80606639,144.955603657,"{""census_year"":2024,""industry_code"":""4511"",""industry_description"":""Cafes and Restaurants"",""seats"":{""Seats - Indoor"":25},""total_seats"":25}",City of Melbourne,com:food:109682:aa6f1ee92821d5c4
food_venue,Karizma,28 Newquay Promenade DOCKLANDS VIC 3008,-37.81434524,144.942139035,"{""census_year"":2024,""industry_code"":""4511"",""industry_description"":""Cafes and Restaurants"",""seats"":{""Seats - Indoor"":120,""Seats - Outdoor"":60},""total_seats"":180}",City of Melbourne,com:food:560004:16fff599a614c3fd
food_venue,Karomi Cafe,19 MacKenzie Street MELBOURNE VIC 3000,-37.80768212,144.967394785,"{""census_year"":2024,""industry_code"":""4511"",""industry_description"":""Cafes and Restaurants"",""seats"":{""Seats - Outdoor"":6,""Seats - Indoor"":12},""total_seats"":18}",City of Melbourne,com:food:106367:db75ae4a13c55a6c
food_venue,Karomi Cafe,9 Baskerville Lane MELBOURNE VIC 3000,-37.80965592,144.962340893,"{""census_year"":2024,""industry_code"":""4512"",""industry_description"":""Takeaway Food Services"",""seats"":{""Seats - Indoor"":12},""total_seats"":12}",City of Melbourne,com:food:105485:b03a9fada8d1b2d2
food_venue,Kata Kita,266 La Trobe Street MELBOURNE VIC 3000,-37.80994879,144.961747019,"{""census_year"":2024,""industry_code"":""4511"",""industry_description"":""Cafes and Restaurants"",""seats"":{""Seats - Indoor"":75,""Seats - Outdoor"":8},""total_seats"":83}",City of Melbourne,com:food:103308:c8e9f5ed7b799e3e
food_venue,KATHMANDU BANQUET,364-366 Victoria Street NORTH MELBOURNE VIC 3051,-37.80544377,144.954134039,"{""census_year"":2024,""industry_code"":""4511"",""industry_description"":""Cafes and Restaurants"",""seats"":{""Seats - Indoor"":200},""total_seats"":200}",City of Melbourne,com:food:109823:b34918fc55e43b32
food_venue,Katsu House,Shop 7 Level 4 Concourse 744 Bourke Street DOCKLANDS VIC 3008,-37.81817241,144.947217029,"{""census_year"":2024,""industry_code"":""4511"",""industry_description"":""Cafes and Restaurants"",""seats"":{""Seats - Indoor"":14,""Seats - Outdoor"":10},""total_seats"":24}",City of Melbourne,com:food:599505:fcf54014e7bbfe64
food_venue,Katsuretsu Co,"Shop 6, Ground 194-200 Bourke Street MELBOURNE VIC 3000",-37.81244678,144.967282791,"{""census_year"":2024,""industry_code"":""4511"",""industry_description"":""Cafes and Restaurants"",""seats"":{""Seats - Indoor"":28},""total_seats"":28}",City of Melbourne,com:food:101204:00996d6145060057
food_venue,Kazuki's Restaurant,121 Lygon Street CARLTON VIC 3053,-37.80415049,144.966024118,"{""census_year"":2024,""industry_code"":""4511"",""industry_description"":""Cafes and Restaurants"",""seats"":{""Seats - Indoor"":40},""total_seats"":40}",City of Melbourne,com:food:106086:9d553a7abb5de01c
food_venue,Kebab & Gozleme Cafe,"Unit 3, 22 Waterview Walk DOCKLANDS VIC 3008",-37.81925128,144.947975341,"{""census_year"":2024,""industry_code"":""4511"",""industry_description"":""Cafes and Restaurants"",""seats"":{""Seats - Outdoor"":30,""Seats - Indoor"":30},""total_seats"":60}",City of Melbourne,com:food:598658:5ae8acd3721b8879
food_venue,Kebab Connection,Ground 320 Victoria Street NORTH MELBOURNE VIC 3051,-37.80560889,144.955494804,"{""census_year"":2024,""industry_code"":""4512"",""industry_description"":""Takeaway Food Services"",""seats"":{""Seats - Indoor"":17},""total_seats"":17}",City of Melbourne,com:food:109827:75894fae0a15c115
food_venue,Kebab Kingz Melbourne Pty Ltd,Ground 520-522 Flinders Street MELBOURNE VIC 3000,-37.82024345,144.956883655,"{""census_year"":2024,""industry_code"":""4511"",""industry_description"":""Cafes and Restaurants"",""seats"":{""Seats - Indoor"":18},""total_seats"":18}",City of Melbourne,com:food:103991:9ac0e8ceb270cdd2
food_venue,Kebab Society,217 King Street MELBOURNE VIC 3000,-37.81514931,144.954858343,"{""census_year"":2024,""industry_code"":""4512"",""industry_description"":""Takeaway Food Services"",""seats"":{""Seats - Indoor"":6,""Seats - Outdoor"":2},""total_seats"":8}",City of Melbourne,com:food:105311:ffa2a8784965d972
food_venue,Kebab@ Lonsdale,Ground 245 Lonsdale Street MELBOURNE VIC 3000,-37.81162035,144.965289636,"{""census_year"":2024,""industry_code"":""4512"",""industry_description"":""Takeaway Food Services"",""seats"":{""Seats - Indoor"":10},""total_seats"":10}",City of Melbourne,com:food:105696:ef83012a15c93e5b
food_venue,KEDAI SATAY,186 King Street MELBOURNE VIC 3000,-37.8156735,144.955696598,"{""census_year"":2024,""industry_code"":""4511"",""industry_description"":""Cafes and Restaurants"",""seats"":{""Seats - Indoor"":75,""Seats - Outdoor"":10},""total_seats"":85}",City of Melbourne,com:food:105388:deefc527ada3e1d2
food_venue,Keki Milkbar,Shop LwrGround 350 La Trobe Street MELBOURNE VIC 3000,-37.81067976,144.959277551,"{""census_year"":2024,""industry_code"":""4511"",""industry_description"":""Cafes and Restaurants"",""seats"":{""Seats - Indoor"":42},""total_seats"":42}",City of Melbourne,com:food:105481:e8d7995d6f2f5f0c
food_venue,Kenangan,507 Elizabeth Street MELBOURNE VIC 3000,-37.80765748,144.957205484,"{""census_year"":2024,""industry_code"":""4511"",""industry_description"":""Cafes and Restaurants"",""seats"":{""Seats - Indoor"":30,""Seats - Outdoor"":50},""total_seats"":80}",City of Melbourne,com:food:110690:a8cc17598c3c5303
food_venue,Kenny's Bakery Cafe,"Shop 3, Ground 34 Queen Street MELBOURNE VIC 3000",-37.81798973,144.962437455,"{""census_year"":2024,""industry_code"":""4512"",""industry_description"":""Takeaway Food Services"",""seats"":{""Seats - Outdoor"":8,""Seats - Indoor"":4},""total_seats"":12}",City of Melbourne,com:food:108114:4275d2bcc3d4d1f9
food_venue,Kenny's Bakery Cafe,53-55 Lonsdale Street MELBOURNE VIC 3000,-37.81005686,144.970714898,"{""census_year"":2024,""industry_code"":""4511"",""industry_description"":""Cafes and Restaurants"",""seats"":{""Seats - Indoor"":18},""total_seats"":18}",City of Melbourne,com:food:105672:0d1e0c4c793895fc
food_venue,Kenny's Bakery Cafe,35 Merchant Street DOCKLANDS VIC 3008,-37.82092615,144.943788121,"{""census_year"":2024,""industry_code"":""4512"",""industry_description"":""Takeaway Food Services"",""seats"":{""Seats - Indoor"":20},""total_seats"":20}",City of Melbourne,com:food:609481:485c79690688adbf
food_venue,Kenny's Bakery Cafe,246 Queen Street MELBOURNE VIC 3000,-37.81269017,144.959964015,"{""census_year"":2024,""industry_code"":""4512"",""industry_description"":""Takeaway Food Services"",""seats"":{""Seats - Indoor"":6},""total_seats"":6}",City of Melbourne,com:food:108103:1b092421c3867d9f
food_venue,Kenny's Bakery Cafe,"Shop 12R, 3 Freshwater Place SOUTHBANK VIC 3006",-37.82167833,144.962153946,"{""census_year"":2024,""industry_code"":""4511"",""industry_description"":""Cafes and Restaurants"",""seats"":{""Seats - Indoor"":34},""total_seats"":34}",City of Melbourne,com:food:575820:573b287276d3eff8
food_venue,Kenny's Bakery Cafe Collins Street,"Part Shop 3, Ground 446 Collins Street MELBOURNE VIC 3000",-37.81730302,144.959442005,"{""census_year"":2024,""industry_code"":""4512"",""industry_description"":""Takeaway Food Services"",""seats"":{""Seats - Outdoor"":4,""Seats - Indoor"":10},""total_seats"":14}",City of Melbourne,com:food:102123:100d9fd3fd58376f
food_venue,Kenny's Charcoal Chicken,497 Macaulay Road KENSINGTON VIC 3031,-37.79455811,144.929507098,"{""census_year"":2024,""industry_code"":""4512"",""industry_description"":""Takeaway Food Services"",""seats"":{""Seats - Indoor"":12},""total_seats"":12}",City of Melbourne,com:food:106320:fbe1dfdf081db3cc
food_venue,Kensington Canteen,100 McClure Road KENSINGTON VIC 3031,-37.79956864,144.93036435,"{""census_year"":2024,""industry_code"":""4511"",""industry_description"":""Cafes and Restaurants"",""seats"":{""Seats - Outdoor"":12,""Seats - Indoor"":30},""total_seats"":42}",City of Melbourne,com:food:612530:24a256082882f0f4
food_venue,Kenzan Japanese Restaurant,"Shop 13-17, 45 Collins Street MELBOURNE VIC 3000",-37.81430615,144.972628037,"{""census_year"":2024,""industry_code"":""4511"",""industry_description"":""Cafes and Restaurants"",""seats"":{""Seats - Indoor"":50},""total_seats"":50}",City of Melbourne,com:food:102061:09a7f6919b63db4d
food_venue,KereKere Green,Cafe 264 Wellington Parade EAST MELBOURNE VIC 3002,-37.81296163,144.980455702,"{""census_year"":2024,""industry_code"":""4511"",""industry_description"":""Cafes and Restaurants"",""seats"":{""Seats - Outdoor"":30,""Seats - Indoor"":40},""total_seats"":70}",City of Melbourne,com:food:659720:95b345c7f325da97
food_venue,KFC,"Shop 102, Level 1 27 Whiteman Street SOUTHBANK VIC 3006",-37.82559018,144.958342688,"{""census_year"":2024,""industry_code"":""4511"",""industry_description"":""Cafes and Restaurants"",""seats"":{""Seats - Indoor"":75},""total_seats"":75}",City of Melbourne,com:food:110343:ed8627c9d48e4df2
food_venue,KFC,Shop G03 6 Star Circus DOCKLANDS VIC 3008,-37.8131707,144.937857365,"{""census_year"":2024,""industry_code"":""4512"",""industry_description"":""Takeaway Food Services"",""seats"":{""Seats - Indoor"":26,""Seats - Outdoor"":22},""total_seats"":48}",City of Melbourne,com:food:620312:776f68ecdaa39ca6
food_venue,KFC,"Shop 2-5, 28 Elizabeth Street MELBOURNE VIC 3000",-37.81729894,144.964881593,"{""census_year"":2024,""industry_code"":""4511"",""industry_description"":""Cafes and Restaurants"",""seats"":{""Seats - Indoor"":28},""total_seats"":28}",City of Melbourne,com:food:103327:10c2936c056b5515
food_venue,KFC,Ground 401 Swanston Street MELBOURNE VIC 3000,-37.80904283,144.963216993,"{""census_year"":2024,""industry_code"":""4511"",""industry_description"":""Cafes and Restaurants"",""seats"":{""Seats - Indoor"":28},""total_seats"":28}",City of Melbourne,com:food:109314:f95d666667df5a1a
food_venue,KFC,616 Collins Street MELBOURNE VIC 3000,-37.81867544,144.954350485,"{""census_year"":2024,""industry_code"":""4512"",""industry_description"":""Takeaway Food Services"",""seats"":{""Seats - Indoor"":10},""total_seats"":10}",City of Melbourne,com:food:102109:9ac7bf5ed11779ac
food_venue,KFC,201-203 Bourke Street MELBOURNE VIC 3000,-37.81323955,144.967526278,"{""census_year"":2024,""industry_code"":""4511"",""industry_description"":""Cafes and Restaurants"",""seats"":{""Seats - Indoor"":50},""total_seats"":50}",City of Melbourne,com:food:101131:176c93c689848918
food_venue,KFC Carlton,"Shop 2, 743-751 Swanston Street CARLTON VIC 3053",-37.8006201,144.963642266,"{""census_year"":2024,""industry_code"":""4511"",""industry_description"":""Cafes and Restaurants"",""seats"":{""Seats - Outdoor"":15,""Seats - Indoor"":22},""total_seats"":37}",City of Melbourne,com:food:109330:bb291c54f40f3acb
food_venue,Khabbay Restaurant,140-142 Lygon Street CARLTON VIC 3053,-37.803783,144.966723095,"{""census_year"":2024,""industry_code"":""4511"",""industry_description"":""Cafes and Restaurants"",""seats"":{""Seats - Indoor"":120,""Seats - Outdoor"":80},""total_seats"":200}",City of Melbourne,com:food:106247:e42eeebb6acb88cd
food_venue,Khao,335 La Trobe Street MELBOURNE VIC 3000,-37.81107017,144.959644312,"{""census_year"":2024,""industry_code"":""4511"",""industry_description"":""Cafes and Restaurants"",""seats"":{""Seats - Outdoor"":10,""Seats - Indoor"":56},""total_seats"":66}",City of Melbourne,com:food:105454:205dcd621a551ecc
food_venue,Khao Man Gai Restaurant,"Shop A-B, 389 Lonsdale Street MELBOURNE VIC 3000",-37.81288006,144.961012082,"{""census_year"":2024,""industry_code"":""4511"",""industry_description"":""Cafes and Restaurants"",""seats"":{""Seats - Indoor"":32,""Seats - Outdoor"":22},""total_seats"":54}",City of Melbourne,com:food:105706:21c42fb441ec8c61
food_venue,Khao Soi Melbourne,107 Little Bourke Street MELBOURNE VIC 3000,-37.81147813,144.969273121,"{""census_year"":2024,""industry_code"":""4511"",""industry_description"":""Cafes and Restaurants"",""seats"":{""Seats - Indoor"":174},""total_seats"":174}",City of Melbourne,com:food:105833:cd8fd66a1e08ef42
food_venue,Khaosan Lane,Shop G25 338-352 Bourke Street MELBOURNE VIC 3000,-37.81360425,144.963287893,"{""census_year"":2024,""industry_code"":""4511"",""industry_description"":""Cafes and Restaurants"",""seats"":{""Seats - Outdoor"":80},""total_seats"":80}",City of Melbourne,com:food:101193:86b290c50c785dc8
food_venue,Kim Sing Restaurant,Gnd & Bmt 310 Flinders Lane MELBOURNE VIC 3000,-37.81726468,144.963682753,"{""census_year"":2024,""industry_code"":""4511"",""industry_description"":""Cafes and Restaurants"",""seats"":{""Seats - Indoor"":120},""total_seats"":120}",City of Melbourne,com:food:110764:7af78cc686108326
food_venue,Kim Sing Restaurant,"Shop 6A, 115 Swanston Street MELBOURNE VIC 3000",-37.81507697,144.965777332,"{""census_year"":2024,""industry_code"":""4511"",""industry_description"":""Cafes and Restaurants"",""seats"":{""Seats - Indoor"":32,""Seats - Outdoor"":10},""total_seats"":42}",City of Melbourne,com:food:109268:ca33abc392bb5454
food_venue,Kimsoju,408 Queen Street MELBOURNE VIC 3000,-37.80897917,144.958511614,"{""census_year"":2024,""industry_code"":""4511"",""industry_description"":""Cafes and Restaurants"",""seats"":{""Seats - Indoor"":50},""total_seats"":50}",City of Melbourne,com:food:108087:a07ce848c53c861a
food_venue,King & Godfree,293 Lygon Street CARLTON VIC 3053,-37.79838828,144.967041148,"{""census_year"":2024,""industry_code"":""4511"",""industry_description"":""Cafes and Restaurants"",""seats"":{""Seats - Indoor"":200},""total_seats"":200}",City of Melbourne,com:food:106142:a3ed6a1f14da3eb6
food_venue,King Jons,185 King Street MELBOURNE VIC 3000,-37.81584127,144.955149184,"{""census_year"":2024,""industry_code"":""4511"",""industry_description"":""Cafes and Restaurants"",""seats"":{""Seats - Indoor"":47,""Seats - Outdoor"":6},""total_seats"":53}",City of Melbourne,com:food:105304:847f13f3f847f6ae
food_venue,Kings and Knaves Espresso,Part Ground 277 William Street MELBOURNE VIC 3000,-37.81252116,144.956362084,"{""census_year"":2024,""industry_code"":""4512"",""industry_description"":""Takeaway Food Services"",""seats"":{""Seats - Outdoor"":15},""total_seats"":15}",City of Melbourne,com:food:110108:561d2ebb87323858
food_venue,Kiosk L,163 Lonsdale Street MELBOURNE VIC 3000,-37.81098272,144.967644342,"{""census_year"":2024,""industry_code"":""4511"",""industry_description"":""Cafes and Restaurants"",""seats"":{""Seats - Indoor"":16},""total_seats"":16}",City of Melbourne,com:food:108581:89837c7927e17d49
food_venue,Kirk's Pub,382 Little Bourke Street MELBOURNE VIC 3000,-37.81354346,144.96132824,"{""census_year"":2024,""industry_code"":""4520"",""industry_description"":""Pubs, Taverns and Bars"",""seats"":{""Seats - Outdoor"":10,""Seats - Indoor"":48},""total_seats"":58}",City of Melbourne,com:food:105870:79f359ca2d4fd426
food_venue,Kirk's Wine Bar,Ground 384 Little Bourke Street MELBOURNE VIC 3000,-37.81354346,144.96132824,"{""census_year"":2024,""industry_code"":""4511"",""industry_description"":""Cafes and Restaurants"",""seats"":{""Seats - Outdoor"":20,""Seats - Indoor"":28},""total_seats"":48}",City of Melbourne,com:food:105870:8ba987279f4e6412
food_venue,Kiss And Tell Bar,Level 1 37-41 Little Bourke Street MELBOURNE VIC 3000,-37.81083595,144.971505869,"{""census_year"":2024,""industry_code"":""4511"",""industry_description"":""Cafes and Restaurants"",""seats"":{""Seats - Indoor"":90},""total_seats"":90}",City of Melbourne,com:food:105829:2537f55209a278f0
food_venue,Kisume,"Basement, Ground & Level 1 175-177 Flinders Lane MELBOURNE VIC 3000",-37.81618641,144.968676799,"{""census_year"":2024,""industry_code"":""4511"",""industry_description"":""Cafes and Restaurants"",""seats"":{""Seats - Indoor"":150},""total_seats"":150}",City of Melbourne,com:food:103935:99870a1237d886ee
food_venue,Kit Espresso,Shop 48 Royal Arcade MELBOURNE VIC 3000,-37.81458812,144.96404895,"{""census_year"":2024,""industry_code"":""4512"",""industry_description"":""Takeaway Food Services"",""seats"":{""Seats - Outdoor"":6,""Seats - Indoor"":5},""total_seats"":11}",City of Melbourne,com:food:101144:487b47b681e71f1d
food_venue,KITCHEN OF THE KING,Level 1 90 Queensberry Street CARLTON VIC 3053,-37.80467681,144.965949772,"{""census_year"":2024,""industry_code"":""4511"",""industry_description"":""Cafes and Restaurants"",""seats"":{""Seats - Indoor"":50},""total_seats"":50}",City of Melbourne,com:food:106083:3563d34ae625cf5d
food_venue,Kitchen Workshop,"Shop 85, Ground 8 Whiteman Street SOUTHBANK VIC 3006",-37.82312164,144.958660189,"{""census_year"":2024,""industry_code"":""4511"",""industry_description"":""Cafes and Restaurants"",""seats"":{""Seats - Indoor"":260},""total_seats"":260}",City of Melbourne,com:food:111175:ef55eb129297c678
food_venue,Kiwi Tribeca Fish Burger Bar,"Unit 9B, 178 Albert Street EAST MELBOURNE VIC 3002",-37.81004656,144.985625385,"{""census_year"":2024,""industry_code"":""4512"",""industry_description"":""Takeaway Food Services"",""seats"":{""Seats - Indoor"":16,""Seats - Outdoor"":5},""total_seats"":21}",City of Melbourne,com:food:593695:fa76d72598098ae3
food_venue,KL Bunga Raya,Ground 34 Errol Street NORTH MELBOURNE VIC 3051,-37.80435713,144.949722464,"{""census_year"":2024,""industry_code"":""4511"",""industry_description"":""Cafes and Restaurants"",""seats"":{""Seats - Outdoor"":15,""Seats - Indoor"":30},""total_seats"":45}",City of Melbourne,com:food:103520:44c2545bd56e5514
food_venue,Kobab Korean Kitchen,"Shop 2, 15 William Street MELBOURNE VIC 3000",-37.8192157,144.959187534,"{""census_year"":2024,""industry_code"":""4512"",""industry_description"":""Takeaway Food Services"",""seats"":{""Seats - Outdoor"":4,""Seats - Indoor"":12},""total_seats"":16}",City of Melbourne,com:food:110091:f009dff9b45c93c3
food_venue,Kodai Sushi And Chicken,"Shop 3, LwrGround 518 Little Bourke Street MELBOURNE VIC 3000",-37.8146364,144.95704074,"{""census_year"":2024,""industry_code"":""4511"",""industry_description"":""Cafes and Restaurants"",""seats"":{""Seats - Indoor"":23},""total_seats"":23}",City of Melbourne,com:food:110099:e54a1ef4048d28e8
food_venue,Koffi Bar,Part Ground 31 Queen Street MELBOURNE VIC 3000,-37.81822749,144.961779888,"{""census_year"":2024,""industry_code"":""4511"",""industry_description"":""Cafes and Restaurants"",""seats"":{""Seats - Indoor"":36,""Seats - Outdoor"":16},""total_seats"":52}",City of Melbourne,com:food:108060:c33095ae5242cd8a
food_venue,Koko,Restaurant Crown Towers Hotel Crown Casino 8 Whiteman Street SOUTHBANK VIC 3006,-37.82312164,144.958660189,"{""census_year"":2024,""industry_code"":""4511"",""industry_description"":""Cafes and Restaurants"",""seats"":{""Seats - Indoor"":64},""total_seats"":64}",City of Melbourne,com:food:597190:6dd0ec85f4d91406
food_venue,Koko Black,Shop 4-6 Royal Arcade MELBOURNE VIC 3000,-37.81458812,144.96404895,"{""census_year"":2024,""industry_code"":""4129"",""industry_description"":""Other Specialised Food Retailing"",""seats"":{""Seats - Indoor"":33,""Seats - Outdoor"":16},""total_seats"":49}",City of Melbourne,com:food:101144:8b80aa686b2f8580
food_venue,Koko Korea,"Tenancy 25, Ground 515 Little Bourke Street MELBOURNE VIC 3000",-37.81531863,144.957392295,"{""census_year"":2024,""industry_code"":""4511"",""industry_description"":""Cafes and Restaurants"",""seats"":{""Seats - Indoor"":50},""total_seats"":50}",City of Melbourne,com:food:111282:0e22cd24b5dd6786
food_venue,Kombu Qvm Pty Ltd,10 Dhanga Djeembana Walk MELBOURNE VIC 3000,-37.8076845,144.959088605,"{""census_year"":2024,""industry_code"":""4511"",""industry_description"":""Cafes and Restaurants"",""seats"":{""Seats - Outdoor"":10,""Seats - Indoor"":32},""total_seats"":42}",City of Melbourne,com:food:109492:0c84113db5940c24
food_venue,Kora wok,"Stall 22, Shed F Queen Victoria Market 66 Peel Street MELBOURNE VIC 3000",-37.80765748,144.957205484,"{""census_year"":2024,""industry_code"":""4512"",""industry_description"":""Takeaway Food Services"",""seats"":{""Seats - Outdoor"":21},""total_seats"":21}",City of Melbourne,com:food:110679:5814c15662d529e9
food_venue,Korchi City,Ground 441-443 Little Bourke Street MELBOURNE VIC 3000,-37.81430686,144.959659009,"{""census_year"":2024,""industry_code"":""4511"",""industry_description"":""Cafes and Restaurants"",""seats"":{""Seats - Indoor"":60},""total_seats"":60}",City of Melbourne,com:food:105853:963fe082a6ee0ded
food_venue,Korea town melbourne,Ground 299 Queen Street MELBOURNE VIC 3000,-37.81145082,144.958660108,"{""census_year"":2024,""industry_code"":""4511"",""industry_description"":""Cafes and Restaurants"",""seats"":{""Seats - Outdoor"":8,""Seats - Indoor"":90},""total_seats"":98}",City of Melbourne,com:food:105456:a53ef4348250f1a9
food_venue,Korean BBQ Matzip,179-181 Victoria Street WEST MELBOURNE VIC 3003,-37.80606639,144.955603657,"{""census_year"":2024,""industry_code"":""4511"",""industry_description"":""Cafes and Restaurants"",""seats"":{""Seats - Indoor"":25,""Seats - Outdoor"":8},""total_seats"":33}",City of Melbourne,com:food:109682:06fb5725eec496c4
food_venue,Korean Healthy Food BBQ Box,Part Ground 459 Little Collins Street MELBOURNE VIC 3000,-37.81660734,144.959550019,"{""census_year"":2024,""industry_code"":""4511"",""industry_description"":""Cafes and Restaurants"",""seats"":{""Seats - Outdoor"":14,""Seats - Indoor"":36},""total_seats"":50}",City of Melbourne,com:food:105938:c53c5f342a7ee783
food_venue,Korean Street Food,31 Rose Lane MELBOURNE VIC 3000,-37.81537494,144.953525588,"{""census_year"":2024,""industry_code"":""4511"",""industry_description"":""Cafes and Restaurants"",""seats"":{""Seats - Outdoor"":10},""total_seats"":10}",City of Melbourne,com:food:674546:350f32f6ded52531
food_venue,Korean Table,37 Rose Lane MELBOURNE VIC 3000,-37.81537494,144.953525588,"{""census_year"":2024,""industry_code"":""4511"",""industry_description"":""Cafes and Restaurants"",""seats"":{""Seats - Indoor"":20,""Seats - Outdoor"":28},""total_seats"":48}",City of Melbourne,com:food:674546:b29a002feea3a564
food_venue,Krabby's Crab Boil,Level 1 3-5 Star Circus DOCKLANDS VIC 3008,-37.8131707,144.937857365,"{""census_year"":2024,""industry_code"":""4511"",""industry_description"":""Cafes and Restaurants"",""seats"":{""Seats - Indoor"":100},""total_seats"":100}",City of Melbourne,com:food:620314:6c6a68dd05f3daf1
food_venue,Krimper,Ground 20-24 Guildford Lane MELBOURNE VIC 3000,-37.81115719,144.960127381,"{""census_year"":2024,""industry_code"":""4511"",""industry_description"":""Cafes and Restaurants"",""seats"":{""Seats - Indoor"":80},""total_seats"":80}",City of Melbourne,com:food:104563:d6af12b30e0bd7b4
food_venue,Krispy Kreme,Shop 607 Collins Street MELBOURNE VIC 3000,-37.81929311,144.95469003,"{""census_year"":2024,""industry_code"":""4511"",""industry_description"":""Cafes and Restaurants"",""seats"":{""Seats - Outdoor"":4,""Seats - Indoor"":28},""total_seats"":32}",City of Melbourne,com:food:606461:a40a2418b6b39fbe
food_venue,Kumo Kumo Desserts,198 Little Lonsdale Street MELBOURNE VIC 3000,-37.81073331,144.963018917,"{""census_year"":2024,""industry_code"":""4511"",""industry_description"":""Cafes and Restaurants"",""seats"":{""Seats - Indoor"":55},""total_seats"":55}",City of Melbourne,com:food:105746:7a6a929af9fa4958
food_venue,Kwafood Fried Chuan Swanston,287 Swanston Street MELBOURNE VIC 3000,-37.81143223,144.964359259,"{""census_year"":2024,""industry_code"":""4512"",""industry_description"":""Takeaway Food Services"",""seats"":{""Seats - Outdoor"":10,""Seats - Indoor"":2},""total_seats"":12}",City of Melbourne,com:food:109302:966ad7326d4ddb2d
food_venue,L'Incontro,140 Swanston Street MELBOURNE VIC 3000,-37.81430553,144.966292046,"{""census_year"":2024,""industry_code"":""4511"",""industry_description"":""Cafes and Restaurants"",""seats"":{""Seats - Outdoor"":100,""Seats - Indoor"":20},""total_seats"":120}",City of Melbourne,com:food:109415:8ddd2c2cf38f9ebb
food_venue,La Belle Miette,Part Ground 8 Collins Street MELBOURNE VIC 3000,-37.81314231,144.973257507,"{""census_year"":2024,""industry_code"":""4129"",""industry_description"":""Other Specialised Food Retailing"",""seats"":{""Seats - Indoor"":6},""total_seats"":6}",City of Melbourne,com:food:102172:373e7652f798e596
food_venue,La Cabra Carlton,Ground 151 Lygon Street CARLTON VIC 3053,-37.80366248,144.966117861,"{""census_year"":2024,""industry_code"":""4511"",""industry_description"":""Cafes and Restaurants"",""seats"":{""Seats - Indoor"":40,""Seats - Outdoor"":40},""total_seats"":80}",City of Melbourne,com:food:106096:1febf2b6782596f1
food_venue,La Camera,"Restaurant 1-2, Mid Lvl 3 Southgate Avenue SOUTHBANK VIC 3006",-37.82066924,144.966262253,"{""census_year"":2024,""industry_code"":""4511"",""industry_description"":""Cafes and Restaurants"",""seats"":{""Seats - Indoor"":230},""total_seats"":230}",City of Melbourne,com:food:110606:1a32bd83561c4b56
food_venue,La Cucina Melbourne,Part Ground 628 Bourke Street MELBOURNE VIC 3000,-37.81601898,144.954814617,"{""census_year"":2024,""industry_code"":""4511"",""industry_description"":""Cafes and Restaurants"",""seats"":{""Seats - Indoor"":78},""total_seats"":78}",City of Melbourne,com:food:101170:b850fa1e0667607e
food_venue,La Di Da,188-200 King Street MELBOURNE VIC 3000,-37.81551353,144.955624348,"{""census_year"":2024,""industry_code"":""4511"",""industry_description"":""Cafes and Restaurants"",""seats"":{""Seats - Indoor"":250,""Seats - Outdoor"":80},""total_seats"":330}",City of Melbourne,com:food:592048:7d357fe89dc26bbc
food_venue,La Galeria Cafe And Tapas,174 Bellair Street KENSINGTON VIC 3031,-37.79360999,144.929929238,"{""census_year"":2024,""industry_code"":""4511"",""industry_description"":""Cafes and Restaurants"",""seats"":{""Seats - Indoor"":16,""Seats - Outdoor"":6},""total_seats"":22}",City of Melbourne,com:food:616045:5efc90ec886d2424
food_venue,La Porchetta North Melbourne,Ground 478-482 Victoria Street NORTH MELBOURNE VIC 3051,-37.80496737,144.950145426,"{""census_year"":2024,""industry_code"":""4511"",""industry_description"":""Cafes and Restaurants"",""seats"":{""Seats - Indoor"":130},""total_seats"":130}",City of Melbourne,com:food:109794:35ff2f77683b5d62
food_venue,La Spaghettata Pty Ltd,238 Lygon Street CARLTON VIC 3053,-37.80162591,144.967236482,"{""census_year"":2024,""industry_code"":""4511"",""industry_description"":""Cafes and Restaurants"",""seats"":{""Seats - Outdoor"":44,""Seats - Indoor"":130},""total_seats"":174}",City of Melbourne,com:food:106232:30fcb8c4170c67c9
food_venue,La Tortilleria,72 Stubbs Street KENSINGTON VIC 3031,-37.79142188,144.93530104,"{""census_year"":2024,""industry_code"":""4511"",""industry_description"":""Cafes and Restaurants"",""seats"":{""Seats - Indoor"":30,""Seats - Outdoor"":10},""total_seats"":40}",City of Melbourne,com:food:614669:83faa846472078df
food_venue,Lagoon Dining,263 Lygon Street CARLTON VIC 3053,-37.79929755,144.966868004,"{""census_year"":2024,""industry_code"":""4511"",""industry_description"":""Cafes and Restaurants"",""seats"":{""Seats - Outdoor"":30,""Seats - Indoor"":100},""total_seats"":130}",City of Melbourne,com:food:106132:b694e565cb0e85cc
food_venue,Lai Cafe,"Suite 5, 85 Turner Street PORT MELBOURNE VIC 3207",-37.82304058,144.925377505,"{""census_year"":2024,""industry_code"":""4511"",""industry_description"":""Cafes and Restaurants"",""seats"":{""Seats - Indoor"":20,""Seats - Outdoor"":8},""total_seats"":28}",City of Melbourne,com:food:110551:116b6671d24b1989
food_venue,Lakeside Bistro And Function Centre,Restaurant Melbourne Zoological Gardens Elliott Avenue PARKVILLE VIC 3052,-37.78427658,144.951432112,"{""census_year"":2024,""industry_code"":""4511"",""industry_description"":""Cafes and Restaurants"",""seats"":{""Seats - Outdoor"":240,""Seats - Indoor"":118},""total_seats"":358}",City of Melbourne,com:food:110273:f740857e394439a4
food_venue,Lakhey Resto & Bar,396 Little Collins Street MELBOURNE VIC 3000,-37.81556194,144.961530561,"{""census_year"":2024,""industry_code"":""4511"",""industry_description"":""Cafes and Restaurants"",""seats"":{""Seats - Indoor"":40},""total_seats"":40}",City of Melbourne,com:food:105955:9bbac47156befd54
food_venue,Lambs Restaurant,98-100 Lygon Street CARLTON VIC 3053,-37.80443778,144.966699249,"{""census_year"":2024,""industry_code"":""4511"",""industry_description"":""Cafes and Restaurants"",""seats"":{""Seats - Indoor"":85,""Seats - Outdoor"":22},""total_seats"":107}",City of Melbourne,com:food:111070:3135d282727c9392
food_venue,Lancemore Crossley Street Hotel,Level 1-6 47-55 Little Bourke Street MELBOURNE VIC 3000,-37.81101377,144.971109213,"{""census_year"":2024,""industry_code"":""4400"",""industry_description"":""Accommodation"",""seats"":{""Seats - Indoor"":32},""total_seats"":32}",City of Melbourne,com:food:105831:da65e313747e4a3d
food_venue,Lane's Edge Cafe,39 Bourke Street MELBOURNE VIC 3000,-37.81193572,144.97204722,"{""census_year"":2024,""industry_code"":""4511"",""industry_description"":""Cafes and Restaurants"",""seats"":{""Seats - Indoor"":26,""Seats - Outdoor"":82},""total_seats"":108}",City of Melbourne,com:food:101109:b8afa2c5abf9b633
food_venue,Lang Baan,1 Rose Lane MELBOURNE VIC 3000,-37.81537494,144.953525588,"{""census_year"":2024,""industry_code"":""4511"",""industry_description"":""Cafes and Restaurants"",""seats"":{""Seats - Indoor"":174},""total_seats"":174}",City of Melbourne,com:food:642253:69368ef8d0bf3e4f
food_venue,Lanzhou Beef Noodle Bar,379 Elizabeth Street MELBOURNE VIC 3000,-37.8100143,144.960849507,"{""census_year"":2024,""industry_code"":""4511"",""industry_description"":""Cafes and Restaurants"",""seats"":{""Seats - Indoor"":65},""total_seats"":65}",City of Melbourne,com:food:103216:4a7a7597a10c2f3c
food_venue,Lanzhou Beef Noodle Soup,520-522 Elizabeth Street MELBOURNE VIC 3000,-37.80579439,144.959758676,"{""census_year"":2024,""industry_code"":""4511"",""industry_description"":""Cafes and Restaurants"",""seats"":{""Seats - Indoor"":36},""total_seats"":36}",City of Melbourne,com:food:103290:40a550952044fa4e
food_venue,LaoLiuZhou River Snails Rice Noodles,221 Russell Street MELBOURNE VIC 3000,-37.81140869,144.967166699,"{""census_year"":2024,""industry_code"":""4511"",""industry_description"":""Cafes and Restaurants"",""seats"":{""Seats - Indoor"":25},""total_seats"":25}",City of Melbourne,com:food:108552:04f0c922e553d17e
food_venue,Lau's Cafe 888,537 Flinders Lane MELBOURNE VIC 3000,-37.81988483,144.956601666,"{""census_year"":2024,""industry_code"":""4512"",""industry_description"":""Takeaway Food Services"",""seats"":{""Seats - Indoor"":3,""Seats - Outdoor"":18},""total_seats"":21}",City of Melbourne,com:food:103957:a1eeb507a50a74e4
food_venue,Laurent,"Shop 59-60, 45 Collins Street MELBOURNE VIC 3000",-37.81430615,144.972628037,"{""census_year"":2024,""industry_code"":""4511"",""industry_description"":""Cafes and Restaurants"",""seats"":{""Seats - Indoor"":54},""total_seats"":54}",City of Melbourne,com:food:102063:9c6f5d03e51bdd1c
food_venue,Laurent Boulangerie Patisserie,148 Wellington Parade EAST MELBOURNE VIC 3002,-37.81608793,144.984834136,"{""census_year"":2024,""industry_code"":""4511"",""industry_description"":""Cafes and Restaurants"",""seats"":{""Seats - Outdoor"":8,""Seats - Indoor"":51},""total_seats"":59}",City of Melbourne,com:food:109996:052dd5c71b5bcc43
food_venue,Laurent Boulangerie Patisserie,"Bmt, Gnd & Mezz 306 Little Collins Street MELBOURNE VIC 3000",-37.81473293,144.964348552,"{""census_year"":2024,""industry_code"":""4511"",""industry_description"":""Cafes and Restaurants"",""seats"":{""Seats - Indoor"":80,""Seats - Outdoor"":30},""total_seats"":110}",City of Melbourne,com:food:105961:e8b9703470db3dea
food_venue,Laurus - Lou Mei Fun,158 Victoria Street CARLTON VIC 3053,-37.80614561,144.961940792,"{""census_year"":2024,""industry_code"":""4511"",""industry_description"":""Cafes and Restaurants"",""seats"":{""Seats - Indoor"":95},""total_seats"":95}",City of Melbourne,com:food:644814:bf889b74a7db29e9
food_venue,Le Bajo,Ground 8-14 Howard Street NORTH MELBOURNE VIC 3051,-37.80509175,144.954243272,"{""census_year"":2024,""industry_code"":""4511"",""industry_description"":""Cafes and Restaurants"",""seats"":{""Seats - Outdoor"":24,""Seats - Indoor"":28},""total_seats"":52}",City of Melbourne,com:food:105039:c1dc1e4004f1b3ff
food_venue,Le Charme,"Shop 1, Ground 178 Little Bourke Street MELBOURNE VIC 3000",-37.81186912,144.966941928,"{""census_year"":2024,""industry_code"":""4511"",""industry_description"":""Cafes and Restaurants"",""seats"":{""Seats - Indoor"":46},""total_seats"":46}",City of Melbourne,com:food:105889:b9312a315a6639fd
food_venue,Le Miel Et La Lune,330 Cardigan Street CARLTON VIC 3053,-37.79685803,144.966377828,"{""census_year"":2024,""industry_code"":""4511"",""industry_description"":""Cafes and Restaurants"",""seats"":{""Seats - Outdoor"":8,""Seats - Indoor"":35},""total_seats"":43}",City of Melbourne,com:food:101660:a997c326e0af990f
food_venue,Le Petit Cafe,"Shop 4, 9 Exhibition Street MELBOURNE VIC 3000",-37.81584246,144.97204113,"{""census_year"":2024,""industry_code"":""4511"",""industry_description"":""Cafes and Restaurants"",""seats"":{""Seats - Indoor"":14},""total_seats"":14}",City of Melbourne,com:food:103591:d3eb05a9e575ec2c
food_venue,Le Petit Chateau,"Shop 9-10, Block Arcade MELBOURNE VIC 3000",-37.81561893,144.964428319,"{""census_year"":2024,""industry_code"":""4511"",""industry_description"":""Cafes and Restaurants"",""seats"":{""Seats - Indoor"":24,""Seats - Outdoor"":28},""total_seats"":52}",City of Melbourne,com:food:102141:8038df9e89b3a26a
food_venue,Le Petit Gateau,452-458 Little Collins Street MELBOURNE VIC 3000,-37.81587957,144.959592468,"{""census_year"":2024,""industry_code"":""1174"",""industry_description"":""Bakery Product Manufacturing (Non-factory based)"",""seats"":{""Seats - Outdoor"":10,""Seats - Indoor"":30},""total_seats"":40}",City of Melbourne,com:food:101154:06b01799610d869c
food_venue,LE SHOPPE,"Suite 8, Ground 430 Little Collins Street MELBOURNE VIC 3000",-37.81596878,144.960110059,"{""census_year"":2024,""industry_code"":""4511"",""industry_description"":""Cafes and Restaurants"",""seats"":{""Seats - Indoor"":15,""Seats - Outdoor"":15},""total_seats"":30}",City of Melbourne,com:food:105953:3ac24c40611da316
food_venue,Le Taj Restaurant,70-74 Rosslyn Street WEST MELBOURNE VIC 3003,-37.80775631,144.952039324,"{""census_year"":2024,""industry_code"":""4511"",""industry_description"":""Cafes and Restaurants"",""seats"":{""Seats - Indoor"":50,""Seats - Outdoor"":4},""total_seats"":54}",City of Melbourne,com:food:108434:a17e794eb0a8a99b
food_venue,Le Toaster,Ground 445-447 Queensberry Street NORTH MELBOURNE VIC 3051,-37.80357227,144.952776962,"{""census_year"":2024,""industry_code"":""4511"",""industry_description"":""Cafes and Restaurants"",""seats"":{""Seats - Outdoor"":22,""Seats - Indoor"":7},""total_seats"":29}",City of Melbourne,com:food:107902:85d4fabe91887595
food_venue,Le Will Cafe,Cafe 305 William Street MELBOURNE VIC 3000,-37.8124473,144.955885513,"{""census_year"":2024,""industry_code"":""4511"",""industry_description"":""Cafes and Restaurants"",""seats"":{""Seats - Indoor"":100,""Seats - Outdoor"":80},""total_seats"":180}",City of Melbourne,com:food:105458:9f471baf96d236e2
food_venue,Le Yeahllow,366 Little Collins Street MELBOURNE VIC 3000,-37.81510975,144.962207824,"{""census_year"":2024,""industry_code"":""4511"",""industry_description"":""Cafes and Restaurants"",""seats"":{""Seats - Indoor"":18},""total_seats"":18}",City of Melbourne,com:food:101147:957294a016a34f83
food_venue,Le-Nguyen Pho & Bakery Cafe,818-822 Collins Street DOCKLANDS VIC 3008,-37.82100111,144.945046845,"{""census_year"":2024,""industry_code"":""4511"",""industry_description"":""Cafes and Restaurants"",""seats"":{""Seats - Indoor"":91},""total_seats"":91}",City of Melbourne,com:food:622439:9e4da7b3cde8e132
food_venue,League Of Honest Coffee,"Stall 1, Shed M Queen Victoria Market 50 Peel Street MELBOURNE VIC 3000",-37.80765748,144.957205484,"{""census_year"":2024,""industry_code"":""4512"",""industry_description"":""Takeaway Food Services"",""seats"":{""Seats - Indoor"":12},""total_seats"":12}",City of Melbourne,com:food:110684:ce0d947c03a1e139
food_venue,Lee Ho Fook,11-15 Duckboard Place MELBOURNE VIC 3000,-37.81559017,144.971315408,"{""census_year"":2024,""industry_code"":""4511"",""industry_description"":""Cafes and Restaurants"",""seats"":{""Seats - Indoor"":70},""total_seats"":70}",City of Melbourne,com:food:110277:65b9469276d26507
food_venue,Lee Sun Seng Food,"Shop 1, 535 Little Lonsdale Street MELBOURNE VIC 3000",-37.8134766,144.956016924,"{""census_year"":2024,""industry_code"":""4511"",""industry_description"":""Cafes and Restaurants"",""seats"":{""Seats - Indoor"":55},""total_seats"":55}",City of Melbourne,com:food:110708:4dbccb42bfc09fea
food_venue,Left Bank Melbourne,Part Ground 1 Southbank Boulevard SOUTHBANK VIC 3006,-37.82104029,144.962891358,"{""census_year"":2024,""industry_code"":""4511"",""industry_description"":""Cafes and Restaurants"",""seats"":{""Seats - Outdoor"":75,""Seats - Indoor"":100},""total_seats"":175}",City of Melbourne,com:food:110335:414089cd8ba45969
food_venue,Lemuse,566 Swanston Street CARLTON VIC 3053,-37.80355391,144.963909099,"{""census_year"":2024,""industry_code"":""4511"",""industry_description"":""Cafes and Restaurants"",""seats"":{""Seats - Indoor"":15,""Seats - Outdoor"":12},""total_seats"":27}",City of Melbourne,com:food:109370:ce6f445b69415cf1
food_venue,Leonardo's Pizza Palace,218-224 Drummond Street CARLTON VIC 3053,-37.80116198,144.968597488,"{""census_year"":2024,""industry_code"":""4511"",""industry_description"":""Cafes and Restaurants"",""seats"":{""Seats - Indoor"":80,""Seats - Outdoor"":26},""total_seats"":106}",City of Melbourne,com:food:104445:e0a1a6aca88058aa
food_venue,Leyalina,191 Lygon Street CARLTON VIC 3053,-37.80114228,144.966496731,"{""census_year"":2024,""industry_code"":""4511"",""industry_description"":""Cafes and Restaurants"",""seats"":{""Seats - Indoor"":48,""Seats - Outdoor"":26},""total_seats"":74}",City of Melbourne,com:food:106108:174024da9bdf07dc
food_venue,Life's Too Short Bar,"Shop 3, 166 Albert Street EAST MELBOURNE VIC 3002",-37.81004656,144.985625385,"{""census_year"":2024,""industry_code"":""4520"",""industry_description"":""Pubs, Taverns and Bars"",""seats"":{""Seats - Indoor"":30,""Seats - Outdoor"":10},""total_seats"":40}",City of Melbourne,com:food:595153:8467c084dbc29b90
food_venue,Likya Turkish Eatery,174 Rathdowne Street CARLTON VIC 3053,-37.79527786,144.971168029,"{""census_year"":2024,""industry_code"":""4512"",""industry_description"":""Takeaway Food Services"",""seats"":{""Seats - Indoor"":7},""total_seats"":7}",City of Melbourne,com:food:108231:8c5321647517978f
food_venue,Lily li,"Tenancy 47B, LwrGround 727 Collins Street DOCKLANDS VIC 3008",-37.82068417,144.950091314,"{""census_year"":2024,""industry_code"":""4511"",""industry_description"":""Cafes and Restaurants"",""seats"":{""Seats - Indoor"":50},""total_seats"":50}",City of Melbourne,com:food:628712:320d1be4833a3aab
food_venue,Lim Kopi,"Shop 1-2, Ground 542-546 Little Bourke Street MELBOURNE VIC 3000",-37.81477885,144.956367186,"{""census_year"":2024,""industry_code"":""4511"",""industry_description"":""Cafes and Restaurants"",""seats"":{""Seats - Outdoor"":12,""Seats - Indoor"":55},""total_seats"":67}",City of Melbourne,com:food:105862:9d24efbf1e4c83d2
food_venue,Limerick Castle Hotel & Restaurant,Limerick Castle Hotel & Restaurant 161-163 Errol Street NORTH MELBOURNE VIC 3051,-37.80114341,144.949613888,"{""census_year"":2024,""industry_code"":""4520"",""industry_description"":""Pubs, Taverns and Bars"",""seats"":{""Seats - Indoor"":32,""Seats - Outdoor"":30},""total_seats"":62}",City of Melbourne,com:food:110920:158d5da2dbf8c7bb
food_venue,Liminal Melbourne,Lobby 161 Collins Street MELBOURNE VIC 3000,-37.81543178,144.968755295,"{""census_year"":2024,""industry_code"":""4511"",""industry_description"":""Cafes and Restaurants"",""seats"":{""Seats - Indoor"":112},""total_seats"":112}",City of Melbourne,com:food:102073:aa5ed26aaa99a0e7
food_venue,Lincoln Bakery Cafe,154 Bouverie Street CARLTON VIC 3053,-37.8013409,144.962728786,"{""census_year"":2024,""industry_code"":""4511"",""industry_description"":""Cafes and Restaurants"",""seats"":{""Seats - Outdoor"":36},""total_seats"":36}",City of Melbourne,com:food:105654:c8052e2179e03d1a
food_venue,Ling Nam Restaurant,Part Ground 203 Lonsdale Street MELBOURNE VIC 3000,-37.81133175,144.966353331,"{""census_year"":2024,""industry_code"":""4511"",""industry_description"":""Cafes and Restaurants"",""seats"":{""Seats - Indoor"":100},""total_seats"":100}",City of Melbourne,com:food:105690:e04600ee308f1fe4
food_venue,Lionel Gell Lounge,Part Building 872 Grant Street Theatre 234 St Kilda Road SOUTHBANK VIC 3006,-37.82456191,144.969319749,"{""census_year"":2024,""industry_code"":""4511"",""industry_description"":""Cafes and Restaurants"",""seats"":{""Seats - Outdoor"":14,""Seats - Indoor"":30},""total_seats"":44}",City of Melbourne,com:food:108654:bd9f7ec41a9c8242
food_venue,Little Africa,223 Victoria Street WEST MELBOURNE VIC 3003,-37.80590009,144.954044804,"{""census_year"":2024,""industry_code"":""4511"",""industry_description"":""Cafes and Restaurants"",""seats"":{""Seats - Outdoor"":12,""Seats - Indoor"":28},""total_seats"":40}",City of Melbourne,com:food:109697:a4d6ec5701e1cef6
food_venue,Little Avenue des Italians,Part Ground 428 Little Bourke Street MELBOURNE VIC 3000,-37.81392391,144.959722913,"{""census_year"":2024,""industry_code"":""4512"",""industry_description"":""Takeaway Food Services"",""seats"":{""Seats - Indoor"":12},""total_seats"":12}",City of Melbourne,com:food:105867:71fe1dc79715b0a0
food_venue,Little Bang Espresso,Part Level 22 8 Exhibition Street MELBOURNE VIC 3000,-37.8154618,144.972720907,"{""census_year"":2024,""industry_code"":""4511"",""industry_description"":""Cafes and Restaurants"",""seats"":{""Seats - Indoor"":50},""total_seats"":50}",City of Melbourne,com:food:111071:3ce8a72e1dc0864c
food_venue,Little Bang Espresso,Part Level 2 Building 12 RMIT University 394-412 Swanston Street MELBOURNE VIC 3000,-37.80818156,144.964543533,"{""census_year"":2024,""industry_code"":""4511"",""industry_description"":""Cafes and Restaurants"",""seats"":{""Seats - Indoor"":33},""total_seats"":33}",City of Melbourne,com:food:606671:4988ba986f2a6e50
food_venue,Little Bean Bambini,"Tenancy 9, 332-340 Flinders Lane MELBOURNE VIC 3000",-37.81722704,144.962788805,"{""census_year"":2024,""industry_code"":""4512"",""industry_description"":""Takeaway Food Services"",""seats"":{""Seats - Outdoor"":8,""Seats - Indoor"":4},""total_seats"":12}",City of Melbourne,com:food:102091:0671c7c64099dfeb
food_venue,Little Bean Dockside,"Tenancy 9, Ground 850 Collins Street DOCKLANDS VIC 3008",-37.82092961,144.944532756,"{""census_year"":2024,""industry_code"":""4511"",""industry_description"":""Cafes and Restaurants"",""seats"":{""Seats - Indoor"":75},""total_seats"":75}",City of Melbourne,com:food:632510:dc4684ab8b910bdc
food_venue,Little Black,Adjacent Kiosk 204-234 St Kilda Road SOUTHBANK VIC 3006,-37.82456191,144.969319749,"{""census_year"":2024,""industry_code"":""4512"",""industry_description"":""Takeaway Food Services"",""seats"":{""Seats - Outdoor"":8},""total_seats"":8}",City of Melbourne,com:food:108654:9cd4f03d7bf50282
food_venue,Little Brother Kitchen & Bar,Ground & Level 1 429 Little Collins Street MELBOURNE VIC 3000,-37.8162783,144.960451922,"{""census_year"":2024,""industry_code"":""4511"",""industry_description"":""Cafes and Restaurants"",""seats"":{""Seats - Indoor"":68},""total_seats"":68}",City of Melbourne,com:food:105934:740c99bc2ecf70f3
food_venue,Little Collins Melbourne,41-43 Block Place MELBOURNE VIC 3000,-37.81528948,144.964225403,"{""census_year"":2024,""industry_code"":""4511"",""industry_description"":""Cafes and Restaurants"",""seats"":{""Seats - Indoor"":70,""Seats - Outdoor"":20},""total_seats"":90}",City of Melbourne,com:food:105928:96a62a793c84fd52
food_venue,Little Cupcakes,"Tenancy 6, Ground 181 William Street MELBOURNE VIC 3000",-37.81531863,144.957392295,"{""census_year"":2024,""industry_code"":""4512"",""industry_description"":""Takeaway Food Services"",""seats"":{""Seats - Outdoor"":10,""Seats - Indoor"":12},""total_seats"":22}",City of Melbourne,com:food:612820:baa0d6b587177385
food_venue,Little Fish And Rice Town,295-297 Elizabeth Street MELBOURNE VIC 3000,-37.81171289,144.961673131,"{""census_year"":2024,""industry_code"":""4511"",""industry_description"":""Cafes and Restaurants"",""seats"":{""Seats - Indoor"":200},""total_seats"":200}",City of Melbourne,com:food:103202:bf10b87a8756da15
food_venue,Little Gordon,"Shop 3-4, Ground 24-38 Little Bourke Street MELBOURNE VIC 3000",-37.81033978,144.971413781,"{""census_year"":2024,""industry_code"":""4511"",""industry_description"":""Cafes and Restaurants"",""seats"":{""Seats - Outdoor"":20,""Seats - Indoor"":30},""total_seats"":50}",City of Melbourne,com:food:105901:695a2c4c284c0627
food_venue,Little Ivy Tea And Coffee,4 Courtney Street NORTH MELBOURNE VIC 3051,-37.80337398,144.95601867,"{""census_year"":2024,""industry_code"":""4511"",""industry_description"":""Cafes and Restaurants"",""seats"":{""Seats - Outdoor"":6,""Seats - Indoor"":16},""total_seats"":22}",City of Melbourne,com:food:102242:8237915df311a4dc
food_venue,Little nooky,Part Ground 300 La Trobe Street MELBOURNE VIC 3000,-37.81010387,144.960434848,"{""census_year"":2024,""industry_code"":""4511"",""industry_description"":""Cafes and Restaurants"",""seats"":{""Seats - Indoor"":16},""total_seats"":16}",City of Melbourne,com:food:105484:e431c70b44d48ebd
food_venue,Little Nooky,62 A'Beckett Street MELBOURNE VIC 3000,-37.80876331,144.961474036,"{""census_year"":2024,""industry_code"":""4512"",""industry_description"":""Takeaway Food Services"",""seats"":{""Seats - Indoor"":8},""total_seats"":8}",City of Melbourne,com:food:100170:7e1da5d8164ce3ff
food_venue,Little Ramen Bar,369 Little Collins Street MELBOURNE VIC 3000,-37.81601764,144.962688973,"{""census_year"":2024,""industry_code"":""4511"",""industry_description"":""Cafes and Restaurants"",""seats"":{""Seats - Indoor"":64},""total_seats"":64}",City of Melbourne,com:food:102135:62306ea654f2df1b
food_venue,Little Rogue,12 Drewery Lane MELBOURNE VIC 3000,-37.81096849,144.964144692,"{""census_year"":2024,""industry_code"":""4512"",""industry_description"":""Takeaway Food Services"",""seats"":{""Seats - Indoor"":14},""total_seats"":14}",City of Melbourne,com:food:532170:d9bc0df52fa040be
food_venue,Little Sparrow,"Kiosk 1, Level 1 300 Lonsdale Street MELBOURNE VIC 3000",-37.81073331,144.963018917,"{""census_year"":2024,""industry_code"":""4511"",""industry_description"":""Cafes and Restaurants"",""seats"":{""Seats - Indoor"":40},""total_seats"":40}",City of Melbourne,com:food:105746:1519c98c0ab84dfd
food_venue,Little Sparrow,Ground Foyer 567 Collins Street MELBOURNE VIC 3000,-37.81902044,144.955727469,"{""census_year"":2024,""industry_code"":""4511"",""industry_description"":""Cafes and Restaurants"",""seats"":{""Seats - Indoor"":28},""total_seats"":28}",City of Melbourne,com:food:579252:7337086298bfc5c3
food_venue,Little Sparrow Emporium,"Kiosk 06, Level 2, 287 Lonsdale Street MELBOURNE VIC 3000",-37.81245199,144.963838585,"{""census_year"":2024,""industry_code"":""4512"",""industry_description"":""Takeaway Food Services"",""seats"":{""Seats - Indoor"":32},""total_seats"":32}",City of Melbourne,com:food:105698:462e87e73634722b
food_venue,Liuni Tea Coffee Cafe,Ground 421 Elizabeth Street MELBOURNE VIC 3000,-37.80908065,144.960471109,"{""census_year"":2024,""industry_code"":""4512"",""industry_description"":""Takeaway Food Services"",""seats"":{""Seats - Indoor"":15,""Seats - Outdoor"":2},""total_seats"":17}",City of Melbourne,com:food:103221:7ab0e40bf81d7140
food_venue,Liyin Rice Roll Master,"Shop C2, 10C Healeys Lane MELBOURNE VIC 3000",-37.8134766,144.956016924,"{""census_year"":2024,""industry_code"":""4511"",""industry_description"":""Cafes and Restaurants"",""seats"":{""Seats - Outdoor"":4,""Seats - Indoor"":46},""total_seats"":50}",City of Melbourne,com:food:105726:876fa0bfe2d13331
food_venue,Llao Llao,26-28 Hardware Lane MELBOURNE VIC 3000,-37.81416355,144.961756204,"{""census_year"":2024,""industry_code"":""4512"",""industry_description"":""Takeaway Food Services"",""seats"":{""Seats - Indoor"":8,""Seats - Outdoor"":4},""total_seats"":12}",City of Melbourne,com:food:101187:9fb8c2ad062a96bc
food_venue,Llaollao Natural Frozen Yogurt,23 Red Cape Lane MELBOURNE VIC 3000,-37.810658,144.965703374,"{""census_year"":2024,""industry_code"":""4512"",""industry_description"":""Takeaway Food Services"",""seats"":{""Seats - Indoor"":10},""total_seats"":10}",City of Melbourne,com:food:589841:4aaddec250a63df5
food_venue,Lobby Lounge,Part 205 Collins Street MELBOURNE VIC 3000,-37.81584777,144.967430346,"{""census_year"":2024,""industry_code"":""4511"",""industry_description"":""Cafes and Restaurants"",""seats"":{""Seats - Indoor"":70},""total_seats"":70}",City of Melbourne,com:food:109418:398b74e39b05b027
food_venue,Local Folk Cafe,43 Epsom Road KENSINGTON VIC 3031,-37.79223674,144.925609612,"{""census_year"":2024,""industry_code"":""4511"",""industry_description"":""Cafes and Restaurants"",""seats"":{""Seats - Outdoor"":15,""Seats - Indoor"":45},""total_seats"":60}",City of Melbourne,com:food:103380:4bedf661726bbbb2
food_venue,Locale Coffee,Kiosk Ground 517 St Kilda Road MELBOURNE VIC 3004,-37.84459472,144.979312384,"{""census_year"":2024,""industry_code"":""4512"",""industry_description"":""Takeaway Food Services"",""seats"":{""Seats - Indoor"":4,""Seats - Outdoor"":9},""total_seats"":13}",City of Melbourne,com:food:108645:cb448c3509665a50
food_venue,London K Burgers,482 Macaulay Road KENSINGTON VIC 3031,-37.79424521,144.929970327,"{""census_year"":2024,""industry_code"":""4511"",""industry_description"":""Cafes and Restaurants"",""seats"":{""Seats - Indoor"":18},""total_seats"":18}",City of Melbourne,com:food:616011:d0c34ea9cac5507c
food_venue,Long Shot,"Tenancy 44, Ground 727 Collins Street DOCKLANDS VIC 3008",-37.82068417,144.950091314,"{""census_year"":2024,""industry_code"":""4511"",""industry_description"":""Cafes and Restaurants"",""seats"":{""Seats - Indoor"":55},""total_seats"":55}",City of Melbourne,com:food:628712:274e82f564fe53a6
food_venue,Longrain Melbourne,Ground 40-44 Little Bourke Street MELBOURNE VIC 3000,-37.81058998,144.971182949,"{""census_year"":2024,""industry_code"":""4511"",""industry_description"":""Cafes and Restaurants"",""seats"":{""Seats - Indoor"":140},""total_seats"":140}",City of Melbourne,com:food:105900:bf9c0dd0c6663d98
food_venue,Lonsdale larder,"Shop 16, 36 Lonsdale Street MELBOURNE VIC 3000",-37.8091842,144.970732451,"{""census_year"":2024,""industry_code"":""4511"",""industry_description"":""Cafes and Restaurants"",""seats"":{""Seats - Outdoor"":32,""Seats - Indoor"":38},""total_seats"":70}",City of Melbourne,com:food:603923:4bc2a1a5ccf2d007
food_venue,Loop Roof,Level 3 19-23 Meyers Place MELBOURNE VIC 3000,-37.8121518,144.972107737,"{""census_year"":2024,""industry_code"":""4520"",""industry_description"":""Pubs, Taverns and Bars"",""seats"":{""Seats - Indoor"":120},""total_seats"":120}",City of Melbourne,com:food:503031:cd14c5dc66d7b38f
food_venue,Lord of the Fries,184 King Street MELBOURNE VIC 3000,-37.81571633,144.955716798,"{""census_year"":2024,""industry_code"":""4512"",""industry_description"":""Takeaway Food Services"",""seats"":{""Seats - Indoor"":20},""total_seats"":20}",City of Melbourne,com:food:105389:b1e691ea9745df8e
food_venue,Lost In Yunnan Elizabeth,504 Elizabeth Street MELBOURNE VIC 3000,-37.80719768,144.960349763,"{""census_year"":2024,""industry_code"":""4511"",""industry_description"":""Cafes and Restaurants"",""seats"":{""Seats - Indoor"":80},""total_seats"":80}",City of Melbourne,com:food:103293:d581a29f0d03ba8d
food_venue,Lovey Patisserie Cafe / X Playground,26 Berrbang Lane MELBOURNE VIC 3000,-37.8076845,144.959088605,"{""census_year"":2024,""industry_code"":""4511"",""industry_description"":""Cafes and Restaurants"",""seats"":{""Seats - Indoor"":25,""Seats - Outdoor"":16},""total_seats"":41}",City of Melbourne,com:food:109492:94fe6d4ed9b3eed2
food_venue,Lucky Chan's,"Shop 30, Ground 8 Whiteman Street SOUTHBANK VIC 3006",-37.82312164,144.958660189,"{""census_year"":2024,""industry_code"":""4511"",""industry_description"":""Cafes and Restaurants"",""seats"":{""Seats - Outdoor"":140,""Seats - Indoor"":130},""total_seats"":270}",City of Melbourne,com:food:111175:98fac27002a8d66b
food_venue,Lucky Guys Claypot City,"Shop G3, 163 Franklin Street MELBOURNE VIC 3000",-37.80904835,144.959575429,"{""census_year"":2024,""industry_code"":""4511"",""industry_description"":""Cafes and Restaurants"",""seats"":{""Seats - Indoor"":20,""Seats - Outdoor"":16},""total_seats"":36}",City of Melbourne,com:food:104084:655d5e5ba6ae602a
food_venue,Lucy Liu's Kitchen & Bar,23 Oliver Lane MELBOURNE VIC 3000,-37.81599798,144.969894808,"{""census_year"":2024,""industry_code"":""4511"",""industry_description"":""Cafes and Restaurants"",""seats"":{""Seats - Indoor"":100},""total_seats"":100}",City of Melbourne,com:food:108593:98e6b4607bdb14af
food_venue,Ludlow Bar & Dining Room,Part Ground 6 Riverside Quay SOUTHBANK VIC 3006,-37.82082512,144.963828622,"{""census_year"":2024,""industry_code"":""4511"",""industry_description"":""Cafes and Restaurants"",""seats"":{""Seats - Outdoor"":100,""Seats - Indoor"":300},""total_seats"":400}",City of Melbourne,com:food:110327:a291a5afaa40bc0d
food_venue,Lukumades,Ground 81-83 Peel Street WEST MELBOURNE VIC 3003,-37.8062869,144.955574354,"{""census_year"":2024,""industry_code"":""4512"",""industry_description"":""Takeaway Food Services"",""seats"":{""Seats - Outdoor"":12,""Seats - Indoor"":8},""total_seats"":20}",City of Melbourne,com:food:107485:019fb5eb81c4693d
food_venue,Lulu's Char Koay Teow,Ground 31 Hardware Lane MELBOURNE VIC 3000,-37.81398751,144.961266412,"{""census_year"":2024,""industry_code"":""4511"",""industry_description"":""Cafes and Restaurants"",""seats"":{""Seats - Outdoor"":20,""Seats - Indoor"":40},""total_seats"":60}",City of Melbourne,com:food:104654:e45df49c44f4756a
food_venue,Lumen People,522 Victoria Street NORTH MELBOURNE VIC 3051,-37.80474738,144.94871348,"{""census_year"":2024,""industry_code"":""4511"",""industry_description"":""Cafes and Restaurants"",""seats"":{""Seats - Outdoor"":4,""Seats - Indoor"":25},""total_seats"":29}",City of Melbourne,com:food:570824:e06c3b5cc2eaac23
food_venue,Luna Coffee Bar,Shop 1 Ground 500 Bourke Street MELBOURNE VIC 3000,-37.81494883,144.95876067,"{""census_year"":2024,""industry_code"":""4511"",""industry_description"":""Cafes and Restaurants"",""seats"":{""Seats - Indoor"":40},""total_seats"":40}",City of Melbourne,com:food:101176:e1c332626bfd1090
food_venue,Luncheonette Cafe,173 Rankins Road KENSINGTON VIC 3031,-37.79436218,144.931113097,"{""census_year"":2024,""industry_code"":""4511"",""industry_description"":""Cafes and Restaurants"",""seats"":{""Seats - Outdoor"":8,""Seats - Indoor"":12},""total_seats"":20}",City of Melbourne,com:food:615281:050a01bb3948d85b
food_venue,Lupino,Ground 41 Little Collins Street MELBOURNE VIC 3000,-37.81279876,144.972393222,"{""census_year"":2024,""industry_code"":""4511"",""industry_description"":""Cafes and Restaurants"",""seats"":{""Seats - Indoor"":60,""Seats - Outdoor"":20},""total_seats"":80}",City of Melbourne,com:food:105912:257fb42b156125aa
food_venue,Lustre Bar / 3 Lt Monkeys,4-4A Centre Place MELBOURNE VIC 3000,-37.8166033,144.965596537,"{""census_year"":2024,""industry_code"":""4520"",""industry_description"":""Pubs, Taverns and Bars"",""seats"":{""Seats - Indoor"":8,""Seats - Outdoor"":4},""total_seats"":12}",City of Melbourne,com:food:101789:d59524aa2b95ac8a
food_venue,Lychee Karaoke Bar,"Part Ground, Level 1 & Level 2 215 Bourke Street MELBOURNE VIC 3000",-37.81328093,144.96729935,"{""census_year"":2024,""industry_code"":""4520"",""industry_description"":""Pubs, Taverns and Bars"",""seats"":{""Seats - Indoor"":100},""total_seats"":100}",City of Melbourne,com:food:101133:8ac9304bf02d34f7
food_venue,LYNS KITCHEN,Ground 324-326 King Street MELBOURNE VIC 3000,-37.81261512,144.954274499,"{""census_year"":2024,""industry_code"":""4511"",""industry_description"":""Cafes and Restaurants"",""seats"":{""Seats - Indoor"":40},""total_seats"":40}",City of Melbourne,com:food:105370:3a810cfd02b4c778
food_venue,Maccaroni Trattoria Italiana,10-16 Manchester Lane MELBOURNE VIC 3000,-37.81602805,144.966088099,"{""census_year"":2024,""industry_code"":""4511"",""industry_description"":""Cafes and Restaurants"",""seats"":{""Seats - Indoor"":60,""Seats - Outdoor"":20},""total_seats"":80}",City of Melbourne,com:food:110857:e1e6f75d54e99e67
food_venue,Macchiato On Collins,"Unit 2, Ground 446-452 Collins Street MELBOURNE VIC 3000",-37.81730302,144.959442005,"{""census_year"":2024,""industry_code"":""4511"",""industry_description"":""Cafes and Restaurants"",""seats"":{""Seats - Indoor"":34},""total_seats"":34}",City of Melbourne,com:food:102123:8ce171e3139e53ed
food_venue,Mad Duck Cafe,92 River Esplanade DOCKLANDS VIC 3008,-37.82438863,144.943550585,"{""census_year"":2024,""industry_code"":""4511"",""industry_description"":""Cafes and Restaurants"",""seats"":{""Seats - Outdoor"":30,""Seats - Indoor"":24},""total_seats"":54}",City of Melbourne,com:food:579362:e175643b84d32c8c
food_venue,Mad Mex,"Shop E5, 8 Southern Cross Lane MELBOURNE VIC 3000",-37.81281453,144.970109211,"{""census_year"":2024,""industry_code"":""4511"",""industry_description"":""Cafes and Restaurants"",""seats"":{""Seats - Indoor"":41,""Seats - Outdoor"":18},""total_seats"":59}",City of Melbourne,com:food:602997:5c9ccc1f5fe130c8
food_venue,Mad Mex,"Shop 263, Level 2 300 Lonsdale Street MELBOURNE VIC 3000",-37.81073331,144.963018917,"{""census_year"":2024,""industry_code"":""4511"",""industry_description"":""Cafes and Restaurants"",""seats"":{""Seats - Indoor"":25},""total_seats"":25}",City of Melbourne,com:food:105746:f3bbaf809949c623
food_venue,Mad Mex,Shop F8 20 Convention Centre Place SOUTH WHARF VIC 3006,-37.82539976,144.952378154,"{""census_year"":2024,""industry_code"":""4511"",""industry_description"":""Cafes and Restaurants"",""seats"":{""Seats - Indoor"":28},""total_seats"":28}",City of Melbourne,com:food:110542:880861b1e63a0bd0
food_venue,Mad Patties - East Melbourne,Ground 80 Wellington Parade EAST MELBOURNE VIC 3002,-37.81635606,144.987366286,"{""census_year"":2024,""industry_code"":""4512"",""industry_description"":""Takeaway Food Services"",""seats"":{""Seats - Indoor"":20,""Seats - Outdoor"":8},""total_seats"":28}",City of Melbourne,com:food:110007:62893e064548ea28
food_venue,Magic Cuisine,331 La Trobe Street MELBOURNE VIC 3000,-37.81102516,144.959794532,"{""census_year"":2024,""industry_code"":""4511"",""industry_description"":""Cafes and Restaurants"",""seats"":{""Seats - Indoor"":28},""total_seats"":28}",City of Melbourne,com:food:105453:341ca9a1f1b20ec4
food_venue,Magic Momo Kafe On Flinders,Part Ground 335 Flinders Lane MELBOURNE VIC 3000,-37.81784765,144.963225776,"{""census_year"":2024,""industry_code"":""4511"",""industry_description"":""Cafes and Restaurants"",""seats"":{""Seats - Indoor"":75},""total_seats"":75}",City of Melbourne,com:food:103950:540e56772c856412
food_venue,Magic Mountain Saloon,62-66 Little Collins Street MELBOURNE VIC 3000,-37.81280958,144.971441987,"{""census_year"":2024,""industry_code"":""4520"",""industry_description"":""Pubs, Taverns and Bars"",""seats"":{""Seats - Indoor"":120},""total_seats"":120}",City of Melbourne,com:food:105968:ebb077f7258a747e
food_venue,Magpie Nest Cafe,Ground 69 Bourke Street MELBOURNE VIC 3000,-37.81227428,144.971449909,"{""census_year"":2024,""industry_code"":""4511"",""industry_description"":""Cafes and Restaurants"",""seats"":{""Seats - Indoor"":150},""total_seats"":150}",City of Melbourne,com:food:101114:a041ad2ea9a62cd7
food_venue,Maha Restaurant,Basement 21-27 Bond Street MELBOURNE VIC 3000,-37.81819275,144.962529829,"{""census_year"":2024,""industry_code"":""4511"",""industry_description"":""Cafes and Restaurants"",""seats"":{""Seats - Indoor"":80},""total_seats"":80}",City of Melbourne,com:food:108115:a7f3274d72083996
food_venue,Mail Exchange Hotel,Part Basement 688 Bourke Street MELBOURNE VIC 3000,-37.81663038,144.953590188,"{""census_year"":2024,""industry_code"":""4520"",""industry_description"":""Pubs, Taverns and Bars"",""seats"":{""Seats - Indoor"":200},""total_seats"":200}",City of Melbourne,com:food:108963:66812a7efda792b6
food_venue,Maka Maka,10 Sutherland Street MELBOURNE VIC 3000,-37.81131628,144.960948366,"{""census_year"":2024,""industry_code"":""4512"",""industry_description"":""Takeaway Food Services"",""seats"":{""Seats - Indoor"":10},""total_seats"":10}",City of Melbourne,com:food:650593:f700bc0138e1481c
food_venue,Makan,"Shop 8B, 360 Collins Street MELBOURNE VIC 3000",-37.81615528,144.962184393,"{""census_year"":2024,""industry_code"":""4511"",""industry_description"":""Cafes and Restaurants"",""seats"":{""Seats - Indoor"":80},""total_seats"":80}",City of Melbourne,com:food:102133:3a81915b3da539c1
food_venue,Maker Coffee,Ground 387 Little Bourke Street MELBOURNE VIC 3000,-37.81379622,144.961393663,"{""census_year"":2024,""industry_code"":""4511"",""industry_description"":""Cafes and Restaurants"",""seats"":{""Seats - Indoor"":12,""Seats - Outdoor"":30},""total_seats"":42}",City of Melbourne,com:food:105850:8396faab70a9edeb
food_venue,Maker Little Collins,Part Ground 505 Little Collins Street MELBOURNE VIC 3000,-37.81719649,144.957798923,"{""census_year"":2024,""industry_code"":""4512"",""industry_description"":""Takeaway Food Services"",""seats"":{""Seats - Indoor"":4},""total_seats"":4}",City of Melbourne,com:food:105940:36456d5668f61e3a
food_venue,Makoto Melbourne Central,"Shop 239, Level 2 300 Lonsdale Street MELBOURNE VIC 3000",-37.81073331,144.963018917,"{""census_year"":2024,""industry_code"":""4511"",""industry_description"":""Cafes and Restaurants"",""seats"":{""Seats - Indoor"":50},""total_seats"":50}",City of Melbourne,com:food:105746:8da1f4fc63edc2ff
food_venue,Malay Momma,56 Kavanagh Street SOUTHBANK VIC 3006,-37.82409347,144.963728712,"{""census_year"":2024,""industry_code"":""4511"",""industry_description"":""Cafes and Restaurants"",""seats"":{""Seats - Indoor"":50},""total_seats"":50}",City of Melbourne,com:food:110420:47ec2d6cb010d379
food_venue,Malaysian Laksa House,Ground 449 Elizabeth Street MELBOURNE VIC 3000,-37.80856366,144.960215796,"{""census_year"":2024,""industry_code"":""4511"",""industry_description"":""Cafes and Restaurants"",""seats"":{""Seats - Indoor"":54,""Seats - Outdoor"":16},""total_seats"":70}",City of Melbourne,com:food:103228:9d6004291fad1d06
food_venue,Malthouse Theatre Cafe,Restaurant 113 Sturt Street SOUTHBANK VIC 3006,-37.8271278,144.966959082,"{""census_year"":2024,""industry_code"":""4511"",""industry_description"":""Cafes and Restaurants"",""seats"":{""Seats - Indoor"":100,""Seats - Outdoor"":40},""total_seats"":140}",City of Melbourne,com:food:110612:b25725ca280389f8
food_venue,Mama Le,31 Stubbs Street KENSINGTON VIC 3031,-37.7914562,144.935841738,"{""census_year"":2024,""industry_code"":""4511"",""industry_description"":""Cafes and Restaurants"",""seats"":{""Seats - Indoor"":94},""total_seats"":94}",City of Melbourne,com:food:617955:f49789b5617797f8
food_venue,Mama's Canteen,"Tenancy 26, Yarra Building Federation Square 2 Swanston Street MELBOURNE VIC 3000",-37.81784465,144.969917465,"{""census_year"":2024,""industry_code"":""4511"",""industry_description"":""Cafes and Restaurants"",""seats"":{""Seats - Indoor"":75,""Seats - Outdoor"":100},""total_seats"":175}",City of Melbourne,com:food:578325:a13de7bd30d2bda2
food_venue,Mamak,Ground 366-368 Lonsdale Street MELBOURNE VIC 3000,-37.81220274,144.961456084,"{""census_year"":2024,""industry_code"":""4511"",""industry_description"":""Cafes and Restaurants"",""seats"":{""Seats - Indoor"":100},""total_seats"":100}",City of Melbourne,com:food:105742:9639d3460e64f421
food_venue,Mamao,Part Ground 338 Queen Street MELBOURNE VIC 3000,-37.81075124,144.959029373,"{""census_year"":2024,""industry_code"":""4511"",""industry_description"":""Cafes and Restaurants"",""seats"":{""Seats - Indoor"":54},""total_seats"":54}",City of Melbourne,com:food:105479:49dac0290bab3bd5
food_venue,Mamasita,Level 1 11 Collins Street MELBOURNE VIC 3000,-37.81377997,144.973462178,"{""census_year"":2024,""industry_code"":""4511"",""industry_description"":""Cafes and Restaurants"",""seats"":{""Seats - Indoor"":70},""total_seats"":70}",City of Melbourne,com:food:102058:6d473db6f1ce96ac
food_venue,Mamos,395A Swanston Street MELBOURNE VIC 3000,-37.80928251,144.963253447,"{""census_year"":2024,""industry_code"":""4512"",""industry_description"":""Takeaway Food Services"",""seats"":{""Seats - Indoor"":4},""total_seats"":4}",City of Melbourne,com:food:109313:8e5a1e5dfd8dd31f
food_venue,Man Mo @ Wtc,"Shop 13-15, Ground 18-38 Siddeley Street DOCKLANDS VIC 3008",-37.82273183,144.953818379,"{""census_year"":2024,""industry_code"":""4511"",""industry_description"":""Cafes and Restaurants"",""seats"":{""Seats - Indoor"":150},""total_seats"":150}",City of Melbourne,com:food:103978:d7e79ccc9d80a09b
food_venue,Man Tong Kitchen,"Shop 46B, Level 1 8 Whiteman Street SOUTHBANK VIC 3006",-37.82312164,144.958660189,"{""census_year"":2024,""industry_code"":""4511"",""industry_description"":""Cafes and Restaurants"",""seats"":{""Seats - Indoor"":180},""total_seats"":180}",City of Melbourne,com:food:111175:6b3a11c5dc12709e
food_venue,Manchester Press,Ground 8 Rankins Lane MELBOURNE VIC 3000,-37.81387847,144.96212614,"{""census_year"":2024,""industry_code"":""4511"",""industry_description"":""Cafes and Restaurants"",""seats"":{""Seats - Indoor"":63},""total_seats"":63}",City of Melbourne,com:food:108145:9bfe03cf9443295d
food_venue,Mandarin Food Store,30 Rose Lane MELBOURNE VIC 3000,-37.81498784,144.954249339,"{""census_year"":2024,""industry_code"":""4511"",""industry_description"":""Cafes and Restaurants"",""seats"":{""Seats - Outdoor"":20,""Seats - Indoor"":6},""total_seats"":26}",City of Melbourne,com:food:105717:13058b6325a687c1
food_venue,Mandina Kitchen,Ground 143-145 Lygon Street CARLTON VIC 3053,-37.80378355,144.966098423,"{""census_year"":2024,""industry_code"":""4511"",""industry_description"":""Cafes and Restaurants"",""seats"":{""Seats - Outdoor"":20,""Seats - Indoor"":60},""total_seats"":80}",City of Melbourne,com:food:106092:15712599ef46bebc
food_venue,MANG KORN Thai Restaurant,431 Macaulay Road KENSINGTON VIC 3031,-37.79496478,144.932491422,"{""census_year"":2024,""industry_code"":""4512"",""industry_description"":""Takeaway Food Services"",""seats"":{""Seats - Indoor"":12},""total_seats"":12}",City of Melbourne,com:food:597960:f86ca9825ff8c683
food_venue,Maniax Axe Throwing Melbourne CBD,Gnd & Bmt 121 Elizabeth Street MELBOURNE VIC 3000,-37.81554941,144.963293794,"{""census_year"":2024,""industry_code"":""9139"",""industry_description"":""Amusement and Other Recreational Activities n.e.c."",""seats"":{""Seats - Indoor"":100},""total_seats"":100}",City of Melbourne,com:food:105929:d299ef490cf7db99
food_venue,Manja Melbourne,28 Leicester Street CARLTON VIC 3053,-37.80570036,144.960508626,"{""census_year"":2024,""industry_code"":""4511"",""industry_description"":""Cafes and Restaurants"",""seats"":{""Seats - Indoor"":60,""Seats - Outdoor"":6},""total_seats"":66}",City of Melbourne,com:food:105527:fa98c73140d39566
food_venue,Mankeumi,Level 1 287-289 Elizabeth Street MELBOURNE VIC 3000,-37.81190921,144.96165032,"{""census_year"":2024,""industry_code"":""4511"",""industry_description"":""Cafes and Restaurants"",""seats"":{""Seats - Indoor"":20},""total_seats"":20}",City of Melbourne,com:food:103200:a734f396d54071a6
food_venue,Mansae,16 Dhanga Djeembana Walk MELBOURNE VIC 3000,-37.8076845,144.959088605,"{""census_year"":2024,""industry_code"":""4511"",""industry_description"":""Cafes and Restaurants"",""seats"":{""Seats - Indoor"":150},""total_seats"":150}",City of Melbourne,com:food:109492:6e87a512630970c8
food_venue,Mantra On Jolimont,Level 1-8 133 Jolimont Road EAST MELBOURNE VIC 3002,-37.81796562,144.978270081,"{""census_year"":2024,""industry_code"":""4400"",""industry_description"":""Accommodation"",""seats"":{""Seats - Indoor"":53,""Seats - Outdoor"":15},""total_seats"":68}",City of Melbourne,com:food:105121:537f62b29d016fd0
food_venue,Manze,"Shop 2, 1-5 Errol Street NORTH MELBOURNE VIC 3051",-37.80488638,144.948978856,"{""census_year"":2024,""industry_code"":""4511"",""industry_description"":""Cafes and Restaurants"",""seats"":{""Seats - Indoor"":24},""total_seats"":24}",City of Melbourne,com:food:103392:d3a4f55ba4f8efc2
food_venue,Marameo,6 Russell Place MELBOURNE VIC 3000,-37.81390779,144.967580615,"{""census_year"":2024,""industry_code"":""4511"",""industry_description"":""Cafes and Restaurants"",""seats"":{""Seats - Indoor"":65,""Seats - Outdoor"":40},""total_seats"":105}",City of Melbourne,com:food:105964:3c9c34a5e526c436
food_venue,Marche Board Game Cafe,Ground 61-69 A'Beckett Street MELBOURNE VIC 3000,-37.80919305,144.961748936,"{""census_year"":2024,""industry_code"":""9139"",""industry_description"":""Amusement and Other Recreational Activities n.e.c."",""seats"":{""Seats - Indoor"":75},""total_seats"":75}",City of Melbourne,com:food:500333:ffabfa8ca90f1797
food_venue,Margo's Cafe,"Shop 82, Ground 8 Whiteman Street SOUTHBANK VIC 3006",-37.82312164,144.958660189,"{""census_year"":2024,""industry_code"":""4511"",""industry_description"":""Cafes and Restaurants"",""seats"":{""Seats - Indoor"":140},""total_seats"":140}",City of Melbourne,com:food:111175:7e15fe8f639a4c61
food_venue,Maria's Trattoria,122-124 Peel Street NORTH MELBOURNE VIC 3051,-37.80519937,144.956459859,"{""census_year"":2024,""industry_code"":""4511"",""industry_description"":""Cafes and Restaurants"",""seats"":{""Seats - Indoor"":80,""Seats - Outdoor"":4},""total_seats"":84}",City of Melbourne,com:food:107531:8358eb8fb0c6eb50
food_venue,Market Cafe / Station Cafe / Mercury Restaurant,Restaurant 11 Nicholson Street CARLTON VIC 3053,-37.80401887,144.971635508,"{""census_year"":2024,""industry_code"":""4511"",""industry_description"":""Cafes and Restaurants"",""seats"":{""Seats - Outdoor"":20,""Seats - Indoor"":215},""total_seats"":235}",City of Melbourne,com:food:623345:47e85c09ccb68bd1
food_venue,Market Espresso & Trolley Hire,Trolley Hire Queen Victoria Market Victoria Street MELBOURNE VIC 3000,-37.80765748,144.957205484,"{""census_year"":2024,""industry_code"":""4511"",""industry_description"":""Cafes and Restaurants"",""seats"":{""Seats - Indoor"":42,""Seats - Outdoor"":18},""total_seats"":60}",City of Melbourne,com:food:110673:8fe90bcceb392503
food_venue,market kebab,"Stall 24, Shed F Queen Victoria Market 66 Peel Street MELBOURNE VIC 3000",-37.80765748,144.957205484,"{""census_year"":2024,""industry_code"":""4512"",""industry_description"":""Takeaway Food Services"",""seats"":{""Seats - Outdoor"":36},""total_seats"":36}",City of Melbourne,com:food:110679:6973a542e70d21cd
food_venue,Market Lane Coffee,Part Ground 8 Collins Street MELBOURNE VIC 3000,-37.81314231,144.973257507,"{""census_year"":2024,""industry_code"":""4511"",""industry_description"":""Cafes and Restaurants"",""seats"":{""Seats - Outdoor"":10,""Seats - Indoor"":34},""total_seats"":44}",City of Melbourne,com:food:102172:0d0d4d73b854c3cc
food_venue,Market Lane Coffee,83-85 Victoria Street MELBOURNE VIC 3000,-37.80765748,144.957205484,"{""census_year"":2024,""industry_code"":""4511"",""industry_description"":""Cafes and Restaurants"",""seats"":{""Seats - Indoor"":4,""Seats - Outdoor"":24},""total_seats"":28}",City of Melbourne,com:food:110673:dfecfacbab8511e8
food_venue,Market Lane Coffee,462 Queen Street MELBOURNE VIC 3000,-37.80788769,144.958461316,"{""census_year"":2024,""industry_code"":""4512"",""industry_description"":""Takeaway Food Services"",""seats"":{""Seats - Outdoor"":10},""total_seats"":10}",City of Melbourne,com:food:109493:c6051227ce08c4c5
food_venue,Market Lane Coffee,Part 178 Faraday Street CARLTON VIC 3053,-37.79857335,144.968489352,"{""census_year"":2024,""industry_code"":""4512"",""industry_description"":""Takeaway Food Services"",""seats"":{""Seats - Outdoor"":4,""Seats - Indoor"":2},""total_seats"":6}",City of Melbourne,com:food:103710:e3d95e3a587f0a1a
food_venue,Marrakech Bar,LwrGround 25 Bank Place MELBOURNE VIC 3000,-37.81638558,144.960085861,"{""census_year"":2024,""industry_code"":""4520"",""industry_description"":""Pubs, Taverns and Bars"",""seats"":{""Seats - Indoor"":50},""total_seats"":50}",City of Melbourne,com:food:105937:d5a66ac2c75639e4
food_venue,Marriott Corsia,Shop G06 6 Wharf Street DOCKLANDS VIC 3008,-37.8131707,144.937857365,"{""census_year"":2024,""industry_code"":""4511"",""industry_description"":""Cafes and Restaurants"",""seats"":{""Seats - Indoor"":16},""total_seats"":16}",City of Melbourne,com:food:620307:ec86271ba1809ec4
food_venue,Martabak Pecenongan 78 & D'Bakmie,114 Lygon Street CARLTON VIC 3053,-37.80443778,144.966699249,"{""census_year"":2024,""industry_code"":""4511"",""industry_description"":""Cafes and Restaurants"",""seats"":{""Seats - Outdoor"":10,""Seats - Indoor"":15},""total_seats"":25}",City of Melbourne,com:food:111064:f151754f445ccaec
food_venue,Martini With Mancini / Bossa Nova,70 Bourke Street MELBOURNE VIC 3000,-37.81166963,144.971075461,"{""census_year"":2024,""industry_code"":""4511"",""industry_description"":""Cafes and Restaurants"",""seats"":{""Seats - Indoor"":30,""Seats - Outdoor"":12},""total_seats"":42}",City of Melbourne,com:food:101227:08bd846326ffd216
food_venue,Masala Jo,528 Victoria Street NORTH MELBOURNE VIC 3051,-37.80474738,144.94871348,"{""census_year"":2024,""industry_code"":""4512"",""industry_description"":""Takeaway Food Services"",""seats"":{""Seats - Indoor"":11},""total_seats"":11}",City of Melbourne,com:food:570824:1ceb0d7e1cbbd592
food_venue,Masani Italian Dining & Terrace,313-315 Drummond Street CARLTON VIC 3053,-37.79837995,144.968491963,"{""census_year"":2024,""industry_code"":""4511"",""industry_description"":""Cafes and Restaurants"",""seats"":{""Seats - Indoor"":60,""Seats - Outdoor"":30},""total_seats"":90}",City of Melbourne,com:food:102686:0ff42665db0bf552
food_venue,Master Fiery,"Shop 3, 743-751 Swanston Street CARLTON VIC 3053",-37.8006201,144.963642266,"{""census_year"":2024,""industry_code"":""4511"",""industry_description"":""Cafes and Restaurants"",""seats"":{""Seats - Indoor"":40},""total_seats"":40}",City of Melbourne,com:food:109330:fc187c08f6dc71d6
food_venue,Master Lanzhou Noodle Bar,244 Swanston Street MELBOURNE VIC 3000,-37.8121468,144.965342244,"{""census_year"":2024,""industry_code"":""4511"",""industry_description"":""Cafes and Restaurants"",""seats"":{""Seats - Indoor"":90},""total_seats"":90}",City of Melbourne,com:food:109394:23a1513d84893500
food_venue,Master Lanzhou Noodle Express,"Shop F, Ground 700 Swanston Street CARLTON VIC 3053",-37.7999972,144.96482819,"{""census_year"":2024,""industry_code"":""4512"",""industry_description"":""Takeaway Food Services"",""seats"":{""Seats - Indoor"":4},""total_seats"":4}",City of Melbourne,com:food:104469:658346769f2f15aa
food_venue,Master noodle,"Shop 16-17, Ground 194-200 Bourke Street MELBOURNE VIC 3000",-37.81244678,144.967282791,"{""census_year"":2024,""industry_code"":""4511"",""industry_description"":""Cafes and Restaurants"",""seats"":{""Seats - Indoor"":35},""total_seats"":35}",City of Melbourne,com:food:101204:7554beb4db647648
food_venue,Matilda 159,Restaurant Ground 159 Domain Road SOUTH YARRA VIC 3141,-37.83428436,144.981451767,"{""census_year"":2024,""industry_code"":""4511"",""industry_description"":""Cafes and Restaurants"",""seats"":{""Seats - Outdoor"":20,""Seats - Indoor"":50},""total_seats"":70}",City of Melbourne,com:food:102502:c781eaf5fb51c329
food_venue,Maverick Coffee And Food,95 Little Collins Street MELBOURNE VIC 3000,-37.81360963,144.970722603,"{""census_year"":2024,""industry_code"":""4511"",""industry_description"":""Cafes and Restaurants"",""seats"":{""Seats - Outdoor"":18,""Seats - Indoor"":50},""total_seats"":68}",City of Melbourne,com:food:709873:fdc6c29019592335
food_venue,Max Asian Food,7 Elizabeth Street MELBOURNE VIC 3000,-37.81793185,144.964550248,"{""census_year"":2024,""industry_code"":""4512"",""industry_description"":""Takeaway Food Services"",""seats"":{""Seats - Indoor"":6},""total_seats"":6}",City of Melbourne,com:food:103166:2995062f537fb0e1
food_venue,Max Brenner Chocolates,25-27 QV Square MELBOURNE VIC 3000,-37.810658,144.965703374,"{""census_year"":2024,""industry_code"":""4511"",""industry_description"":""Cafes and Restaurants"",""seats"":{""Seats - Outdoor"":56,""Seats - Indoor"":61},""total_seats"":117}",City of Melbourne,com:food:589841:479f2fb4bee57f26
food_venue,Max On Hardware,Ground 54-58 Hardware Lane MELBOURNE VIC 3000,-37.81339488,144.961262261,"{""census_year"":2024,""industry_code"":""4511"",""industry_description"":""Cafes and Restaurants"",""seats"":{""Seats - Indoor"":95,""Seats - Outdoor"":50},""total_seats"":145}",City of Melbourne,com:food:104669:337081f071cf5a0f
food_venue,McDonald's,407A St Kilda Road MELBOURNE VIC 3004,-37.83615254,144.976192013,"{""census_year"":2024,""industry_code"":""4511"",""industry_description"":""Cafes and Restaurants"",""seats"":{""Seats - Indoor"":34,""Seats - Outdoor"":10},""total_seats"":44}",City of Melbourne,com:food:108624:9b8dfe1a5bc7cd71
food_venue,McDonald's Bourke St West,Ground 392-406 Bourke Street MELBOURNE VIC 3000,-37.81416355,144.961756204,"{""census_year"":2024,""industry_code"":""4511"",""industry_description"":""Cafes and Restaurants"",""seats"":{""Seats - Indoor"":120},""total_seats"":120}",City of Melbourne,com:food:101187:60b825402ee765a5
food_venue,McDonalds,11-15 Elizabeth Street MELBOURNE VIC 3000,-37.81782922,144.964499543,"{""census_year"":2024,""industry_code"":""4511"",""industry_description"":""Cafes and Restaurants"",""seats"":{""Seats - Indoor"":130},""total_seats"":130}",City of Melbourne,com:food:103167:01afb8cc69733b10
food_venue,McDonalds,275-279 Swanston Street MELBOURNE VIC 3000,-37.81180752,144.964507035,"{""census_year"":2024,""industry_code"":""4511"",""industry_description"":""Cafes and Restaurants"",""seats"":{""Seats - Indoor"":94},""total_seats"":94}",City of Melbourne,com:food:109301:f4eb3a8d153a3bcb
food_venue,McDonalds,"Shop 101, Level 1 27 Whiteman Street SOUTHBANK VIC 3006",-37.82559018,144.958342688,"{""census_year"":2024,""industry_code"":""4511"",""industry_description"":""Cafes and Restaurants"",""seats"":{""Seats - Indoor"":75},""total_seats"":75}",City of Melbourne,com:food:110343:e7592a0b470d8bf3
food_venue,McDonalds,305-331 City Road SOUTHBANK VIC 3006,-37.82832668,144.957875171,"{""census_year"":2024,""industry_code"":""4511"",""industry_description"":""Cafes and Restaurants"",""seats"":{""Seats - Indoor"":50,""Seats - Outdoor"":44},""total_seats"":94}",City of Melbourne,com:food:110377:d33365c6e27d437b
food_venue,McDonalds,"Tenancy 3, Ground 50 Flemington Road PARKVILLE VIC 3052",-37.79372054,144.949547006,"{""census_year"":2024,""industry_code"":""4511"",""industry_description"":""Cafes and Restaurants"",""seats"":{""Seats - Indoor"":32},""total_seats"":32}",City of Melbourne,com:food:103908:5a90c7f7ef539e6f
food_venue,McDonalds,92 Spencer Street MELBOURNE VIC 3000,-37.81867544,144.954350485,"{""census_year"":2024,""industry_code"":""4511"",""industry_description"":""Cafes and Restaurants"",""seats"":{""Seats - Indoor"":36},""total_seats"":36}",City of Melbourne,com:food:102109:a6db97241214f52e
food_venue,McDonalds,Basement & Part Ground 168 Bourke Street MELBOURNE VIC 3000,-37.81251216,144.968247927,"{""census_year"":2024,""industry_code"":""4511"",""industry_description"":""Cafes and Restaurants"",""seats"":{""Seats - Indoor"":40},""total_seats"":40}",City of Melbourne,com:food:101209:c6146c986912159e
food_venue,McDonalds,501-503 Elizabeth Street MELBOURNE VIC 3000,-37.80735265,144.959552564,"{""census_year"":2024,""industry_code"":""4511"",""industry_description"":""Cafes and Restaurants"",""seats"":{""Seats - Indoor"":136,""Seats - Outdoor"":64},""total_seats"":200}",City of Melbourne,com:food:103235:1228045ebc08f7b4
food_venue,McDonalds,"Shop 4R, 3 Freshwater Place SOUTHBANK VIC 3006",-37.82167833,144.962153946,"{""census_year"":2024,""industry_code"":""4511"",""industry_description"":""Cafes and Restaurants"",""seats"":{""Seats - Indoor"":82},""total_seats"":82}",City of Melbourne,com:food:575820:5e330d7eff09778f
food_venue,MEALS WITH IMPACT,46 Batmans Hill Drive DOCKLANDS VIC 3008,-37.82089145,144.94943448,"{""census_year"":2024,""industry_code"":""4511"",""industry_description"":""Cafes and Restaurants"",""seats"":{""Seats - Indoor"":41},""total_seats"":41}",City of Melbourne,com:food:628714:4d0a7db30a1c981a
food_venue,Meat Market South Wharf,53 South Wharf Promenade SOUTH WHARF VIC 3006,-37.82409302,144.95033362,"{""census_year"":2024,""industry_code"":""4511"",""industry_description"":""Cafes and Restaurants"",""seats"":{""Seats - Outdoor"":72,""Seats - Indoor"":110},""total_seats"":182}",City of Melbourne,com:food:110988:ecde034b08469770
food_venue,Meatball & Wine Bar,Ground 135 Flinders Lane MELBOURNE VIC 3000,-37.81573536,144.9701585,"{""census_year"":2024,""industry_code"":""4511"",""industry_description"":""Cafes and Restaurants"",""seats"":{""Seats - Outdoor"":36,""Seats - Indoor"":53},""total_seats"":89}",City of Melbourne,com:food:103928:731df9a75b1443b9
food_venue,Meating Korean BBQ,143-145 Bourke Street MELBOURNE VIC 3000,-37.81278439,144.969042212,"{""census_year"":2024,""industry_code"":""4511"",""industry_description"":""Cafes and Restaurants"",""seats"":{""Seats - Indoor"":80},""total_seats"":80}",City of Melbourne,com:food:101120:1bc99a611efadfd9
food_venue,Meatmaiden,"Shop 11, Basement 195 Little Collins Street MELBOURNE VIC 3000",-37.81450301,144.967847532,"{""census_year"":2024,""industry_code"":""4511"",""industry_description"":""Cafes and Restaurants"",""seats"":{""Seats - Indoor"":100},""total_seats"":100}",City of Melbourne,com:food:102152:8b828f6d484945a7
food_venue,Meerkat Manor,Kiosk Melbourne Zoological Gardens Elliott Avenue PARKVILLE VIC 3052,-37.78427658,144.951432112,"{""census_year"":2024,""industry_code"":""4512"",""industry_description"":""Takeaway Food Services"",""seats"":{""Seats - Outdoor"":34},""total_seats"":34}",City of Melbourne,com:food:110273:645e8e70cd2bc1c9
food_venue,Meet Fresh QV,24 Artemis Lane MELBOURNE VIC 3000,-37.810658,144.965703374,"{""census_year"":2024,""industry_code"":""4511"",""industry_description"":""Cafes and Restaurants"",""seats"":{""Seats - Indoor"":46,""Seats - Outdoor"":16},""total_seats"":62}",City of Melbourne,com:food:589841:bf9b2986bb3740f9
food_venue,Meister,"Tenancy 36B, LwrGround 18 Batmans Hill Drive DOCKLANDS VIC 3008",-37.82131456,144.949832512,"{""census_year"":2024,""industry_code"":""4512"",""industry_description"":""Takeaway Food Services"",""seats"":{""Seats - Indoor"":14},""total_seats"":14}",City of Melbourne,com:food:640970:145c609727ae2426
food_venue,Mekong Vietnam,Ground 241 Swanston Street MELBOURNE VIC 3000,-37.81239263,144.964778374,"{""census_year"":2024,""industry_code"":""4511"",""industry_description"":""Cafes and Restaurants"",""seats"":{""Seats - Indoor"":50},""total_seats"":50}",City of Melbourne,com:food:109291:525715d257f91f1f
food_venue,Melba Restaurant,Part Podium 1 Southgate Avenue SOUTHBANK VIC 3006,-37.82066924,144.966262253,"{""census_year"":2024,""industry_code"":""4511"",""industry_description"":""Cafes and Restaurants"",""seats"":{""Seats - Indoor"":220},""total_seats"":220}",City of Melbourne,com:food:110323:2a7e933aeef3ad09
food_venue,Melba Social,524 Macaulay Road KENSINGTON VIC 3031,-37.79404162,144.928633019,"{""census_year"":2024,""industry_code"":""4511"",""industry_description"":""Cafes and Restaurants"",""seats"":{""Seats - Indoor"":80},""total_seats"":80}",City of Melbourne,com:food:614830:226ba6d6e4ef4196
food_venue,Melbourne Cellar Door,Shop TG08 20 Convention Centre Place SOUTH WHARF VIC 3006,-37.82539976,144.952378154,"{""census_year"":2024,""industry_code"":""4511"",""industry_description"":""Cafes and Restaurants"",""seats"":{""Seats - Outdoor"":60,""Seats - Indoor"":250},""total_seats"":310}",City of Melbourne,com:food:110542:4092d55b5a9137bb
food_venue,Melbourne Central Lion Hotel,"Shop 303, Level 3 300 Lonsdale Street MELBOURNE VIC 3000",-37.81073331,144.963018917,"{""census_year"":2024,""industry_code"":""4520"",""industry_description"":""Pubs, Taverns and Bars"",""seats"":{""Seats - Indoor"":110},""total_seats"":110}",City of Melbourne,com:food:105746:fefe33d24371751d
food_venue,Melbourne Dae Jang Geum Korean BBQ,"Shop 117, Level 1 235 Little Bourke Street MELBOURNE VIC 3000",-37.81296443,144.9658365,"{""census_year"":2024,""industry_code"":""4511"",""industry_description"":""Cafes and Restaurants"",""seats"":{""Seats - Indoor"":120},""total_seats"":120}",City of Melbourne,com:food:101199:c271cc50d9bc6285
food_venue,Melbourne Exhibition Centre,Melbourne Exhibition Centre 2 Clarendon Street SOUTH WHARF VIC 3006,-37.82539976,144.952378154,"{""census_year"":2024,""industry_code"":""7299"",""industry_description"":""Other Administrative Services n.e.c."",""seats"":{""Seats - Indoor"":31},""total_seats"":31}",City of Melbourne,com:food:623557:1b7d2598275ae767
food_venue,Melbourne Hotel CBD,Level 1-10 600 Little Bourke Street MELBOURNE VIC 3000,-37.81537501,144.95457142,"{""census_year"":2024,""industry_code"":""4400"",""industry_description"":""Accommodation"",""seats"":{""Seats - Indoor"":38},""total_seats"":38}",City of Melbourne,com:food:105857:68f7b82a69c79b9a
food_venue,Melbourne Hwaro Korean BBQ,Ground 562 Little Bourke Street MELBOURNE VIC 3000,-37.81501702,144.955669398,"{""census_year"":2024,""industry_code"":""4511"",""industry_description"":""Cafes and Restaurants"",""seats"":{""Seats - Indoor"":92,""Seats - Outdoor"":20},""total_seats"":112}",City of Melbourne,com:food:105860:08348d21d17fba46
food_venue,Melbourne Kebab Box,Adjacent Kiosk 27 Racecourse Road NORTH MELBOURNE VIC 3051,-37.78974399,144.940961645,"{""census_year"":2024,""industry_code"":""4512"",""industry_description"":""Takeaway Food Services"",""seats"":{""Seats - Outdoor"":10},""total_seats"":10}",City of Melbourne,com:food:617689:24cf7dccfdfa2c67
food_venue,Melbourne Marriott Hotel Docklands,15 Waterfront Way DOCKLANDS VIC 3008,-37.81372512,144.939127001,"{""census_year"":2024,""industry_code"":""4400"",""industry_description"":""Accommodation"",""seats"":{""Seats - Indoor"":150},""total_seats"":150}",City of Melbourne,com:food:620318:a2d420b7587b5f33
food_venue,Melbourne Public,11-15 Dukes Walk SOUTH WHARF VIC 3006,-37.82539976,144.952378154,"{""census_year"":2024,""industry_code"":""4520"",""industry_description"":""Pubs, Taverns and Bars"",""seats"":{""Seats - Outdoor"":100,""Seats - Indoor"":350},""total_seats"":450}",City of Melbourne,com:food:623559:ecd1b545a8ad9c29
food_venue,MELBOURNE SAVAGE CLUB,The Melbourne Savage Club 12-16 Bank Place MELBOURNE VIC 3000,-37.81654467,144.960576505,"{""census_year"":2024,""industry_code"":""4530"",""industry_description"":""Clubs (Hospitality)"",""seats"":{""Seats - Indoor"":95},""total_seats"":95}",City of Melbourne,com:food:100730:6976f5f873675ad2
food_venue,Melbourne Stadiums Limited,Marvel Stadium 740 Bourke Street DOCKLANDS VIC 3008,-37.81656591,144.947577642,"{""census_year"":2024,""industry_code"":""9113"",""industry_description"":""Sports and Physical Recreation Venues, Grounds and Facilities Operation"",""seats"":{""Seats - Indoor"":950},""total_seats"":950}",City of Melbourne,com:food:558180:c7165525b0f8dd23
food_venue,Melbourne Toodouri,260 Victoria Street NORTH MELBOURNE VIC 3051,-37.80583959,144.957723661,"{""census_year"":2024,""industry_code"":""4511"",""industry_description"":""Cafes and Restaurants"",""seats"":{""Seats - Indoor"":60},""total_seats"":60}",City of Melbourne,com:food:109839:d0557ab9c776682e
food_venue,Melbourne Whisky Room,Level 1 270A Russell Street MELBOURNE VIC 3000,-37.81011116,144.967159031,"{""census_year"":2024,""industry_code"":""4520"",""industry_description"":""Pubs, Taverns and Bars"",""seats"":{""Seats - Indoor"":45},""total_seats"":45}",City of Melbourne,com:food:108573:a1a4b2ccdca948df
food_venue,Mellow Beans,38-40 Lonsdale Street MELBOURNE VIC 3000,-37.8091842,144.970732451,"{""census_year"":2024,""industry_code"":""4511"",""industry_description"":""Cafes and Restaurants"",""seats"":{""Seats - Indoor"":40,""Seats - Outdoor"":24},""total_seats"":64}",City of Melbourne,com:food:110715:393abab69fd18343
food_venue,Melrose Place NM,15 Melrose Street NORTH MELBOURNE VIC 3051,-37.79501722,144.941402664,"{""census_year"":2024,""industry_code"":""4512"",""industry_description"":""Takeaway Food Services"",""seats"":{""Seats - Indoor"":8,""Seats - Outdoor"":6},""total_seats"":14}",City of Melbourne,com:food:617402:b5e456d27529eb51
food_venue,Melrose Takeaway,35 Melrose Street NORTH MELBOURNE VIC 3051,-37.79501722,144.941402664,"{""census_year"":2024,""industry_code"":""4512"",""industry_description"":""Takeaway Food Services"",""seats"":{""Seats - Outdoor"":4,""Seats - Indoor"":4},""total_seats"":8}",City of Melbourne,com:food:617402:e647ee4896093e4a
food_venue,Mensho Tokyo,166 Russell Street MELBOURNE VIC 3000,-37.81231991,144.968207415,"{""census_year"":2024,""industry_code"":""4511"",""industry_description"":""Cafes and Restaurants"",""seats"":{""Seats - Indoor"":28},""total_seats"":28}",City of Melbourne,com:food:108586:0c31f1461a0362d9
food_venue,Mensousai Mugen,11 Bligh Place MELBOURNE VIC 3000,-37.81686635,144.963649766,"{""census_year"":2024,""industry_code"":""4511"",""industry_description"":""Cafes and Restaurants"",""seats"":{""Seats - Indoor"":35},""total_seats"":35}",City of Melbourne,com:food:110763:6d7cc8ed6f71a8a1
food_venue,Menya Ramen,"Shop 146A, Level 1 300 Lonsdale Street MELBOURNE VIC 3000",-37.81073331,144.963018917,"{""census_year"":2024,""industry_code"":""4512"",""industry_description"":""Takeaway Food Services"",""seats"":{""Seats - Outdoor"":8,""Seats - Indoor"":20},""total_seats"":28}",City of Melbourne,com:food:105746:512316f8f1a6117c
food_venue,Menya Ramen,Ground 437-439 Elizabeth Street MELBOURNE VIC 3000,-37.80880991,144.96023688,"{""census_year"":2024,""industry_code"":""4511"",""industry_description"":""Cafes and Restaurants"",""seats"":{""Seats - Indoor"":94,""Seats - Outdoor"":10},""total_seats"":104}",City of Melbourne,com:food:103226:7652e1cad90cca42
food_venue,Mercadante Pizza,Ground 123 Lygon Street CARLTON VIC 3053,-37.80408996,144.966034229,"{""census_year"":2024,""industry_code"":""4511"",""industry_description"":""Cafes and Restaurants"",""seats"":{""Seats - Outdoor"":30,""Seats - Indoor"":45},""total_seats"":75}",City of Melbourne,com:food:106087:564e8b6ed36e8f3f
food_venue,Merchant Society,71 Merchant Street DOCKLANDS VIC 3008,-37.82044557,144.943459922,"{""census_year"":2024,""industry_code"":""4511"",""industry_description"":""Cafes and Restaurants"",""seats"":{""Seats - Outdoor"":25,""Seats - Indoor"":70},""total_seats"":95}",City of Melbourne,com:food:609480:f66c892c2c0daca6
food_venue,Mercure Melbourne Therry Street,43 Therry Street MELBOURNE VIC 3000,-37.80741948,144.960816133,"{""census_year"":2024,""industry_code"":""4400"",""industry_description"":""Accommodation"",""seats"":{""Seats - Indoor"":80},""total_seats"":80}",City of Melbourne,com:food:104101:8b111b8704c51276
food_venue,Mercure North Melbourne,265-281 Errol Street NORTH MELBOURNE VIC 3051,-37.79681785,144.950270099,"{""census_year"":2024,""industry_code"":""4400"",""industry_description"":""Accommodation"",""seats"":{""Seats - Indoor"":50},""total_seats"":50}",City of Melbourne,com:food:103466:1dfa10527b432082
food_venue,Mercure Southbank,"Mercure Southbank, 9 Riverside Quay SOUTHBANK VIC 3006",-37.821332,144.965240032,"{""census_year"":2024,""industry_code"":""4400"",""industry_description"":""Accommodation"",""seats"":{""Seats - Indoor"":96},""total_seats"":96}",City of Melbourne,com:food:570811:ac258d1ee7e775c4
food_venue,Merriment Coffee,"Shop 8, 260 Spencer Street MELBOURNE VIC 3000",-37.81437529,144.952954607,"{""census_year"":2024,""industry_code"":""4511"",""industry_description"":""Cafes and Restaurants"",""seats"":{""Seats - Indoor"":30},""total_seats"":30}",City of Melbourne,com:food:711415:d01ac409fc4e8585
food_venue,Merrywell Bar and Dining / Merrywell Burger Bar,"Shop 86, Ground 8 Whiteman Street SOUTHBANK VIC 3006",-37.82312164,144.958660189,"{""census_year"":2024,""industry_code"":""4511"",""industry_description"":""Cafes and Restaurants"",""seats"":{""Seats - Indoor"":80,""Seats - Outdoor"":64},""total_seats"":144}",City of Melbourne,com:food:111175:9c6bb3e68b19979c
food_venue,Mesa Verde,"Unit S13, Level 6 252 Swanston Street MELBOURNE VIC 3000",-37.81199559,144.965250371,"{""census_year"":2024,""industry_code"":""4520"",""industry_description"":""Pubs, Taverns and Bars"",""seats"":{""Seats - Indoor"":90},""total_seats"":90}",City of Melbourne,com:food:109392:392d86783b176116
food_venue,Mesh,Part Ground 1-25 Whiteman Street SOUTHBANK VIC 3006,-37.82385378,144.95977678,"{""census_year"":2024,""industry_code"":""4511"",""industry_description"":""Cafes and Restaurants"",""seats"":{""Seats - Indoor"":350},""total_seats"":350}",City of Melbourne,com:food:108054:8b945abb83489ac0
food_venue,Meso Bites,14 Degraves Street MELBOURNE VIC 3000,-37.81752037,144.965997298,"{""census_year"":2024,""industry_code"":""4512"",""industry_description"":""Takeaway Food Services"",""seats"":{""Seats - Indoor"":10},""total_seats"":10}",City of Melbourne,com:food:104011:becb167bc7b0b365
food_venue,Metro Burgers,12 Degraves Street MELBOURNE VIC 3000,-37.81752037,144.965997298,"{""census_year"":2024,""industry_code"":""4512"",""industry_description"":""Takeaway Food Services"",""seats"":{""Seats - Indoor"":24},""total_seats"":24}",City of Melbourne,com:food:104011:a36b9ecdc7a4266a
food_venue,Mezz Bar,Mezzanine 100 St Kilda Road SOUTHBANK VIC 3006,-37.82094494,144.968224607,"{""census_year"":2024,""industry_code"":""4520"",""industry_description"":""Pubs, Taverns and Bars"",""seats"":{""Seats - Indoor"":20},""total_seats"":20}",City of Melbourne,com:food:108653:56bdded461856faa
food_venue,Mezzi Bar,Part Ground 31 City Road SOUTHBANK VIC 3006,-37.82169185,144.966881293,"{""census_year"":2024,""industry_code"":""4511"",""industry_description"":""Cafes and Restaurants"",""seats"":{""Seats - Indoor"":40},""total_seats"":40}",City of Melbourne,com:food:110350:f164a7ffea39c34f
food_venue,Mia Riverside Takeaway,Part 93-111 Sims Street WEST MELBOURNE VIC 3003,-37.80395168,144.910826458,"{""census_year"":2024,""industry_code"":""4512"",""industry_description"":""Takeaway Food Services"",""seats"":{""Seats - Outdoor"":8},""total_seats"":8}",City of Melbourne,com:food:108797:7e654ea9d58dc407
food_venue,Miami Hotel Melbourne,13-25 Hawke Street WEST MELBOURNE VIC 3003,-37.80608976,144.948597379,"{""census_year"":2024,""industry_code"":""4400"",""industry_description"":""Accommodation"",""seats"":{""Seats - Indoor"":30,""Seats - Outdoor"":12},""total_seats"":42}",City of Melbourne,com:food:104711:6b679b2cd2b2e222
food_venue,Michel's Patisserie,"Shop 302, Ground 237-261 Spencer Street DOCKLANDS VIC 3008",-37.81501701,144.951186966,"{""census_year"":2024,""industry_code"":""1174"",""industry_description"":""Bakery Product Manufacturing (Non-factory based)"",""seats"":{""Seats - Indoor"":20,""Seats - Outdoor"":24},""total_seats"":44}",City of Melbourne,com:food:110843:2691a68e257e5ac0
food_venue,Mid Square Coffee,119 Pelham Street CARLTON VIC 3053,-37.80282169,144.964422015,"{""census_year"":2024,""industry_code"":""4512"",""industry_description"":""Takeaway Food Services"",""seats"":{""Seats - Indoor"":12},""total_seats"":12}",City of Melbourne,com:food:107541:c3b3a8eb813b4742
food_venue,Miga Korean Jeongsik,Shop LG31 287 Lonsdale Street MELBOURNE VIC 3000,-37.81245199,144.963838585,"{""census_year"":2024,""industry_code"":""4511"",""industry_description"":""Cafes and Restaurants"",""seats"":{""Seats - Indoor"":60},""total_seats"":60}",City of Melbourne,com:food:105698:acd9a3e67e943f6f
food_venue,Miiki Cake Studio,166 Swanston Street MELBOURNE VIC 3000,-37.81379746,144.966067574,"{""census_year"":2024,""industry_code"":""4511"",""industry_description"":""Cafes and Restaurants"",""seats"":{""Seats - Indoor"":22},""total_seats"":22}",City of Melbourne,com:food:109408:71112d2e348c7502
food_venue,Milano Restaurant,234 A'Beckett Street MELBOURNE VIC 3000,-37.81015871,144.956601159,"{""census_year"":2024,""industry_code"":""4512"",""industry_description"":""Takeaway Food Services"",""seats"":{""Seats - Indoor"":8},""total_seats"":8}",City of Melbourne,com:food:621414:866e95313c74b471
food_venue,Milk Flower,236 Swanston Street MELBOURNE VIC 3000,-37.8123299,144.965426516,"{""census_year"":2024,""industry_code"":""4512"",""industry_description"":""Takeaway Food Services"",""seats"":{""Seats - Indoor"":3},""total_seats"":3}",City of Melbourne,com:food:109397:30fd4fea41aec28e
food_venue,Milk The Cow Licensed Fromagerie,323 Lygon Street CARLTON VIC 3053,-37.79777439,144.967125791,"{""census_year"":2024,""industry_code"":""4511"",""industry_description"":""Cafes and Restaurants"",""seats"":{""Seats - Outdoor"":20,""Seats - Indoor"":80},""total_seats"":100}",City of Melbourne,com:food:106149:4aaf82fb5caf720f
food_venue,Mille and B,"Shop 3, 28 Bouverie Street CARLTON VIC 3053",-37.80568588,144.961947969,"{""census_year"":2024,""industry_code"":""1174"",""industry_description"":""Bakery Product Manufacturing (Non-factory based)"",""seats"":{""Seats - Indoor"":11,""Seats - Outdoor"":8},""total_seats"":19}",City of Melbourne,com:food:661088:86e718076303d082
food_venue,Ming Dining,Gnd & Bmt 299 Queen Street MELBOURNE VIC 3000,-37.81145082,144.958660108,"{""census_year"":2024,""industry_code"":""4511"",""industry_description"":""Cafes and Restaurants"",""seats"":{""Seats - Indoor"":115},""total_seats"":115}",City of Melbourne,com:food:105456:124ee718e85087c2
food_venue,Miss Mi,25 Godfrey Street MELBOURNE VIC 3000,-37.81738969,144.953751967,"{""census_year"":2024,""industry_code"":""4511"",""industry_description"":""Cafes and Restaurants"",""seats"":{""Seats - Indoor"":50},""total_seats"":50}",City of Melbourne,com:food:108965:509d1ddca111b3b5
food_venue,Miss Pearl Bar And Dining,Part 140 Southbank Boulevard SOUTHBANK VIC 3006,-37.82413111,144.967877726,"{""census_year"":2024,""industry_code"":""4511"",""industry_description"":""Cafes and Restaurants"",""seats"":{""Seats - Indoor"":110,""Seats - Outdoor"":32},""total_seats"":142}",City of Melbourne,com:food:620272:cd1e6e0d69fff64c
food_venue,Miss Pings Thai Eatery,Ground 37 Star Crescent DOCKLANDS VIC 3008,-37.8131707,144.937857365,"{""census_year"":2024,""industry_code"":""4511"",""industry_description"":""Cafes and Restaurants"",""seats"":{""Seats - Indoor"":32},""total_seats"":32}",City of Melbourne,com:food:620312:bc4c8e77926a1eb1
food_venue,Miss Siam Thai Cuisine,"Shop 2, 576 Collins Street MELBOURNE VIC 3000",-37.81836573,144.955424417,"{""census_year"":2024,""industry_code"":""4512"",""industry_description"":""Takeaway Food Services"",""seats"":{""Seats - Indoor"":12},""total_seats"":12}",City of Melbourne,com:food:102112:6db6d8a93c5632c3
food_venue,Mister Munro,Part 215 Little Collins Street MELBOURNE VIC 3000,-37.81447237,144.967094279,"{""census_year"":2024,""industry_code"":""4511"",""industry_description"":""Cafes and Restaurants"",""seats"":{""Seats - Indoor"":100},""total_seats"":100}",City of Melbourne,com:food:105917:d5b379e4dcbb59bc
food_venue,Misty Pot Korean Grill,43 Dryburgh Street WEST MELBOURNE VIC 3003,-37.80605115,144.942620969,"{""census_year"":2024,""industry_code"":""4511"",""industry_description"":""Cafes and Restaurants"",""seats"":{""Seats - Indoor"":20},""total_seats"":20}",City of Melbourne,com:food:102784:708c88624678628c
food_venue,Mitre Tavern,Mitre Tavern 5-9 Bank Place MELBOURNE VIC 3000,-37.81680457,144.960311186,"{""census_year"":2024,""industry_code"":""4520"",""industry_description"":""Pubs, Taverns and Bars"",""seats"":{""Seats - Indoor"":100,""Seats - Outdoor"":120},""total_seats"":220}",City of Melbourne,com:food:100727:3ae2189ad3be2cf8
food_venue,Mixity Restaurant and Cafe,Ground 171 Lygon Street CARLTON VIC 3053,-37.80165695,144.966469147,"{""census_year"":2024,""industry_code"":""4511"",""industry_description"":""Cafes and Restaurants"",""seats"":{""Seats - Indoor"":40,""Seats - Outdoor"":24},""total_seats"":64}",City of Melbourne,com:food:106102:0e598da69c83d96c
food_venue,Miyako Japanese Cuisine & Teppanyaki,"Restaurant 2, Upper Lvl 3 Southgate Avenue SOUTHBANK VIC 3006",-37.82066924,144.966262253,"{""census_year"":2024,""industry_code"":""4511"",""industry_description"":""Cafes and Restaurants"",""seats"":{""Seats - Outdoor"":40,""Seats - Indoor"":90},""total_seats"":130}",City of Melbourne,com:food:110606:28203b2adee1c9f8
food_venue,Miyama,"Shop 226, Level 2 300 Lonsdale Street MELBOURNE VIC 3000",-37.81073331,144.963018917,"{""census_year"":2024,""industry_code"":""4511"",""industry_description"":""Cafes and Restaurants"",""seats"":{""Seats - Indoor"":47},""total_seats"":47}",City of Melbourne,com:food:105746:84ca7bd5936916f3
food_venue,Miznon,59-61 Hardware Lane MELBOURNE VIC 3000,-37.81338297,144.960969734,"{""census_year"":2024,""industry_code"":""4511"",""industry_description"":""Cafes and Restaurants"",""seats"":{""Seats - Indoor"":70,""Seats - Outdoor"":30},""total_seats"":100}",City of Melbourne,com:food:104657:8576142f5f71e980
food_venue,Mjolner Melbourne,"Unit 1, 106-112 Hardware Street MELBOURNE VIC 3000",-37.81213605,144.960680424,"{""census_year"":2024,""industry_code"":""4511"",""industry_description"":""Cafes and Restaurants"",""seats"":{""Seats - Indoor"":80},""total_seats"":80}",City of Melbourne,com:food:104662:1a978ad46ca6d546
food_venue,Mms Mirchi Madras Streat,2A Waterview Walk DOCKLANDS VIC 3008,-37.81925128,144.947975341,"{""census_year"":2024,""industry_code"":""4511"",""industry_description"":""Cafes and Restaurants"",""seats"":{""Seats - Indoor"":36},""total_seats"":36}",City of Melbourne,com:food:598658:cf9ae10b9c2cbb76
food_venue,Mock Turtle Degraves,34 Degraves Street MELBOURNE VIC 3000,-37.81706291,144.965902771,"{""census_year"":2024,""industry_code"":""4511"",""industry_description"":""Cafes and Restaurants"",""seats"":{""Seats - Outdoor"":12,""Seats - Indoor"":17},""total_seats"":29}",City of Melbourne,com:food:103942:d23c394d31475c5a
food_venue,Mofo Burgers,Ground 100 Leicester Street CARLTON VIC 3053,-37.8037076,144.960858709,"{""census_year"":2024,""industry_code"":""4512"",""industry_description"":""Takeaway Food Services"",""seats"":{""Seats - Outdoor"":24,""Seats - Indoor"":37},""total_seats"":61}",City of Melbourne,com:food:105524:f655070fb5699dc9
food_venue,Mokaa,"Shop 3-4, 15 William Street MELBOURNE VIC 3000",-37.8192157,144.959187534,"{""census_year"":2024,""industry_code"":""4511"",""industry_description"":""Cafes and Restaurants"",""seats"":{""Seats - Indoor"":16},""total_seats"":16}",City of Melbourne,com:food:110091:802364b2f3d99112
food_venue,Momo / Gyoza Gyoza,Gnd & Mezz 115-117 Little Bourke Street MELBOURNE VIC 3000,-37.81158808,144.969010067,"{""census_year"":2024,""industry_code"":""4511"",""industry_description"":""Cafes and Restaurants"",""seats"":{""Seats - Indoor"":150},""total_seats"":150}",City of Melbourne,com:food:105836:1ccf2fa9d1d00296
food_venue,Momo Central,347 Little Collins Street MELBOURNE VIC 3000,-37.81554941,144.963293794,"{""census_year"":2024,""industry_code"":""4511"",""industry_description"":""Cafes and Restaurants"",""seats"":{""Seats - Outdoor"":6,""Seats - Indoor"":40},""total_seats"":46}",City of Melbourne,com:food:105929:82568a17896494d7
food_venue,Momo Central,Ground 164 Bourke Street MELBOURNE VIC 3000,-37.81247257,144.968385931,"{""census_year"":2024,""industry_code"":""4511"",""industry_description"":""Cafes and Restaurants"",""seats"":{""Seats - Indoor"":20},""total_seats"":20}",City of Melbourne,com:food:101210:034c71c32a298584
food_venue,Momo Chaa,"Shop 7, 540 Little Collins Street MELBOURNE VIC 3000",-37.81695942,144.956773974,"{""census_year"":2024,""industry_code"":""4511"",""industry_description"":""Cafes and Restaurants"",""seats"":{""Seats - Indoor"":25},""total_seats"":25}",City of Melbourne,com:food:105949:6c9ada6927d4b41f
food_venue,Momo station,"Shop 12, 115 Swanston Street MELBOURNE VIC 3000",-37.81507697,144.965777332,"{""census_year"":2024,""industry_code"":""4511"",""industry_description"":""Cafes and Restaurants"",""seats"":{""Seats - Outdoor"":18,""Seats - Indoor"":34},""total_seats"":52}",City of Melbourne,com:food:109268:e10ce91de5687a49
food_venue,Momo Sushi,660 Swanston Street CARLTON VIC 3053,-37.80099105,144.964288533,"{""census_year"":2024,""industry_code"":""4512"",""industry_description"":""Takeaway Food Services"",""seats"":{""Seats - Outdoor"":6,""Seats - Indoor"":18},""total_seats"":24}",City of Melbourne,com:food:110987:c6056e1b7212b4c3
food_venue,Momo Sushi,163 Pelham Street CARLTON VIC 3053,-37.80239893,144.961130997,"{""census_year"":2024,""industry_code"":""4512"",""industry_description"":""Takeaway Food Services"",""seats"":{""Seats - Indoor"":12},""total_seats"":12}",City of Melbourne,com:food:525989:7460317deba093ce
food_venue,Monopoly Dreams,"Shop 44A, LwrGround 300 Lonsdale Street MELBOURNE VIC 3000",-37.81073331,144.963018917,"{""census_year"":2024,""industry_code"":""9131"",""industry_description"":""Amusement Parks and Centres Operation"",""seats"":{""Seats - Indoor"":60},""total_seats"":60}",City of Melbourne,com:food:105746:5a4907dfd5edb43f
food_venue,Monster Pizza,"Shop 3, 535 Little Lonsdale Street MELBOURNE VIC 3000",-37.8134766,144.956016924,"{""census_year"":2024,""industry_code"":""4511"",""industry_description"":""Cafes and Restaurants"",""seats"":{""Seats - Indoor"":26},""total_seats"":26}",City of Melbourne,com:food:110708:f955ccfeb17ff0df
food_venue,Moody Brew Coffee Bar,"Suite 6, Ground 431 St Kilda Road MELBOURNE VIC 3004",-37.83854242,144.977193113,"{""census_year"":2024,""industry_code"":""4511"",""industry_description"":""Cafes and Restaurants"",""seats"":{""Seats - Indoor"":15,""Seats - Outdoor"":15},""total_seats"":30}",City of Melbourne,com:food:108629:e73a92cb8a13257a
food_venue,Mook Ji Bar,404-406 Lonsdale Street MELBOURNE VIC 3000,-37.81244232,144.960325405,"{""census_year"":2024,""industry_code"":""4511"",""industry_description"":""Cafes and Restaurants"",""seats"":{""Seats - Indoor"":68},""total_seats"":68}",City of Melbourne,com:food:105737:dd4a59ed78ea8ca3
food_venue,More Tea,233 Pelham Street MELBOURNE VIC 3000,-37.80219264,144.958240197,"{""census_year"":2024,""industry_code"":""4511"",""industry_description"":""Cafes and Restaurants"",""seats"":{""Seats - Indoor"":20},""total_seats"":20}",City of Melbourne,com:food:103262:e60e858ea7de3e6b
food_venue,MORENA,85 Little Collins Street MELBOURNE VIC 3000,-37.81360963,144.970722603,"{""census_year"":2024,""industry_code"":""4511"",""industry_description"":""Cafes and Restaurants"",""seats"":{""Seats - Indoor"":46},""total_seats"":46}",City of Melbourne,com:food:709873:24cb7709e5dc6494
food_venue,Mork Chocolate,20 Equitable Place MELBOURNE VIC 3000,-37.81573396,144.963454366,"{""census_year"":2024,""industry_code"":""4512"",""industry_description"":""Takeaway Food Services"",""seats"":{""Seats - Outdoor"":6},""total_seats"":6}",City of Melbourne,com:food:111206:6441d8c4cf82dfe2
food_venue,Mornin Vietnam,"Shop 1, Ground 369 Royal Parade PARKVILLE VIC 3052",-37.7849288,144.958562594,"{""census_year"":2024,""industry_code"":""4511"",""industry_description"":""Cafes and Restaurants"",""seats"":{""Seats - Indoor"":35,""Seats - Outdoor"":12},""total_seats"":47}",City of Melbourne,com:food:108505:d9faed6f03966a44
food_venue,Morris House,114-122 Exhibition Street MELBOURNE VIC 3000,-37.81285806,144.971199869,"{""census_year"":2024,""industry_code"":""4520"",""industry_description"":""Pubs, Taverns and Bars"",""seats"":{""Seats - Indoor"":250},""total_seats"":250}",City of Melbourne,com:food:103626:c09a99ab15717ee9
food_venue,Movida,"Shop 5, 1 Hosier Lane MELBOURNE VIC 3000",-37.81670922,144.96908618,"{""census_year"":2024,""industry_code"":""4511"",""industry_description"":""Cafes and Restaurants"",""seats"":{""Seats - Indoor"":70},""total_seats"":70}",City of Melbourne,com:food:104019:814ebebc0dd5473f
food_venue,MoVida Aqui,"Shop 7, 500 Bourke Street MELBOURNE VIC 3000",-37.81494883,144.95876067,"{""census_year"":2024,""industry_code"":""4511"",""industry_description"":""Cafes and Restaurants"",""seats"":{""Seats - Indoor"":100},""total_seats"":100}",City of Melbourne,com:food:101176:cd052312e2a6016f
food_venue,Movida Next Door,"Shop 3-4, 164 Flinders Street MELBOURNE VIC 3000",-37.81670922,144.96908618,"{""census_year"":2024,""industry_code"":""4511"",""industry_description"":""Cafes and Restaurants"",""seats"":{""Seats - Indoor"":30},""total_seats"":30}",City of Melbourne,com:food:104019:2d6e04b8e9f0fb04
food_venue,MQ's Secret Kitchen,"Shop G4, 163 Franklin Street MELBOURNE VIC 3000",-37.80904835,144.959575429,"{""census_year"":2024,""industry_code"":""4512"",""industry_description"":""Takeaway Food Services"",""seats"":{""Seats - Outdoor"":8,""Seats - Indoor"":20},""total_seats"":28}",City of Melbourne,com:food:104084:19a087534a2703e0
food_venue,Mr & Mrs Pickles,"Part Ground, 187 Todd Road PORT MELBOURNE VIC 3207",-37.82634273,144.910585822,"{""census_year"":2024,""industry_code"":""4511"",""industry_description"":""Cafes and Restaurants"",""seats"":{""Seats - Indoor"":16,""Seats - Outdoor"":12},""total_seats"":28}",City of Melbourne,com:food:559302:a1de924d339a51e2
food_venue,Mr Bello,Ground 55 Cardigan Street CARLTON VIC 3053,-37.80543863,144.964279069,"{""census_year"":2024,""industry_code"":""4511"",""industry_description"":""Cafes and Restaurants"",""seats"":{""Seats - Indoor"":20,""Seats - Outdoor"":24},""total_seats"":44}",City of Melbourne,com:food:101581:2aa2ec90201f9a21
food_venue,Mr Bo Restaurant,"Shop 23, 219 Little Bourke Street MELBOURNE VIC 3000",-37.81272047,144.966295166,"{""census_year"":2024,""industry_code"":""4511"",""industry_description"":""Cafes and Restaurants"",""seats"":{""Seats - Indoor"":80},""total_seats"":80}",City of Melbourne,com:food:101200:63a26bea3a25626f
food_venue,Mr Collins,"Tenancy 12, 747 Collins Street DOCKLANDS VIC 3008",-37.82089145,144.94943448,"{""census_year"":2024,""industry_code"":""4511"",""industry_description"":""Cafes and Restaurants"",""seats"":{""Seats - Outdoor"":59,""Seats - Indoor"":51},""total_seats"":110}",City of Melbourne,com:food:628714:0ef3376abc08b02c
food_venue,Mr Gonzo,Ground 28 Melrose Street NORTH MELBOURNE VIC 3051,-37.79471105,144.942131824,"{""census_year"":2024,""industry_code"":""4512"",""industry_description"":""Takeaway Food Services"",""seats"":{""Seats - Indoor"":8},""total_seats"":8}",City of Melbourne,com:food:106539:74d3fe360636501b
food_venue,Mr Grazier,Shop 4-5 Concourse 700 Bourke Street DOCKLANDS VIC 3008,-37.81733573,144.949373281,"{""census_year"":2024,""industry_code"":""4511"",""industry_description"":""Cafes and Restaurants"",""seats"":{""Seats - Indoor"":140},""total_seats"":140}",City of Melbourne,com:food:573401:76b27471dfdc1dac
food_venue,Mr Hive Kitchen & Bar,"Shop 140, Level 1 27 Whiteman Street SOUTHBANK VIC 3006",-37.82559018,144.958342688,"{""census_year"":2024,""industry_code"":""4511"",""industry_description"":""Cafes and Restaurants"",""seats"":{""Seats - Indoor"":358},""total_seats"":358}",City of Melbourne,com:food:110343:f716d34c58554cc9
food_venue,Mr Hoppers,303 Exhibition Street MELBOURNE VIC 3000,-37.80881313,144.968771771,"{""census_year"":2024,""industry_code"":""4511"",""industry_description"":""Cafes and Restaurants"",""seats"":{""Seats - Indoor"":16},""total_seats"":16}",City of Melbourne,com:food:707517:58e5d9d2f717bd14
food_venue,Mr Huang Jin,22 Katherine Place MELBOURNE VIC 3000,-37.81988483,144.956601666,"{""census_year"":2024,""industry_code"":""4511"",""industry_description"":""Cafes and Restaurants"",""seats"":{""Seats - Indoor"":34},""total_seats"":34}",City of Melbourne,com:food:103957:b9efc1a863f37062
food_venue,Mr Hugo,308 Little Lonsdale Street MELBOURNE VIC 3000,-37.81158232,144.960280316,"{""census_year"":2024,""industry_code"":""4511"",""industry_description"":""Cafes and Restaurants"",""seats"":{""Seats - Indoor"":26},""total_seats"":26}",City of Melbourne,com:food:110968:04678b5ead03ce04
food_venue,Mr Ramen San,"Shop 12A, Ground 194-200 Bourke Street MELBOURNE VIC 3000",-37.81244678,144.967282791,"{""census_year"":2024,""industry_code"":""4511"",""industry_description"":""Cafes and Restaurants"",""seats"":{""Seats - Indoor"":28},""total_seats"":28}",City of Melbourne,com:food:101204:d59dfb6e4cee283c
food_venue,Mr Ramen San 2,344 Little Bourke Street MELBOURNE VIC 3000,-37.81321386,144.962283023,"{""census_year"":2024,""industry_code"":""4511"",""industry_description"":""Cafes and Restaurants"",""seats"":{""Seats - Indoor"":28},""total_seats"":28}",City of Melbourne,com:food:103187:0bfb5c427e66257a
food_venue,Mr Summit,Ground 165 City Road SOUTHBANK VIC 3006,-37.82425012,144.962678206,"{""census_year"":2024,""industry_code"":""4511"",""industry_description"":""Cafes and Restaurants"",""seats"":{""Seats - Indoor"":19,""Seats - Outdoor"":12},""total_seats"":31}",City of Melbourne,com:food:110366:237c801a4cf1e3f0
food_venue,Mr Tall On Swanston,"Unit 101, Level 1 267 Little Lonsdale Street MELBOURNE VIC 3000",-37.81076344,144.964047258,"{""census_year"":2024,""industry_code"":""4511"",""industry_description"":""Cafes and Restaurants"",""seats"":{""Seats - Indoor"":94},""total_seats"":94}",City of Melbourne,com:food:109309:981ce4c59666682c
food_venue,Mr Tod,Basement 2-6 Parliament Place EAST MELBOURNE VIC 3002,-37.81162321,144.97574558,"{""census_year"":2024,""industry_code"":""4511"",""industry_description"":""Cafes and Restaurants"",""seats"":{""Seats - Indoor"":70,""Seats - Outdoor"":47},""total_seats"":117}",City of Melbourne,com:food:107430:017d2dd4348e7937
food_venue,Mr Tompkins,Part Basement 328 Flinders Street MELBOURNE VIC 3000,-37.8182001,144.963575985,"{""census_year"":2024,""industry_code"":""4511"",""industry_description"":""Cafes and Restaurants"",""seats"":{""Seats - Indoor"":85},""total_seats"":85}",City of Melbourne,com:food:104006:f8b8cd606a04f5e6
food_venue,Mr Tucker,17-19 Melrose Street NORTH MELBOURNE VIC 3051,-37.79501722,144.941402664,"{""census_year"":2024,""industry_code"":""4511"",""industry_description"":""Cafes and Restaurants"",""seats"":{""Seats - Indoor"":40,""Seats - Outdoor"":28},""total_seats"":68}",City of Melbourne,com:food:617402:e994e4c43a4d15ef
food_venue,Mr Tulk Cafe,Shop 304-328 Swanston Street MELBOURNE VIC 3000,-37.80976881,144.965306017,"{""census_year"":2024,""industry_code"":""4511"",""industry_description"":""Cafes and Restaurants"",""seats"":{""Seats - Indoor"":80,""Seats - Outdoor"":70},""total_seats"":150}",City of Melbourne,com:food:109388:12c59dd97e106923
food_venue,Mr.Eggette,59 Therry Street MELBOURNE VIC 3000,-37.80719768,144.960349763,"{""census_year"":2024,""industry_code"":""4512"",""industry_description"":""Takeaway Food Services"",""seats"":{""Seats - Indoor"":10},""total_seats"":10}",City of Melbourne,com:food:103293:3d425b858eb2bc03
food_venue,MR.Kitchen,8 Elizabeth Street MELBOURNE VIC 3000,-37.81763649,144.96509495,"{""census_year"":2024,""industry_code"":""4512"",""industry_description"":""Takeaway Food Services"",""seats"":{""Seats - Indoor"":6},""total_seats"":6}",City of Melbourne,com:food:103328:784c69bed54f8843
food_venue,Mrs Zan's Kitchen,"Shop 7, Ground 206 Bourke Street MELBOURNE VIC 3000",-37.81259409,144.966876772,"{""census_year"":2024,""industry_code"":""4511"",""industry_description"":""Cafes and Restaurants"",""seats"":{""Seats - Indoor"":46},""total_seats"":46}",City of Melbourne,com:food:101202:618a8ac3872833d5
food_venue,Ms Frankie Carlton,221-229 Faraday Street CARLTON VIC 3053,-37.79886072,144.966726926,"{""census_year"":2024,""industry_code"":""4511"",""industry_description"":""Cafes and Restaurants"",""seats"":{""Seats - Indoor"":150,""Seats - Outdoor"":50},""total_seats"":200}",City of Melbourne,com:food:103691:931b8b00763260fe
food_venue,Mu Noi,"Shop 6, 120 Spencer Street MELBOURNE VIC 3000",-37.81818484,144.954365839,"{""census_year"":2024,""industry_code"":""4512"",""industry_description"":""Takeaway Food Services"",""seats"":{""Seats - Indoor"":6,""Seats - Outdoor"":4},""total_seats"":10}",City of Melbourne,com:food:108968:651769f77539df56
food_venue,Mugs Alley,291 Wellington Parade South EAST MELBOURNE VIC 3002,-37.81642072,144.975927502,"{""census_year"":2024,""industry_code"":""4511"",""industry_description"":""Cafes and Restaurants"",""seats"":{""Seats - Outdoor"":22,""Seats - Indoor"":40},""total_seats"":62}",City of Melbourne,com:food:580629:85f62e8a334f4b4e
food_venue,Muli,Part 184 Rathdowne Street CARLTON VIC 3053,-37.79476659,144.971229464,"{""census_year"":2024,""industry_code"":""4511"",""industry_description"":""Cafes and Restaurants"",""seats"":{""Seats - Indoor"":20},""total_seats"":20}",City of Melbourne,com:food:576967:52d12e279536557e
food_venue,Mum Mum Asian Street Food,67 Flemington Road NORTH MELBOURNE VIC 3051,-37.79936937,144.954000416,"{""census_year"":2024,""industry_code"":""4511"",""industry_description"":""Cafes and Restaurants"",""seats"":{""Seats - Indoor"":42,""Seats - Outdoor"":8},""total_seats"":50}",City of Melbourne,com:food:103816:ee95048a1e6f8768
food_venue,Mumchan,"Shop 2, 395 Little Bourke Street MELBOURNE VIC 3000",-37.81385129,144.961204259,"{""census_year"":2024,""industry_code"":""4512"",""industry_description"":""Takeaway Food Services"",""seats"":{""Seats - Indoor"":2,""Seats - Outdoor"":3},""total_seats"":5}",City of Melbourne,com:food:105851:b2f4c6085f3975ca
food_venue,Mumuyo QV,14 QV Urban Market MELBOURNE VIC 3000,-37.810658,144.965703374,"{""census_year"":2024,""industry_code"":""4512"",""industry_description"":""Takeaway Food Services"",""seats"":{""Seats - Indoor"":5},""total_seats"":5}",City of Melbourne,com:food:589841:3c196d3836dd66b9
food_venue,Munich Brau Haus,45 South Wharf Promenade SOUTH WHARF VIC 3006,-37.82409302,144.95033362,"{""census_year"":2024,""industry_code"":""4520"",""industry_description"":""Pubs, Taverns and Bars"",""seats"":{""Seats - Outdoor"":150,""Seats - Indoor"":250},""total_seats"":400}",City of Melbourne,com:food:110988:94de42cdde06f4f6
food_venue,Musashi Ramen Restaurant,181-183 Russell Street MELBOURNE VIC 3000,-37.81222178,144.96751198,"{""census_year"":2024,""industry_code"":""4511"",""industry_description"":""Cafes and Restaurants"",""seats"":{""Seats - Indoor"":80},""total_seats"":80}",City of Melbourne,com:food:108542:1f92e5e123e1800c
food_venue,Music Room,Level 1 270 Lonsdale Street MELBOURNE VIC 3000,-37.81148546,144.96414534,"{""census_year"":2024,""industry_code"":""4520"",""industry_description"":""Pubs, Taverns and Bars"",""seats"":{""Seats - Indoor"":25},""total_seats"":25}",City of Melbourne,com:food:105748:fd5ff5a3754d243e
food_venue,My Bao Handmade Pastry,142 Dudley Street WEST MELBOURNE VIC 3003,-37.80951681,144.950604342,"{""census_year"":2024,""industry_code"":""4511"",""industry_description"":""Cafes and Restaurants"",""seats"":{""Seats - Indoor"":26},""total_seats"":26}",City of Melbourne,com:food:679272:addfc26ad6d67064
food_venue,My Dumpling Meal,471 Elizabeth Street MELBOURNE VIC 3000,-37.80794087,144.959950757,"{""census_year"":2024,""industry_code"":""4511"",""industry_description"":""Cafes and Restaurants"",""seats"":{""Seats - Outdoor"":10,""Seats - Indoor"":30},""total_seats"":40}",City of Melbourne,com:food:511518:8752e34f1c8799f5
food_venue,My Goodness Pizza,"Suite 10, 186-188 City Road SOUTHBANK VIC 3006",-37.82386991,144.961291549,"{""census_year"":2024,""industry_code"":""4512"",""industry_description"":""Takeaway Food Services"",""seats"":{""Seats - Outdoor"":30,""Seats - Indoor"":25},""total_seats"":55}",City of Melbourne,com:food:108046:bac5319fbc56e786
food_venue,My Goodness Pizzas And Burgers,637 Lonsdale Street MELBOURNE VIC 3000,-37.81537494,144.953525588,"{""census_year"":2024,""industry_code"":""4511"",""industry_description"":""Cafes and Restaurants"",""seats"":{""Seats - Indoor"":131,""Seats - Outdoor"":56},""total_seats"":187}",City of Melbourne,com:food:674546:df7fc1c6a712f46d
food_venue,My Koala Cafe,"Unit 2, 198 Harbour Esplanade DOCKLANDS VIC 3008",-37.81396231,144.944961198,"{""census_year"":2024,""industry_code"":""4511"",""industry_description"":""Cafes and Restaurants"",""seats"":{""Seats - Indoor"":10,""Seats - Outdoor"":14},""total_seats"":24}",City of Melbourne,com:food:609314:ca3ee847c79b7f67
food_venue,My Koala Restaurant And Bar,"Unit 1, 198 Harbour Esplanade DOCKLANDS VIC 3008",-37.81396231,144.944961198,"{""census_year"":2024,""industry_code"":""4511"",""industry_description"":""Cafes and Restaurants"",""seats"":{""Seats - Outdoor"":19,""Seats - Indoor"":18},""total_seats"":37}",City of Melbourne,com:food:609314:8ecc357e65b788d4
food_venue,My Lost Piece,"Shop 201T, UprGround 15 Watertank Way MELBOURNE VIC 3000",-37.81537494,144.953525588,"{""census_year"":2024,""industry_code"":""4511"",""industry_description"":""Cafes and Restaurants"",""seats"":{""Seats - Indoor"":30},""total_seats"":30}",City of Melbourne,com:food:641556:c2ef2759d6325666
food_venue,My Serendipity Cafe,Part Baker Medical Research Institute 75 Commercial Road MELBOURNE VIC 3004,-37.84633593,144.982663953,"{""census_year"":2024,""industry_code"":""4511"",""industry_description"":""Cafes and Restaurants"",""seats"":{""Seats - Outdoor"":12,""Seats - Indoor"":18},""total_seats"":30}",City of Melbourne,com:food:102178:ac449187190c45fe
food_venue,My Sushi Japanese Cafe,154 Wellington Parade EAST MELBOURNE VIC 3002,-37.81608793,144.984834136,"{""census_year"":2024,""industry_code"":""4511"",""industry_description"":""Cafes and Restaurants"",""seats"":{""Seats - Outdoor"":6,""Seats - Indoor"":22},""total_seats"":28}",City of Melbourne,com:food:109996:26fbcf90baa1ba65
food_venue,Myrtle Wine bar,Ground 15-19 Warburton Lane MELBOURNE VIC 3000,-37.81381239,144.961846215,"{""census_year"":2024,""industry_code"":""4520"",""industry_description"":""Pubs, Taverns and Bars"",""seats"":{""Seats - Indoor"":45},""total_seats"":45}",City of Melbourne,com:food:109954:b80b85220f3c81d5
food_venue,Myth Cafe,48 Rosslyn Street WEST MELBOURNE VIC 3003,-37.80739774,144.952572489,"{""census_year"":2024,""industry_code"":""4511"",""industry_description"":""Cafes and Restaurants"",""seats"":{""Seats - Outdoor"":12,""Seats - Indoor"":12},""total_seats"":24}",City of Melbourne,com:food:108443:ef5d3fb69e62d732
food_venue,Mörk Chocolate Brew House,148-150 Errol Street NORTH MELBOURNE VIC 3051,-37.80154511,144.950189192,"{""census_year"":2024,""industry_code"":""4511"",""industry_description"":""Cafes and Restaurants"",""seats"":{""Seats - Outdoor"":20,""Seats - Indoor"":20},""total_seats"":40}",City of Melbourne,com:food:103492:217ff834a1e45810
food_venue,N Lee Bakery,"Unit 2, Ground 422 Collins Street MELBOURNE VIC 3000",-37.81679183,144.959996443,"{""census_year"":2024,""industry_code"":""4511"",""industry_description"":""Cafes and Restaurants"",""seats"":{""Seats - Indoor"":20},""total_seats"":20}",City of Melbourne,com:food:102125:7177db58288ed97e
food_venue,N Lee Bakery And Cafe,"Shop 4, 61 Little Collins Street MELBOURNE VIC 3000",-37.81309819,144.971695294,"{""census_year"":2024,""industry_code"":""4511"",""industry_description"":""Cafes and Restaurants"",""seats"":{""Seats - Indoor"":18},""total_seats"":18}",City of Melbourne,com:food:105913:cfba35c4523d03ae
food_venue,Naau Cafe,276 Russell Street MELBOURNE VIC 3000,-37.80994216,144.967078664,"{""census_year"":2024,""industry_code"":""4512"",""industry_description"":""Takeaway Food Services"",""seats"":{""Seats - Indoor"":2},""total_seats"":2}",City of Melbourne,com:food:108570:7c6a156fa630f005
food_venue,Nahm Tao Thai Kitchen,348 Victoria Street NORTH MELBOURNE VIC 3051,-37.80542551,144.954763334,"{""census_year"":2024,""industry_code"":""4512"",""industry_description"":""Takeaway Food Services"",""seats"":{""Seats - Indoor"":15},""total_seats"":15}",City of Melbourne,com:food:109825:e0e131dbb1ddcaab
food_venue,Nam Loong,223 Russell Street MELBOURNE VIC 3000,-37.81140869,144.967166699,"{""census_year"":2024,""industry_code"":""4511"",""industry_description"":""Cafes and Restaurants"",""seats"":{""Seats - Indoor"":50},""total_seats"":50}",City of Melbourne,com:food:108552:a413d53c117d5331
food_venue,Namoo,Ground 163 Queen Street MELBOURNE VIC 3000,-37.81467989,144.960224297,"{""census_year"":2024,""industry_code"":""4511"",""industry_description"":""Cafes and Restaurants"",""seats"":{""Seats - Indoor"":80},""total_seats"":80}",City of Melbourne,com:food:108072:10d1d2665604685d
food_venue,Namoo Japanese Cafe,"Tenancy 1-2, Ground 567 Collins Street MELBOURNE VIC 3000",-37.81902044,144.955727469,"{""census_year"":2024,""industry_code"":""4511"",""industry_description"":""Cafes and Restaurants"",""seats"":{""Seats - Outdoor"":48,""Seats - Indoor"":10},""total_seats"":58}",City of Melbourne,com:food:579252:234106e235591c50
food_venue,Nan Yang Express Chinatown,"Shop 1, 128-130 Little Bourke Street MELBOURNE VIC 3000",-37.81098009,144.968530007,"{""census_year"":2024,""industry_code"":""4511"",""industry_description"":""Cafes and Restaurants"",""seats"":{""Seats - Indoor"":36},""total_seats"":36}",City of Melbourne,com:food:105679:d4a77ecfed450ad2
food_venue,Nana Thai Style Hotpot & Bbq,Ground 169 Bourke Street MELBOURNE VIC 3000,-37.81294598,144.968563153,"{""census_year"":2024,""industry_code"":""4511"",""industry_description"":""Cafes and Restaurants"",""seats"":{""Seats - Indoor"":63},""total_seats"":63}",City of Melbourne,com:food:101124:caab1256f2466d26
food_venue,Nando's,Ground 27-29 Elizabeth Street MELBOURNE VIC 3000,-37.81754523,144.964368397,"{""census_year"":2024,""industry_code"":""4511"",""industry_description"":""Cafes and Restaurants"",""seats"":{""Seats - Indoor"":40},""total_seats"":40}",City of Melbourne,com:food:103171:a2d4ad00372090ba
food_venue,Nando's,Ground 1 Star Circus DOCKLANDS VIC 3008,-37.8131707,144.937857365,"{""census_year"":2024,""industry_code"":""4511"",""industry_description"":""Cafes and Restaurants"",""seats"":{""Seats - Indoor"":35,""Seats - Outdoor"":50},""total_seats"":85}",City of Melbourne,com:food:620313:4ef3f74c80a887c8
food_venue,Nando's Bourke Place,"Shop 16, LwrGround 600 Bourke Street MELBOURNE VIC 3000",-37.81571392,144.95610726,"{""census_year"":2024,""industry_code"":""4511"",""industry_description"":""Cafes and Restaurants"",""seats"":{""Seats - Outdoor"":39,""Seats - Indoor"":46},""total_seats"":85}",City of Melbourne,com:food:101172:068fce78bec4e7e2
food_venue,Nando's Bourke Street,Ground 79 Bourke Street MELBOURNE VIC 3000,-37.81217956,144.97104042,"{""census_year"":2024,""industry_code"":""4511"",""industry_description"":""Cafes and Restaurants"",""seats"":{""Seats - Indoor"":110},""total_seats"":110}",City of Melbourne,com:food:101116:6d89f61f0fa4d4c7
food_venue,Nando's Chevron,17 Commercial Road MELBOURNE VIC 3004,-37.8455379,144.979819038,"{""census_year"":2024,""industry_code"":""4511"",""industry_description"":""Cafes and Restaurants"",""seats"":{""Seats - Indoor"":12,""Seats - Outdoor"":20},""total_seats"":32}",City of Melbourne,com:food:108646:70e11d58530f0999
food_venue,Nar Bangkok,"Shop 2, 391 St Kilda Road MELBOURNE VIC 3004",-37.83548357,144.975719407,"{""census_year"":2024,""industry_code"":""4511"",""industry_description"":""Cafes and Restaurants"",""seats"":{""Seats - Outdoor"":13,""Seats - Indoor"":48},""total_seats"":61}",City of Melbourne,com:food:108620:462e435b5b45f699
food_venue,Nasi Lemak House,115 Grattan Street CARLTON VIC 3053,-37.80080712,144.965684071,"{""census_year"":2024,""industry_code"":""4512"",""industry_description"":""Takeaway Food Services"",""seats"":{""Seats - Indoor"":12,""Seats - Outdoor"":16},""total_seats"":28}",City of Melbourne,com:food:559024:d9a33e73ae72c546
food_venue,Natural History Bar & Grill,Part Ground 401 Collins Street MELBOURNE VIC 3000,-37.81739636,144.961222873,"{""census_year"":2024,""industry_code"":""4511"",""industry_description"":""Cafes and Restaurants"",""seats"":{""Seats - Indoor"":150},""total_seats"":150}",City of Melbourne,com:food:102095:644f0dd290520510
food_venue,Naughton's Parkville Hotel,Naughtons Hotel 43-49 Royal Parade PARKVILLE VIC 3052,-37.7955418,144.957534505,"{""census_year"":2024,""industry_code"":""4520"",""industry_description"":""Pubs, Taverns and Bars"",""seats"":{""Seats - Indoor"":329,""Seats - Outdoor"":70},""total_seats"":399}",City of Melbourne,com:food:108456:bd7ba36fa41e8e68
food_venue,Nefes,174-178 Lygon Street CARLTON VIC 3053,-37.80305855,144.966780013,"{""census_year"":2024,""industry_code"":""4511"",""industry_description"":""Cafes and Restaurants"",""seats"":{""Seats - Outdoor"":40,""Seats - Indoor"":100},""total_seats"":140}",City of Melbourne,com:food:106240:2de56090aea4ccb8
food_venue,Nelayan Indonesian Restaurant,195 Lonsdale Street MELBOURNE VIC 3000,-37.81126839,144.966630476,"{""census_year"":2024,""industry_code"":""4511"",""industry_description"":""Cafes and Restaurants"",""seats"":{""Seats - Indoor"":130},""total_seats"":130}",City of Melbourne,com:food:105687:723b73df7e9f25af
food_venue,Nelayan Indonesian Restaurant,265-267 Swanston Street MELBOURNE VIC 3000,-37.81201045,144.964602088,"{""census_year"":2024,""industry_code"":""4511"",""industry_description"":""Cafes and Restaurants"",""seats"":{""Seats - Indoor"":62},""total_seats"":62}",City of Melbourne,com:food:109297:e83ae3d11cc882d9
food_venue,Nene Chicken,"Shop S2, 410 Elizabeth Street MELBOURNE VIC 3000",-37.80894909,144.961157281,"{""census_year"":2024,""industry_code"":""4511"",""industry_description"":""Cafes and Restaurants"",""seats"":{""Seats - Indoor"":18},""total_seats"":18}",City of Melbourne,com:food:103303:dfc2518ab81fa027
food_venue,Nene Chicken,"Shop E, Ground 700 Swanston Street CARLTON VIC 3053",-37.7999972,144.96482819,"{""census_year"":2024,""industry_code"":""4512"",""industry_description"":""Takeaway Food Services"",""seats"":{""Seats - Indoor"":8},""total_seats"":8}",City of Melbourne,com:food:104469:e937e0799d5aac6c
food_venue,Nene Chicken Melbourne Central,"Shop 147, Level 1 300 Lonsdale Street MELBOURNE VIC 3000",-37.81073331,144.963018917,"{""census_year"":2024,""industry_code"":""4512"",""industry_description"":""Takeaway Food Services"",""seats"":{""Seats - Outdoor"":6},""total_seats"":6}",City of Melbourne,com:food:105746:a046e8a0a4e13bb0
food_venue,New Bakerhouse And Coffee,506 Macaulay Road KENSINGTON VIC 3031,-37.79409415,144.929315278,"{""census_year"":2024,""industry_code"":""1174"",""industry_description"":""Bakery Product Manufacturing (Non-factory based)"",""seats"":{""Seats - Indoor"":20,""Seats - Outdoor"":6},""total_seats"":26}",City of Melbourne,com:food:615952:bc37ba55eae28a6a
food_venue,New Kum Den,108 Little Lonsdale Street MELBOURNE VIC 3000,-37.80913993,144.968446286,"{""census_year"":2024,""industry_code"":""4511"",""industry_description"":""Cafes and Restaurants"",""seats"":{""Seats - Indoor"":49},""total_seats"":49}",City of Melbourne,com:food:106056:cd6b8801905e6b69
food_venue,New Lanna Thai,65 Flemington Road NORTH MELBOURNE VIC 3051,-37.79936937,144.954000416,"{""census_year"":2024,""industry_code"":""4511"",""industry_description"":""Cafes and Restaurants"",""seats"":{""Seats - Indoor"":60,""Seats - Outdoor"":8},""total_seats"":68}",City of Melbourne,com:food:103816:e99c31c1253c011d
food_venue,New Shanghai,"Shop 302, Level 3 300 Lonsdale Street MELBOURNE VIC 3000",-37.81073331,144.963018917,"{""census_year"":2024,""industry_code"":""4511"",""industry_description"":""Cafes and Restaurants"",""seats"":{""Seats - Indoor"":95},""total_seats"":95}",City of Melbourne,com:food:105746:58d1fffda27bc039
food_venue,New York Minute,"Shop 1-2, 170 Flinders Street MELBOURNE VIC 3000",-37.81670922,144.96908618,"{""census_year"":2024,""industry_code"":""4511"",""industry_description"":""Cafes and Restaurants"",""seats"":{""Seats - Indoor"":58},""total_seats"":58}",City of Melbourne,com:food:104019:2b79f1785aa48262
food_venue,Newquay Buffet and Bar,4-6 Newquay Promenade DOCKLANDS VIC 3008,-37.81389099,144.943683537,"{""census_year"":2024,""industry_code"":""4511"",""industry_description"":""Cafes and Restaurants"",""seats"":{""Seats - Indoor"":130,""Seats - Outdoor"":68},""total_seats"":198}",City of Melbourne,com:food:584059:2a035f06d4f50f0e
food_venue,NGV Cafe,"Tenancy 3B, Ian Potter Centre: NGV Australia Federation Square 2 Swanston Street MELBOURNE VIC 3000",-37.81784465,144.969917465,"{""census_year"":2024,""industry_code"":""4511"",""industry_description"":""Cafes and Restaurants"",""seats"":{""Seats - Indoor"":80},""total_seats"":80}",City of Melbourne,com:food:578320:80fdfe6e06aba52d
food_venue,Nick & Nora's,11 Benson Walk MELBOURNE VIC 3000,-37.81360963,144.970722603,"{""census_year"":2024,""industry_code"":""4520"",""industry_description"":""Pubs, Taverns and Bars"",""seats"":{""Seats - Indoor"":240},""total_seats"":240}",City of Melbourne,com:food:709873:f9fcb59c57f1f58f
food_venue,Nico's Sandwich Deli,"Shop K, 535 Little Lonsdale Street MELBOURNE VIC 3000",-37.8134766,144.956016924,"{""census_year"":2024,""industry_code"":""4512"",""industry_description"":""Takeaway Food Services"",""seats"":{""Seats - Outdoor"":10},""total_seats"":10}",City of Melbourne,com:food:110708:6712bde4734d72fe
food_venue,Niku Ou,"Shop 9-10, UprGround 108 Bourke Street MELBOURNE VIC 3000",-37.81170307,144.969777753,"{""census_year"":2024,""industry_code"":""4511"",""industry_description"":""Cafes and Restaurants"",""seats"":{""Seats - Indoor"":70},""total_seats"":70}",City of Melbourne,com:food:101219:01fa6ea71c61beea
food_venue,Niku Shiki,"Shop 70, Ground 300 Lonsdale Street MELBOURNE VIC 3000",-37.81073331,144.963018917,"{""census_year"":2024,""industry_code"":""4511"",""industry_description"":""Cafes and Restaurants"",""seats"":{""Seats - Indoor"":50},""total_seats"":50}",City of Melbourne,com:food:105746:085f3acc345dd7ab
food_venue,Nimbo Pty Ltd,119 Hardware Street MELBOURNE VIC 3000,-37.81210735,144.960393602,"{""census_year"":2024,""industry_code"":""4511"",""industry_description"":""Cafes and Restaurants"",""seats"":{""Seats - Outdoor"":6,""Seats - Indoor"":14},""total_seats"":20}",City of Melbourne,com:food:104661:5fbb770859ca2f71
food_venue,Nine Elephants Thai Restaurant,Part Ground 737 Bourke Street DOCKLANDS VIC 3008,-37.81914692,144.948951865,"{""census_year"":2024,""industry_code"":""4511"",""industry_description"":""Cafes and Restaurants"",""seats"":{""Seats - Outdoor"":36,""Seats - Indoor"":32},""total_seats"":68}",City of Melbourne,com:food:609487:63c17f50d0a75e41
food_venue,Nisa's Thai Street Food,491-493 Swanston Street MELBOURNE VIC 3000,-37.80728963,144.962090701,"{""census_year"":2024,""industry_code"":""4511"",""industry_description"":""Cafes and Restaurants"",""seats"":{""Seats - Outdoor"":14,""Seats - Indoor"":98},""total_seats"":112}",City of Melbourne,com:food:604778:bb74c43b383eeb06
food_venue,Nite Buns,"Shop 2, 128-130 Little Bourke Street MELBOURNE VIC 3000",-37.81098009,144.968530007,"{""census_year"":2024,""industry_code"":""4512"",""industry_description"":""Takeaway Food Services"",""seats"":{""Seats - Indoor"":8},""total_seats"":8}",City of Melbourne,com:food:105679:654ed7e816e2bd06
food_venue,No 100,"Shop 5D, 100 Flinders Lane MELBOURNE VIC 3000",-37.81492031,144.970749785,"{""census_year"":2024,""industry_code"":""4520"",""industry_description"":""Pubs, Taverns and Bars"",""seats"":{""Seats - Outdoor"":8,""Seats - Indoor"":50},""total_seats"":58}",City of Melbourne,com:food:102067:a50ca5026e1484b7
food_venue,No 179 Domain,179 Domain Road SOUTH YARRA VIC 3141,-37.83431435,144.982036345,"{""census_year"":2024,""industry_code"":""4511"",""industry_description"":""Cafes and Restaurants"",""seats"":{""Seats - Outdoor"":8,""Seats - Indoor"":21},""total_seats"":29}",City of Melbourne,com:food:102505:e4b4f6419251fdc7
food_venue,No Vacancy,34-40 Jane Bell Lane MELBOURNE VIC 3000,-37.810658,144.965703374,"{""census_year"":2024,""industry_code"":""4279"",""industry_description"":""Other Store-Based Retailing n.e.c."",""seats"":{""Seats - Indoor"":40},""total_seats"":40}",City of Melbourne,com:food:589841:2611501384ebff26
food_venue,No. 1 Spicy Hot Pot,"Shop 1, 31 A'Beckett Street MELBOURNE VIC 3000",-37.80894099,144.962610056,"{""census_year"":2024,""industry_code"":""4511"",""industry_description"":""Cafes and Restaurants"",""seats"":{""Seats - Indoor"":22},""total_seats"":22}",City of Melbourne,com:food:500323:0273309f5cce7d1a
food_venue,No22 Cafe,2 Oliver Lane MELBOURNE VIC 3000,-37.81637277,144.970336659,"{""census_year"":2024,""industry_code"":""4512"",""industry_description"":""Takeaway Food Services"",""seats"":{""Seats - Indoor"":15},""total_seats"":15}",City of Melbourne,com:food:104022:a218a0d47c3cf030
food_venue,No35,Part Level 35 35 Collins Street MELBOURNE VIC 3000,-37.81430615,144.972628037,"{""census_year"":2024,""industry_code"":""4511"",""industry_description"":""Cafes and Restaurants"",""seats"":{""Seats - Indoor"":200},""total_seats"":200}",City of Melbourne,com:food:102061:c6f3efc3e507bf76
food_venue,Nobu,"Shop 6, Ground 8 Whiteman Street SOUTHBANK VIC 3006",-37.82312164,144.958660189,"{""census_year"":2024,""industry_code"":""4511"",""industry_description"":""Cafes and Restaurants"",""seats"":{""Seats - Indoor"":160},""total_seats"":160}",City of Melbourne,com:food:111175:eba063e95d125bbb
food_venue,Nola,Level 1 56 Hardware Lane MELBOURNE VIC 3000,-37.81339488,144.961262261,"{""census_year"":2024,""industry_code"":""4513"",""industry_description"":""Catering Services"",""seats"":{""Seats - Indoor"":50},""total_seats"":50}",City of Melbourne,com:food:104669:3bc488f14f89dbca
food_venue,Nomad,"Unit 1, LwrGround 187 Flinders Lane MELBOURNE VIC 3000",-37.81635789,144.96837507,"{""census_year"":2024,""industry_code"":""4511"",""industry_description"":""Cafes and Restaurants"",""seats"":{""Seats - Indoor"":130},""total_seats"":130}",City of Melbourne,com:food:103938:ace72f2cbe171037
food_venue,Noodle & Bbq,309 Exhibition Street MELBOURNE VIC 3000,-37.80874125,144.968724374,"{""census_year"":2024,""industry_code"":""4511"",""industry_description"":""Cafes and Restaurants"",""seats"":{""Seats - Indoor"":28},""total_seats"":28}",City of Melbourne,com:food:103613:2b1d4dbbc9ad3680
food_venue,Noodle Plus,165 Lonsdale Street MELBOURNE VIC 3000,-37.81098272,144.967644342,"{""census_year"":2024,""industry_code"":""4511"",""industry_description"":""Cafes and Restaurants"",""seats"":{""Seats - Indoor"":36},""total_seats"":36}",City of Melbourne,com:food:108581:42b2e6fe02be657e
food_venue,Noodle Villa,279-281 Elizabeth Street MELBOURNE VIC 3000,-37.81212877,144.961762525,"{""census_year"":2024,""industry_code"":""4511"",""industry_description"":""Cafes and Restaurants"",""seats"":{""Seats - Indoor"":84},""total_seats"":84}",City of Melbourne,com:food:105743:27de82c7971b4183
food_venue,Norsiah's Kitchen,"Tenancy 101D, 604 Swanston Street CARLTON VIC 3053",-37.80188571,144.96431186,"{""census_year"":2024,""industry_code"":""4511"",""industry_description"":""Cafes and Restaurants"",""seats"":{""Seats - Outdoor"":12,""Seats - Indoor"":20},""total_seats"":32}",City of Melbourne,com:food:581508:505c33484892d7e1
food_venue,North End Deli,257 Macaulay Road NORTH MELBOURNE VIC 3051,-37.79557662,144.938197912,"{""census_year"":2024,""industry_code"":""4511"",""industry_description"":""Cafes and Restaurants"",""seats"":{""Seats - Outdoor"":8,""Seats - Indoor"":15},""total_seats"":23}",City of Melbourne,com:food:106299:996406d03a797941
food_venue,North Melbourne Fish & Chips,38 Haines Street NORTH MELBOURNE VIC 3051,-37.79823272,144.946696441,"{""census_year"":2024,""industry_code"":""4512"",""industry_description"":""Takeaway Food Services"",""seats"":{""Seats - Indoor"":7},""total_seats"":7}",City of Melbourne,com:food:104588:c46a0905a89c214e
food_venue,North Melbourne Takeaway,95 Dryburgh Street NORTH MELBOURNE VIC 3051,-37.80428921,144.942910523,"{""census_year"":2024,""industry_code"":""4512"",""industry_description"":""Takeaway Food Services"",""seats"":{""Seats - Indoor"":7,""Seats - Outdoor"":4},""total_seats"":11}",City of Melbourne,com:food:102788:cdcc76bc0ef36e6b
food_venue,Northeast China Family,302 Flinders Lane MELBOURNE VIC 3000,-37.81719967,144.963897021,"{""census_year"":2024,""industry_code"":""4511"",""industry_description"":""Cafes and Restaurants"",""seats"":{""Seats - Indoor"":124},""total_seats"":124}",City of Melbourne,com:food:110765:ff1362dae9d07287
food_venue,Nosh,352 Little Collins Street MELBOURNE VIC 3000,-37.81491502,144.962944195,"{""census_year"":2024,""industry_code"":""4511"",""industry_description"":""Cafes and Restaurants"",""seats"":{""Seats - Indoor"":30},""total_seats"":30}",City of Melbourne,com:food:597186:6d51a621009f281b
food_venue,Nosh,"Shop 233A, Level 2 300 Lonsdale Street MELBOURNE VIC 3000",-37.81073331,144.963018917,"{""census_year"":2024,""industry_code"":""4511"",""industry_description"":""Cafes and Restaurants"",""seats"":{""Seats - Indoor"":34},""total_seats"":34}",City of Melbourne,com:food:105746:6f19af0183a06ae3
food_venue,Noulboo Korean chicken & pork,551 Flinders Street MELBOURNE VIC 3000,-37.82099397,144.956518441,"{""census_year"":2024,""industry_code"":""4511"",""industry_description"":""Cafes and Restaurants"",""seats"":{""Seats - Indoor"":46},""total_seats"":46}",City of Melbourne,com:food:611394:33806b114e79188b
food_venue,Nourish-D,"Tenancy 1, 859 Collins Street DOCKLANDS VIC 3008",-37.82163103,144.943933222,"{""census_year"":2024,""industry_code"":""4511"",""industry_description"":""Cafes and Restaurants"",""seats"":{""Seats - Indoor"":55,""Seats - Outdoor"":12},""total_seats"":67}",City of Melbourne,com:food:667598:e2ac8697b5669dbe
food_venue,Novotel Melbourne On Collins / Lane Restaurant,270 Collins Street MELBOURNE VIC 3000,-37.81536587,144.964899835,"{""census_year"":2024,""industry_code"":""4400"",""industry_description"":""Accommodation"",""seats"":{""Seats - Indoor"":180},""total_seats"":180}",City of Melbourne,com:food:102143:2dbaeed6e8f36559
food_venue,Novotel Melbourne South Wharf,Novotel Melbourne South Wharf Hotel 7 Convention Centre Place SOUTH WHARF VIC 3006,-37.82539976,144.952378154,"{""census_year"":2024,""industry_code"":""4400"",""industry_description"":""Accommodation"",""seats"":{""Seats - Indoor"":100},""total_seats"":100}",City of Melbourne,com:food:692410:bd44c982815b6c58
food_venue,Number 12,Part 530 Little Bourke Street MELBOURNE VIC 3000,-37.8146364,144.95704074,"{""census_year"":2024,""industry_code"":""4511"",""industry_description"":""Cafes and Restaurants"",""seats"":{""Seats - Indoor"":70},""total_seats"":70}",City of Melbourne,com:food:110099:e14d9ca9912d2f6a
food_venue,Nuttea,"Tenancy 78, Ground 360 Elizabeth Street MELBOURNE VIC 3000",-37.81084464,144.962061274,"{""census_year"":2024,""industry_code"":""4512"",""industry_description"":""Takeaway Food Services"",""seats"":{""Seats - Indoor"":4},""total_seats"":4}",City of Melbourne,com:food:103311:d36aab7ff4842167
food_venue,O'Porto,99 Lygon Street CARLTON VIC 3053,-37.80449163,144.965974373,"{""census_year"":2024,""industry_code"":""4511"",""industry_description"":""Cafes and Restaurants"",""seats"":{""Seats - Indoor"":25},""total_seats"":25}",City of Melbourne,com:food:106084:80a0a37be2a00645
food_venue,O-Bento,Part Ground 737 Bourke Street DOCKLANDS VIC 3008,-37.81914692,144.948951865,"{""census_year"":2024,""industry_code"":""4511"",""industry_description"":""Cafes and Restaurants"",""seats"":{""Seats - Outdoor"":20,""Seats - Indoor"":62},""total_seats"":82}",City of Melbourne,com:food:609487:e0b0f3105f3dddeb
food_venue,O-Bento,"Shop 8, 838 Collins Street DOCKLANDS VIC 3008",-37.82100111,144.945046845,"{""census_year"":2024,""industry_code"":""4511"",""industry_description"":""Cafes and Restaurants"",""seats"":{""Seats - Outdoor"":26,""Seats - Indoor"":78},""total_seats"":104}",City of Melbourne,com:food:622439:fffbad3b9553bcaa
food_venue,O-Bento,"Tenancy 8, 1 Fulham Place MELBOURNE VIC 3000",-37.81722704,144.962788805,"{""census_year"":2024,""industry_code"":""4511"",""industry_description"":""Cafes and Restaurants"",""seats"":{""Seats - Indoor"":60,""Seats - Outdoor"":8},""total_seats"":68}",City of Melbourne,com:food:102091:e6f56015988cf7d8
food_venue,Oak and Vine,"Unit 1R-2R, Ground 60 Market Street MELBOURNE VIC 3000",-37.81778076,144.960828266,"{""census_year"":2024,""industry_code"":""4511"",""industry_description"":""Cafes and Restaurants"",""seats"":{""Seats - Indoor"":188},""total_seats"":188}",City of Melbourne,com:food:106436:d76e914349a52060
food_venue,OAKS ON COLLINS,Levels 1 & 5-18 480 Collins Street MELBOURNE VIC 3000,-37.8176551,144.957951414,"{""census_year"":2024,""industry_code"":""4400"",""industry_description"":""Accommodation"",""seats"":{""Seats - Indoor"":80},""total_seats"":80}",City of Melbourne,com:food:102118:5dde487e48273906
food_venue,Oh Banh Mi,34 Equitable Place MELBOURNE VIC 3000,-37.81554941,144.963293794,"{""census_year"":2024,""industry_code"":""4512"",""industry_description"":""Takeaway Food Services"",""seats"":{""Seats - Indoor"":2,""Seats - Outdoor"":8},""total_seats"":10}",City of Melbourne,com:food:105929:3cd4cc5eb87b5914
food_venue,Oh Dumplings,Part 530 Little Bourke Street MELBOURNE VIC 3000,-37.8146364,144.95704074,"{""census_year"":2024,""industry_code"":""4511"",""industry_description"":""Cafes and Restaurants"",""seats"":{""Seats - Indoor"":40},""total_seats"":40}",City of Melbourne,com:food:110099:15b37e656d0f078f
food_venue,Oh! Pho,"Shop 5, 35 Elizabeth Street MELBOURNE VIC 3000",-37.81741877,144.964331538,"{""census_year"":2024,""industry_code"":""4511"",""industry_description"":""Cafes and Restaurants"",""seats"":{""Seats - Indoor"":73},""total_seats"":73}",City of Melbourne,com:food:103172:68089165b1111233
food_venue,Ohgam,141 Lonsdale Street MELBOURNE VIC 3000,-37.81079362,144.968260016,"{""census_year"":2024,""industry_code"":""4511"",""industry_description"":""Cafes and Restaurants"",""seats"":{""Seats - Indoor"":56},""total_seats"":56}",City of Melbourne,com:food:105680:8afe539a553f5ef3
food_venue,Ojika Japanese,6 Centre Place MELBOURNE VIC 3000,-37.8166033,144.965596537,"{""census_year"":2024,""industry_code"":""4511"",""industry_description"":""Cafes and Restaurants"",""seats"":{""Seats - Outdoor"":4,""Seats - Indoor"":18},""total_seats"":22}",City of Melbourne,com:food:101789:83530c53797f9e6c
food_venue,Okey Dokey Dessert,236 Little Bourke Street MELBOURNE VIC 3000,-37.81223642,144.965827995,"{""census_year"":2024,""industry_code"":""4512"",""industry_description"":""Takeaway Food Services"",""seats"":{""Seats - Indoor"":8},""total_seats"":8}",City of Melbourne,com:food:520596:5c6c50f11d564e91
food_venue,Okra Sri Lankan Cuisine,166 Rathdowne Street CARLTON VIC 3053,-37.79543507,144.971140453,"{""census_year"":2024,""industry_code"":""4511"",""industry_description"":""Cafes and Restaurants"",""seats"":{""Seats - Indoor"":20,""Seats - Outdoor"":20},""total_seats"":40}",City of Melbourne,com:food:108234:74532f9cbe9a943b
food_venue,Old Beijing,31-37 Artemis Lane MELBOURNE VIC 3000,-37.810658,144.965703374,"{""census_year"":2024,""industry_code"":""4511"",""industry_description"":""Cafes and Restaurants"",""seats"":{""Seats - Indoor"":220},""total_seats"":220}",City of Melbourne,com:food:589841:4e383d72eaab4d97
food_venue,Old Durbar Flinders,294 Flinders Street MELBOURNE VIC 3000,-37.81807489,144.964353676,"{""census_year"":2024,""industry_code"":""4511"",""industry_description"":""Cafes and Restaurants"",""seats"":{""Seats - Indoor"":87},""total_seats"":87}",City of Melbourne,com:food:104008:13142a610e1ff5e6
food_venue,Old Man Pho,19-21 QV Urban Market MELBOURNE VIC 3000,-37.810658,144.965703374,"{""census_year"":2024,""industry_code"":""4511"",""industry_description"":""Cafes and Restaurants"",""seats"":{""Seats - Indoor"":45},""total_seats"":45}",City of Melbourne,com:food:589841:22a4ad278274d4f1
food_venue,Old Man Pho,"Tenancy 83, Ground 360 Elizabeth Street MELBOURNE VIC 3000",-37.81084464,144.962061274,"{""census_year"":2024,""industry_code"":""4511"",""industry_description"":""Cafes and Restaurants"",""seats"":{""Seats - Indoor"":16,""Seats - Outdoor"":4},""total_seats"":20}",City of Melbourne,com:food:103311:a39782cf345dde5e
food_venue,Old Man Pho,Part Rear Ground 1 Southbank Boulevard SOUTHBANK VIC 3006,-37.82104029,144.962891358,"{""census_year"":2024,""industry_code"":""4511"",""industry_description"":""Cafes and Restaurants"",""seats"":{""Seats - Outdoor"":12,""Seats - Indoor"":18},""total_seats"":30}",City of Melbourne,com:food:110335:4b270e7414a65f9e
food_venue,Old Man Pho,Shop G02 4 Star Circus DOCKLANDS VIC 3008,-37.8131707,144.937857365,"{""census_year"":2024,""industry_code"":""4511"",""industry_description"":""Cafes and Restaurants"",""seats"":{""Seats - Outdoor"":36,""Seats - Indoor"":10},""total_seats"":46}",City of Melbourne,com:food:620314:3a8ed866145f8442
food_venue,Old Man Pho,Shop LG33 287 Lonsdale Street MELBOURNE VIC 3000,-37.81245199,144.963838585,"{""census_year"":2024,""industry_code"":""4511"",""industry_description"":""Cafes and Restaurants"",""seats"":{""Seats - Indoor"":46},""total_seats"":46}",City of Melbourne,com:food:105698:b3e5f8170d5487bf
food_venue,Old shanghai,"Shop 146, Level 1 300 Lonsdale Street MELBOURNE VIC 3000",-37.81073331,144.963018917,"{""census_year"":2024,""industry_code"":""4512"",""industry_description"":""Takeaway Food Services"",""seats"":{""Seats - Indoor"":4},""total_seats"":4}",City of Melbourne,com:food:105746:dc7e2673453a8134
food_venue,Old street hunan restaurant,"Shop 3-5, Ground 194-200 Bourke Street MELBOURNE VIC 3000",-37.81244678,144.967282791,"{""census_year"":2024,""industry_code"":""4511"",""industry_description"":""Cafes and Restaurants"",""seats"":{""Seats - Outdoor"":50},""total_seats"":50}",City of Melbourne,com:food:101204:a01042eb46c11774
food_venue,Oli & Levi,20 Coromandel Place MELBOURNE VIC 3000,-37.81302823,144.969254282,"{""census_year"":2024,""industry_code"":""4511"",""industry_description"":""Cafes and Restaurants"",""seats"":{""Seats - Indoor"":15},""total_seats"":15}",City of Melbourne,com:food:102197:3873e337a4c1e348
food_venue,Oli & Levi,"Shop 8A, LwrGround 600 Bourke Street MELBOURNE VIC 3000",-37.81571392,144.95610726,"{""census_year"":2024,""industry_code"":""4512"",""industry_description"":""Takeaway Food Services"",""seats"":{""Seats - Outdoor"":12},""total_seats"":12}",City of Melbourne,com:food:101172:bea8b12f777d75f3
food_venue,Olmate’s Southbank,Ground 20 Kavanagh Street SOUTHBANK VIC 3006,-37.82280752,144.965827262,"{""census_year"":2024,""industry_code"":""4511"",""industry_description"":""Cafes and Restaurants"",""seats"":{""Seats - Indoor"":10,""Seats - Outdoor"":12},""total_seats"":22}",City of Melbourne,com:food:110417:d23af4dbec0d905b
food_venue,Om Vegetarian,"Shop 2, Ground 227 Collins Street MELBOURNE VIC 3000",-37.81584476,144.966330378,"{""census_year"":2024,""industry_code"":""4511"",""industry_description"":""Cafes and Restaurants"",""seats"":{""Seats - Indoor"":17},""total_seats"":17}",City of Melbourne,com:food:102079:5a923f8dd8ab9a5a
food_venue,Ombra,76 Bourke Street MELBOURNE VIC 3000,-37.81170263,144.97094423,"{""census_year"":2024,""industry_code"":""4511"",""industry_description"":""Cafes and Restaurants"",""seats"":{""Seats - Indoor"":75,""Seats - Outdoor"":11},""total_seats"":86}",City of Melbourne,com:food:101225:977dbb5b030ab760
food_venue,Omi Melbourne Central,"Shop 149, Level 1 300 Lonsdale Street MELBOURNE VIC 3000",-37.81073331,144.963018917,"{""census_year"":2024,""industry_code"":""4511"",""industry_description"":""Cafes and Restaurants"",""seats"":{""Seats - Outdoor"":12,""Seats - Indoor"":8},""total_seats"":20}",City of Melbourne,com:food:105746:4622ddd8958aecc1
food_venue,Omo,18 Merriman Lane MELBOURNE VIC 3000,-37.81421045,144.953922371,"{""census_year"":2024,""industry_code"":""4511"",""industry_description"":""Cafes and Restaurants"",""seats"":{""Seats - Indoor"":32},""total_seats"":32}",City of Melbourne,com:food:105719:333a5d5d281e87f7
food_venue,On The Third Day,288-294 Macaulay Road NORTH MELBOURNE VIC 3051,-37.79486104,144.936688605,"{""census_year"":2024,""industry_code"":""6712"",""industry_description"":""Non-Residential Property Operators"",""seats"":{""Seats - Indoor"":300},""total_seats"":300}",City of Melbourne,com:food:617411:79cf7a52185fd289
food_venue,Ondo,115 Little Lonsdale Street MELBOURNE VIC 3000,-37.80946989,144.968603181,"{""census_year"":2024,""industry_code"":""4512"",""industry_description"":""Takeaway Food Services"",""seats"":{""Seats - Indoor"":10},""total_seats"":10}",City of Melbourne,com:food:106006:b4ae8080574bf011
food_venue,Onigiri Kitchen And Sake Bar,15 Little Collins Street MELBOURNE VIC 3000,-37.81260038,144.973183613,"{""census_year"":2024,""industry_code"":""4511"",""industry_description"":""Cafes and Restaurants"",""seats"":{""Seats - Outdoor"":12,""Seats - Indoor"":14},""total_seats"":26}",City of Melbourne,com:food:108982:268af7dc03e5e1fb
food_venue,Onigiri Two Go,5 Little Collins Street MELBOURNE VIC 3000,-37.81260038,144.973183613,"{""census_year"":2024,""industry_code"":""4512"",""industry_description"":""Takeaway Food Services"",""seats"":{""Seats - Indoor"":6,""Seats - Outdoor"":8},""total_seats"":14}",City of Melbourne,com:food:108982:f27b9d364a1bd738
food_venue,Onsen Donburi,609 Lonsdale Street MELBOURNE VIC 3000,-37.81498784,144.954249339,"{""census_year"":2024,""industry_code"":""4511"",""industry_description"":""Cafes and Restaurants"",""seats"":{""Seats - Indoor"":30},""total_seats"":30}",City of Melbourne,com:food:105717:96b497da211ed0cb
food_venue,Ootoro,"Unit 3, 1 Phillip Court PORT MELBOURNE VIC 3207",-37.82600955,144.920988022,"{""census_year"":2024,""industry_code"":""4511"",""industry_description"":""Cafes and Restaurants"",""seats"":{""Seats - Indoor"":24,""Seats - Outdoor"":30},""total_seats"":54}",City of Melbourne,com:food:602733:6032dfe1118b7ae7
food_venue,Operator 25,"Unit 3, Ground 25 Wills Street MELBOURNE VIC 3000",-37.81071591,144.957162073,"{""census_year"":2024,""industry_code"":""4511"",""industry_description"":""Cafes and Restaurants"",""seats"":{""Seats - Indoor"":56,""Seats - Outdoor"":18},""total_seats"":74}",City of Melbourne,com:food:578981:23b062e4df97f648
food_venue,Operator Coffee,Lobby 17 Wills Street MELBOURNE VIC 3000,-37.81094949,144.956979645,"{""census_year"":2024,""industry_code"":""4512"",""industry_description"":""Takeaway Food Services"",""seats"":{""Seats - Indoor"":12},""total_seats"":12}",City of Melbourne,com:food:110168:0d44cd7ac0d1462d
food_venue,Operator Diner,"Tenancy 2, 130 Lonsdale Street MELBOURNE VIC 3000",-37.8099428,144.968171809,"{""census_year"":2024,""industry_code"":""4511"",""industry_description"":""Cafes and Restaurants"",""seats"":{""Seats - Indoor"":60},""total_seats"":60}",City of Melbourne,com:food:110711:cb6ed0d1ae5c6a38
food_venue,Operator San,121 Therry Street MELBOURNE VIC 3000,-37.8076845,144.959088605,"{""census_year"":2024,""industry_code"":""4511"",""industry_description"":""Cafes and Restaurants"",""seats"":{""Seats - Indoor"":59,""Seats - Outdoor"":33},""total_seats"":92}",City of Melbourne,com:food:109492:c3b2bfae33d78153
food_venue,Oporto,Shop TB105A 20 Convention Centre Place SOUTH WHARF VIC 3006,-37.82539976,144.952378154,"{""census_year"":2024,""industry_code"":""4511"",""industry_description"":""Cafes and Restaurants"",""seats"":{""Seats - Indoor"":32},""total_seats"":32}",City of Melbourne,com:food:110542:c8710fe1b91aafad
food_venue,OPPA (Korean Kitchen),271 Swanston Street MELBOURNE VIC 3000,-37.81190136,144.964550923,"{""census_year"":2024,""industry_code"":""4511"",""industry_description"":""Cafes and Restaurants"",""seats"":{""Seats - Indoor"":55},""total_seats"":55}",City of Melbourne,com:food:109299:9b00c768084adfe7
food_venue,Oriental Spoon,291-293 Elizabeth Street MELBOURNE VIC 3000,-37.81179183,144.961709344,"{""census_year"":2024,""industry_code"":""4511"",""industry_description"":""Cafes and Restaurants"",""seats"":{""Seats - Indoor"":150},""total_seats"":150}",City of Melbourne,com:food:103201:9596ca1a648945fa
food_venue,Oriental Tea House,378-380 Little Collins Street MELBOURNE VIC 3000,-37.81551671,144.962020616,"{""census_year"":2024,""industry_code"":""4511"",""industry_description"":""Cafes and Restaurants"",""seats"":{""Seats - Outdoor"":12,""Seats - Indoor"":110},""total_seats"":122}",City of Melbourne,com:food:105958:ed0413dd5f7966b1
food_venue,Origami Sushi & Noodles,Shop 8 Level 4 Concourse 744 Bourke Street DOCKLANDS VIC 3008,-37.81817241,144.947217029,"{""census_year"":2024,""industry_code"":""4511"",""industry_description"":""Cafes and Restaurants"",""seats"":{""Seats - Outdoor"":12,""Seats - Indoor"":10},""total_seats"":22}",City of Melbourne,com:food:599505:fc17deb37ccc5f8a
food_venue,Original Chai Co,87-89 Victoria Street MELBOURNE VIC 3000,-37.80765748,144.957205484,"{""census_year"":2024,""industry_code"":""4512"",""industry_description"":""Takeaway Food Services"",""seats"":{""Seats - Indoor"":4,""Seats - Outdoor"":4},""total_seats"":8}",City of Melbourne,com:food:110673:b3d76a42c4ed075d
food_venue,Ormond Collective,17 Moubray Street MELBOURNE VIC 3004,-37.84752523,144.981411525,"{""census_year"":2024,""industry_code"":""6712"",""industry_description"":""Non-Residential Property Operators"",""seats"":{""Seats - Indoor"":350},""total_seats"":350}",City of Melbourne,com:food:106798:d2c30c6741f7eaba
food_venue,Osaka Bench,"Shop 6, 289 Flinders Lane MELBOURNE VIC 3000",-37.81719024,144.96496778,"{""census_year"":2024,""industry_code"":""4512"",""industry_description"":""Takeaway Food Services"",""seats"":{""Seats - Indoor"":12,""Seats - Outdoor"":6},""total_seats"":18}",City of Melbourne,com:food:103326:4f848f68d3a0db09
food_venue,Osha Thai Carlton,520 Swanston Street CARLTON VIC 3053,-37.80483648,144.96352823,"{""census_year"":2024,""industry_code"":""4511"",""industry_description"":""Cafes and Restaurants"",""seats"":{""Seats - Indoor"":14},""total_seats"":14}",City of Melbourne,com:food:109377:fd056fb749be9a33
food_venue,Oski Snowice,299 Elizabeth Street MELBOURNE VIC 3000,-37.81165187,144.961645358,"{""census_year"":2024,""industry_code"":""4511"",""industry_description"":""Cafes and Restaurants"",""seats"":{""Seats - Indoor"":34},""total_seats"":34}",City of Melbourne,com:food:103203:a1bc62e90c5504ce
food_venue,Osteria Ilaria,367 Little Bourke Street MELBOURNE VIC 3000,-37.81374371,144.961991846,"{""census_year"":2024,""industry_code"":""4511"",""industry_description"":""Cafes and Restaurants"",""seats"":{""Seats - Indoor"":75},""total_seats"":75}",City of Melbourne,com:food:110727:48b1d71dc95a4247
food_venue,Otherside Coffee,"Shop 1, Ground 435 Little Collins Street MELBOURNE VIC 3000",-37.81638558,144.960085861,"{""census_year"":2024,""industry_code"":""4511"",""industry_description"":""Cafes and Restaurants"",""seats"":{""Seats - Indoor"":4,""Seats - Outdoor"":20},""total_seats"":24}",City of Melbourne,com:food:105937:3906126e0545d9df
food_venue,Otherside Coffee,188 Little Collins Street MELBOURNE VIC 3000,-37.81390779,144.967580615,"{""census_year"":2024,""industry_code"":""4512"",""industry_description"":""Takeaway Food Services"",""seats"":{""Seats - Indoor"":8},""total_seats"":8}",City of Melbourne,com:food:105964:1f9aea3645cd7843
food_venue,Ototo / Akai Ito,349 Flinders Lane MELBOURNE VIC 3000,-37.81789895,144.962854858,"{""census_year"":2024,""industry_code"":""4511"",""industry_description"":""Cafes and Restaurants"",""seats"":{""Seats - Indoor"":170},""total_seats"":170}",City of Melbourne,com:food:103952:fbcc1fcf3bfd9920
food_venue,Overlay Coffee,320 Little Lonsdale Street MELBOURNE VIC 3000,-37.81158232,144.960280316,"{""census_year"":2024,""industry_code"":""4512"",""industry_description"":""Takeaway Food Services"",""seats"":{""Seats - Indoor"":15},""total_seats"":15}",City of Melbourne,com:food:110968:4cf42c605a73fcd3
food_venue,Oxi Tea Room,5 Cornell Place CARLTON VIC 3053,-37.80521815,144.963716758,"{""census_year"":2024,""industry_code"":""4511"",""industry_description"":""Cafes and Restaurants"",""seats"":{""Seats - Indoor"":16,""Seats - Outdoor"":6},""total_seats"":22}",City of Melbourne,com:food:109380:41975e8b617dda84
food_venue,P J O'Briens Irish Pub & Side Bar,"Shop 12-16, Ground 3 Southgate Avenue SOUTHBANK VIC 3006",-37.82066924,144.966262253,"{""census_year"":2024,""industry_code"":""4520"",""industry_description"":""Pubs, Taverns and Bars"",""seats"":{""Seats - Indoor"":150},""total_seats"":150}",City of Melbourne,com:food:110606:f3b6ea72b448a5c7
food_venue,Pa Tong,271-273 Flinders Lane MELBOURNE VIC 3000,-37.81710105,144.965484351,"{""census_year"":2024,""industry_code"":""4511"",""industry_description"":""Cafes and Restaurants"",""seats"":{""Seats - Indoor"":78},""total_seats"":78}",City of Melbourne,com:food:103943:304ed3a229e72a21
food_venue,Pacinos Italian Restaurant,"Shop 28, 320-380 Epsom Road FLEMINGTON VIC 3031",-37.78257295,144.915521168,"{""census_year"":2024,""industry_code"":""4511"",""industry_description"":""Cafes and Restaurants"",""seats"":{""Seats - Indoor"":130,""Seats - Outdoor"":34},""total_seats"":164}",City of Melbourne,com:food:602256:395fe18102cb7bd2
food_venue,PAIK'S BBQ,523-525 Little Lonsdale Street MELBOURNE VIC 3000,-37.81311232,144.95639703,"{""census_year"":2024,""industry_code"":""4511"",""industry_description"":""Cafes and Restaurants"",""seats"":{""Seats - Indoor"":100},""total_seats"":100}",City of Melbourne,com:food:106021:1c6b6608ab39e86d
food_venue,Paik's Noodle,470 Little Lonsdale Street MELBOURNE VIC 3000,-37.81299012,144.955503857,"{""census_year"":2024,""industry_code"":""4511"",""industry_description"":""Cafes and Restaurants"",""seats"":{""Seats - Indoor"":80},""total_seats"":80}",City of Melbourne,com:food:106033:96f9dfa36ff47234
food_venue,Paksoi,18 Sutherland Street MELBOURNE VIC 3000,-37.81131628,144.960948366,"{""census_year"":2024,""industry_code"":""4511"",""industry_description"":""Cafes and Restaurants"",""seats"":{""Seats - Indoor"":2},""total_seats"":2}",City of Melbourne,com:food:650593:c79b3509164def3f
food_venue,Palermo,LwrGround 405 Little Bourke Street MELBOURNE VIC 3000,-37.81403195,144.961034758,"{""census_year"":2024,""industry_code"":""4511"",""industry_description"":""Cafes and Restaurants"",""seats"":{""Seats - Indoor"":150},""total_seats"":150}",City of Melbourne,com:food:105852:081ddbbc1500893b
food_venue,Palette,Ground 610 Queensberry Street NORTH MELBOURNE VIC 3051,-37.80252643,144.94713843,"{""census_year"":2024,""industry_code"":""4511"",""industry_description"":""Cafes and Restaurants"",""seats"":{""Seats - Outdoor"":8,""Seats - Indoor"":24},""total_seats"":32}",City of Melbourne,com:food:107975:60bdf41e1b4825dc
food_venue,Palm Arabian,258 Lygon Street CARLTON VIC 3053,-37.80113981,144.967168398,"{""census_year"":2024,""industry_code"":""4511"",""industry_description"":""Cafes and Restaurants"",""seats"":{""Seats - Indoor"":20},""total_seats"":20}",City of Melbourne,com:food:106226:c9dacb384791774c
food_venue,Palm Sugar Thai Cafe,Part Ground 595 Collins Street MELBOURNE VIC 3000,-37.81936788,144.955210528,"{""census_year"":2024,""industry_code"":""4511"",""industry_description"":""Cafes and Restaurants"",""seats"":{""Seats - Indoor"":60,""Seats - Outdoor"":8},""total_seats"":68}",City of Melbourne,com:food:102106:4a15ed14b45eeba8
food_venue,Pan Pacific Melbourne,Pan Pacific Melbourne 2 Convention Centre Place SOUTH WHARF VIC 3006,-37.82539976,144.952378154,"{""census_year"":2024,""industry_code"":""4400"",""industry_description"":""Accommodation"",""seats"":{""Seats - Outdoor"":68,""Seats - Indoor"":206},""total_seats"":274}",City of Melbourne,com:food:623559:82b22e58d9355bd6
food_venue,Panda BBQ,Level 2 202-204 Bourke Street MELBOURNE VIC 3000,-37.81265942,144.967176975,"{""census_year"":2024,""industry_code"":""4511"",""industry_description"":""Cafes and Restaurants"",""seats"":{""Seats - Indoor"":120},""total_seats"":120}",City of Melbourne,com:food:101203:2262af7f12ed6e81
food_venue,Panda Hot Pot,96-100 Victoria Street CARLTON VIC 3053,-37.80649729,144.964175958,"{""census_year"":2024,""industry_code"":""4511"",""industry_description"":""Cafes and Restaurants"",""seats"":{""Seats - Indoor"":198},""total_seats"":198}",City of Melbourne,com:food:109848:1f1238adc418b647
food_venue,Pandan Dessert Bar,Ground 29 Hardware Lane MELBOURNE VIC 3000,-37.81398751,144.961266412,"{""census_year"":2024,""industry_code"":""4511"",""industry_description"":""Cafes and Restaurants"",""seats"":{""Seats - Indoor"":24,""Seats - Outdoor"":24},""total_seats"":48}",City of Melbourne,com:food:104654:bd82eee29f0e0283
food_venue,Panini Bar,150 Exhibition Street MELBOURNE VIC 3000,-37.812234,144.970902899,"{""census_year"":2024,""industry_code"":""4512"",""industry_description"":""Takeaway Food Services"",""seats"":{""Seats - Indoor"":18,""Seats - Outdoor"":4},""total_seats"":22}",City of Melbourne,com:food:101117:d48c273e9ca3370b
food_venue,Pantry Thai Fusion,10 Bligh Place MELBOURNE VIC 3000,-37.81719967,144.963897021,"{""census_year"":2024,""industry_code"":""4511"",""industry_description"":""Cafes and Restaurants"",""seats"":{""Seats - Indoor"":22},""total_seats"":22}",City of Melbourne,com:food:110765:6470d54a3c7bde79
food_venue,Papa Gino's Pizza Restaurant,219-221 Lygon Street CARLTON VIC 3053,-37.80018973,144.966717255,"{""census_year"":2024,""industry_code"":""4511"",""industry_description"":""Cafes and Restaurants"",""seats"":{""Seats - Indoor"":95,""Seats - Outdoor"":40},""total_seats"":135}",City of Melbourne,com:food:106118:057c102592c930ed
food_venue,Papa Giuseppe Pizza & Pasta,340 Abbotsford Street NORTH MELBOURNE VIC 3051,-37.798728,144.946506857,"{""census_year"":2024,""industry_code"":""4512"",""industry_description"":""Takeaway Food Services"",""seats"":{""Seats - Indoor"":8},""total_seats"":8}",City of Melbourne,com:food:100112:5abac4c1c442c6f5
food_venue,Paper Tiger Espresso Bar,Kiosk Lobby 10 Queen Street MELBOURNE VIC 3000,-37.81841105,144.962630313,"{""census_year"":2024,""industry_code"":""4512"",""industry_description"":""Takeaway Food Services"",""seats"":{""Seats - Indoor"":8},""total_seats"":8}",City of Melbourne,com:food:108117:e92a31d0d2cf4ee0
food_venue,Papion Bites,Ground 287 Exhibition Street MELBOURNE VIC 3000,-37.80907468,144.968894912,"{""census_year"":2024,""industry_code"":""4511"",""industry_description"":""Cafes and Restaurants"",""seats"":{""Seats - Indoor"":70},""total_seats"":70}",City of Melbourne,com:food:103609:1a52dc2abfecff7a
food_venue,Papparich,"Shop 3A, Level 1 650 Collins Street DOCKLANDS VIC 3008",-37.81815357,144.952339293,"{""census_year"":2024,""industry_code"":""4511"",""industry_description"":""Cafes and Restaurants"",""seats"":{""Seats - Indoor"":24},""total_seats"":24}",City of Melbourne,com:food:108973:28b098b040559732
food_venue,Papparich,11 QV Square MELBOURNE VIC 3000,-37.810658,144.965703374,"{""census_year"":2024,""industry_code"":""4511"",""industry_description"":""Cafes and Restaurants"",""seats"":{""Seats - Indoor"":80,""Seats - Outdoor"":40},""total_seats"":120}",City of Melbourne,com:food:589841:278275d9432963ac
food_venue,Parade Place,"Shop 5, Ground 320 Victoria Parade EAST MELBOURNE VIC 3002",-37.80943194,144.982294313,"{""census_year"":2024,""industry_code"":""4511"",""industry_description"":""Cafes and Restaurants"",""seats"":{""Seats - Indoor"":26},""total_seats"":26}",City of Melbourne,com:food:109652:80fdfb77f56885c1
food_venue,Parco Canteen,2 Argyle Place South CARLTON VIC 3053,-37.80350962,144.966152976,"{""census_year"":2024,""industry_code"":""4512"",""industry_description"":""Takeaway Food Services"",""seats"":{""Seats - Outdoor"":42},""total_seats"":42}",City of Melbourne,com:food:111461:df2f025d1e3fccd5
food_venue,Parcs,198 Little Collins Street MELBOURNE VIC 3000,-37.81384227,144.96715672,"{""census_year"":2024,""industry_code"":""4511"",""industry_description"":""Cafes and Restaurants"",""seats"":{""Seats - Indoor"":25},""total_seats"":25}",City of Melbourne,com:food:105963:39f9d923bf7080af
food_venue,Paris By Night,"Suite 22, Level 1 89-91 City Road SOUTHBANK VIC 3006",-37.8225552,144.965113147,"{""census_year"":2024,""industry_code"":""4511"",""industry_description"":""Cafes and Restaurants"",""seats"":{""Seats - Indoor"":50},""total_seats"":50}",City of Melbourne,com:food:110361:e48ed003bb8b1e2e
food_venue,Paris Go Bistro,114-116 Rathdowne Street CARLTON VIC 3053,-37.79695652,144.970884118,"{""census_year"":2024,""industry_code"":""4511"",""industry_description"":""Cafes and Restaurants"",""seats"":{""Seats - Outdoor"":4,""Seats - Indoor"":50},""total_seats"":54}",City of Melbourne,com:food:108247:a1222a53148b994c
food_venue,Park Hyatt Melbourne,20 Parliament Place EAST MELBOURNE VIC 3002,-37.81131182,144.976509812,"{""census_year"":2024,""industry_code"":""4400"",""industry_description"":""Accommodation"",""seats"":{""Seats - Indoor"":120},""total_seats"":120}",City of Melbourne,com:food:111469:dc95bf99396419fe
food_venue,Parkside,Part Ground 369 Royal Parade PARKVILLE VIC 3052,-37.7849288,144.958562594,"{""census_year"":2024,""industry_code"":""4511"",""industry_description"":""Cafes and Restaurants"",""seats"":{""Seats - Outdoor"":48,""Seats - Indoor"":60},""total_seats"":108}",City of Melbourne,com:food:108505:d88d5faf508f5bfc
food_venue,Parkville Cafe / Chatime,"Tenancy B, Ground 50 Flemington Road PARKVILLE VIC 3052",-37.79372054,144.949547006,"{""census_year"":2024,""industry_code"":""4511"",""industry_description"":""Cafes and Restaurants"",""seats"":{""Seats - Indoor"":100},""total_seats"":100}",City of Melbourne,com:food:103908:1cc26b7c3c632589
food_venue,Parlance Coffee,Shop 198 A'Beckett Street MELBOURNE VIC 3000,-37.80999322,144.957416372,"{""census_year"":2024,""industry_code"":""4512"",""industry_description"":""Takeaway Food Services"",""seats"":{""Seats - Indoor"":10},""total_seats"":10}",City of Melbourne,com:food:100160:96399ca0b1713ec8
food_venue,Paroro,Level 1 315 Elizabeth Street MELBOURNE VIC 3000,-37.81122143,144.961458918,"{""census_year"":2024,""industry_code"":""4511"",""industry_description"":""Cafes and Restaurants"",""seats"":{""Seats - Indoor"":122},""total_seats"":122}",City of Melbourne,com:food:103207:205b0694443814d9
food_venue,Pastuso,19 ACDC Lane MELBOURNE VIC 3000,-37.81600001,144.971154413,"{""census_year"":2024,""industry_code"":""4511"",""industry_description"":""Cafes and Restaurants"",""seats"":{""Seats - Outdoor"":8,""Seats - Indoor"":170},""total_seats"":178}",City of Melbourne,com:food:104026:e1d3d4e84fd6c75c
food_venue,Path Melbourne,Shop Ground 362 Victoria Street NORTH MELBOURNE VIC 3051,-37.80537801,144.954338535,"{""census_year"":2024,""industry_code"":""4512"",""industry_description"":""Takeaway Food Services"",""seats"":{""Seats - Indoor"":15},""total_seats"":15}",City of Melbourne,com:food:109824:0f4a028e8b7c1c38
food_venue,Patsys Melbourne,211-213 Franklin Street MELBOURNE VIC 3000,-37.8097181,144.957828953,"{""census_year"":2024,""industry_code"":""4520"",""industry_description"":""Pubs, Taverns and Bars"",""seats"":{""Seats - Outdoor"":13},""total_seats"":13}",City of Melbourne,com:food:104086:377bd5a8aa562661
food_venue,Pawa Cafe & Bar,"Part Ground 100 St Kilda Road, SOUTHBANK VIC 3006",-37.82094494,144.968224607,"{""census_year"":2024,""industry_code"":""4511"",""industry_description"":""Cafes and Restaurants"",""seats"":{""Seats - Indoor"":50,""Seats - Outdoor"":20},""total_seats"":70}",City of Melbourne,com:food:108653:ed0d3ef9abda82fd
food_venue,Pearl Chablis And Oyster Bar,"Shop 108, Level 1 194-200 Bourke Street MELBOURNE VIC 3000",-37.81244678,144.967282791,"{""census_year"":2024,""industry_code"":""4511"",""industry_description"":""Cafes and Restaurants"",""seats"":{""Seats - Indoor"":18},""total_seats"":18}",City of Melbourne,com:food:101204:7c3d39309a135d31
food_venue,Pearl Diver Cocktails & Oysters,56 Little Bourke Street MELBOURNE VIC 3000,-37.81055707,144.97049616,"{""census_year"":2024,""industry_code"":""4511"",""industry_description"":""Cafes and Restaurants"",""seats"":{""Seats - Indoor"":113},""total_seats"":113}",City of Melbourne,com:food:103620:bed20742cbc8353f
food_venue,Pearson And Murphy's Cafe,Part Ground Building 1 - Francis Ormond RMIT University 124 La Trobe Street MELBOURNE VIC 3000,-37.80818156,144.964543533,"{""census_year"":2024,""industry_code"":""4511"",""industry_description"":""Cafes and Restaurants"",""seats"":{""Seats - Indoor"":76,""Seats - Outdoor"":80},""total_seats"":156}",City of Melbourne,com:food:606638:efc15167fda57fa1
food_venue,Peddler,"Shop 1, 200 Queen Street MELBOURNE VIC 3000",-37.81352285,144.960469712,"{""census_year"":2024,""industry_code"":""4511"",""industry_description"":""Cafes and Restaurants"",""seats"":{""Seats - Indoor"":20,""Seats - Outdoor"":20},""total_seats"":40}",City of Melbourne,com:food:108102:ef9ef7c099f1b417
food_venue,Peddler Espresso,"Shop 8, 699 Collins Street DOCKLANDS VIC 3008",-37.82019801,144.951576469,"{""census_year"":2024,""industry_code"":""4511"",""industry_description"":""Cafes and Restaurants"",""seats"":{""Seats - Indoor"":20},""total_seats"":20}",City of Melbourne,com:food:605910:ad8acdb63c133553
food_venue,Pegasus Apartment Hotel,Level 2-22 206 A'Beckett Street MELBOURNE VIC 3000,-37.81004968,144.957084864,"{""census_year"":2024,""industry_code"":""4400"",""industry_description"":""Accommodation"",""seats"":{""Seats - Indoor"":152},""total_seats"":152}",City of Melbourne,com:food:621413:0645f0b96ffd9346
food_venue,Pellegrini's Espresso Bar,66 Bourke Street MELBOURNE VIC 3000,-37.81165009,144.971163378,"{""census_year"":2024,""industry_code"":""4511"",""industry_description"":""Cafes and Restaurants"",""seats"":{""Seats - Indoor"":40,""Seats - Outdoor"":13},""total_seats"":53}",City of Melbourne,com:food:101229:13ee300ddc6f22b1
food_venue,Penny Dane,Part 38 Villiers Street NORTH MELBOURNE VIC 3051,-37.79977985,144.953165587,"{""census_year"":2024,""industry_code"":""4512"",""industry_description"":""Takeaway Food Services"",""seats"":{""Seats - Outdoor"":8},""total_seats"":8}",City of Melbourne,com:food:109865:c55b1f80f476895f
food_venue,People's Coffee,Part Ground 440 Collins Street MELBOURNE VIC 3000,-37.81703239,144.959762275,"{""census_year"":2024,""industry_code"":""4511"",""industry_description"":""Cafes and Restaurants"",""seats"":{""Seats - Indoor"":60},""total_seats"":60}",City of Melbourne,com:food:102124:5b7a829f6acc7c9e
food_venue,People's Coffee,7 Benson Walk MELBOURNE VIC 3000,-37.81360963,144.970722603,"{""census_year"":2024,""industry_code"":""4512"",""industry_description"":""Takeaway Food Services"",""seats"":{""Seats - Indoor"":8},""total_seats"":8}",City of Melbourne,com:food:709873:bee718c48d086b22
food_venue,Pepe's Italian & Liquor,275-285 Exhibition Street MELBOURNE VIC 3000,-37.80938322,144.968906571,"{""census_year"":2024,""industry_code"":""4511"",""industry_description"":""Cafes and Restaurants"",""seats"":{""Seats - Indoor"":90,""Seats - Outdoor"":200},""total_seats"":290}",City of Melbourne,com:food:103608:db3a5c696a1acd0c
food_venue,Pepper Lunch,"Shop 1, 260 Spencer Street MELBOURNE VIC 3000",-37.81437529,144.952954607,"{""census_year"":2024,""industry_code"":""4511"",""industry_description"":""Cafes and Restaurants"",""seats"":{""Seats - Indoor"":42},""total_seats"":42}",City of Melbourne,com:food:711415:c7d95c48992fe9a6
food_venue,Pepper Lunch,Ground 307-311 Elizabeth Street MELBOURNE VIC 3000,-37.81146864,144.961561283,"{""census_year"":2024,""industry_code"":""4511"",""industry_description"":""Cafes and Restaurants"",""seats"":{""Seats - Indoor"":68},""total_seats"":68}",City of Melbourne,com:food:103206:e5f9327084572304
food_venue,Peppers Docklands Hotel,681 La Trobe Street DOCKLANDS VIC 3008,-37.81486994,144.947536811,"{""census_year"":2024,""industry_code"":""4400"",""industry_description"":""Accommodation"",""seats"":{""Seats - Outdoor"":16,""Seats - Indoor"":48},""total_seats"":64}",City of Melbourne,com:food:630705:73a4d18587858c0e
food_venue,Perch Cafe,Part Ground North Tower 485 La Trobe Street MELBOURNE VIC 3000,-37.81275166,144.95495139,"{""census_year"":2024,""industry_code"":""4511"",""industry_description"":""Cafes and Restaurants"",""seats"":{""Seats - Indoor"":20},""total_seats"":20}",City of Melbourne,com:food:105460:2e93cbd1be653fb1
food_venue,Perso,"Unit 15, Ground 60 Siddeley Street DOCKLANDS VIC 3008",-37.82290352,144.952548545,"{""census_year"":2024,""industry_code"":""4511"",""industry_description"":""Cafes and Restaurants"",""seats"":{""Seats - Outdoor"":24,""Seats - Indoor"":24},""total_seats"":48}",City of Melbourne,com:food:103980:53625ba9f60f9a22
food_venue,Peter & Co,Part Ground 27 & 29 Star Crescent DOCKLANDS VIC 3008,-37.8131707,144.937857365,"{""census_year"":2024,""industry_code"":""4511"",""industry_description"":""Cafes and Restaurants"",""seats"":{""Seats - Indoor"":20},""total_seats"":20}",City of Melbourne,com:food:620312:3209cabe15752a1c
food_venue,Philippe,Basement 115-119 Collins Street MELBOURNE VIC 3000,-37.81473508,144.970007274,"{""census_year"":2024,""industry_code"":""4511"",""industry_description"":""Cafes and Restaurants"",""seats"":{""Seats - Indoor"":80},""total_seats"":80}",City of Melbourne,com:food:102070:891872ae1b26fa11
food_venue,Pho Flinders Express,290 Flinders Street MELBOURNE VIC 3000,-37.81805665,144.964607913,"{""census_year"":2024,""industry_code"":""4511"",""industry_description"":""Cafes and Restaurants"",""seats"":{""Seats - Indoor"":38},""total_seats"":38}",City of Melbourne,com:food:103165:bc9dee91408027f1
food_venue,Pho Ganh,273 Swanston Street MELBOURNE VIC 3000,-37.81185964,144.964531633,"{""census_year"":2024,""industry_code"":""4511"",""industry_description"":""Cafes and Restaurants"",""seats"":{""Seats - Indoor"":56},""total_seats"":56}",City of Melbourne,com:food:109300:dee32c5196b7e2b8
food_venue,Pho Nom,"Tenancy 4, Ground 567 Collins Street MELBOURNE VIC 3000",-37.81902044,144.955727469,"{""census_year"":2024,""industry_code"":""4511"",""industry_description"":""Cafes and Restaurants"",""seats"":{""Seats - Indoor"":20,""Seats - Outdoor"":20},""total_seats"":40}",City of Melbourne,com:food:579252:03af1e93f5f602ce
food_venue,Pho Nung,Shop G02 535 Little Collins Street MELBOURNE VIC 3000,-37.81767359,144.956834754,"{""census_year"":2024,""industry_code"":""4511"",""industry_description"":""Cafes and Restaurants"",""seats"":{""Seats - Indoor"":28},""total_seats"":28}",City of Melbourne,com:food:102115:86dde330acf9feba
food_venue,Pho Nung,Part Ground 123 Lonsdale Street MELBOURNE VIC 3000,-37.81072687,144.968676915,"{""census_year"":2024,""industry_code"":""4512"",""industry_description"":""Takeaway Food Services"",""seats"":{""Seats - Outdoor"":5,""Seats - Indoor"":10},""total_seats"":15}",City of Melbourne,com:food:105678:e18d5e68d62a25f6
food_venue,Pho Thin,"Shop C, 389 Lonsdale Street MELBOURNE VIC 3000",-37.81288006,144.961012082,"{""census_year"":2024,""industry_code"":""4511"",""industry_description"":""Cafes and Restaurants"",""seats"":{""Seats - Outdoor"":16,""Seats - Indoor"":30},""total_seats"":46}",City of Melbourne,com:food:105706:a3d4980c31968256
food_venue,Pho Thin 13 Lo Duc,"Tenancy 3, 91 Hardware Lane MELBOURNE VIC 3000",-37.81303978,144.960680876,"{""census_year"":2024,""industry_code"":""4511"",""industry_description"":""Cafes and Restaurants"",""seats"":{""Seats - Indoor"":45,""Seats - Outdoor"":20},""total_seats"":65}",City of Melbourne,com:food:105707:6ceb12b2d564d4d9
food_venue,Pho Victoria,372 Victoria Street NORTH MELBOURNE VIC 3051,-37.80542263,144.953960605,"{""census_year"":2024,""industry_code"":""4511"",""industry_description"":""Cafes and Restaurants"",""seats"":{""Seats - Indoor"":38,""Seats - Outdoor"":6},""total_seats"":44}",City of Melbourne,com:food:109821:3cb4995f60959d5e
food_venue,Phuoc Thanh Bakery,424 Spencer Street WEST MELBOURNE VIC 3003,-37.81026195,144.950593866,"{""census_year"":2024,""industry_code"":""1174"",""industry_description"":""Bakery Product Manufacturing (Non-factory based)"",""seats"":{""Seats - Indoor"":22},""total_seats"":22}",City of Melbourne,com:food:108947:476a30e99649940f
food_venue,Piccolo Me,"Shop 1, 456 Lonsdale Street MELBOURNE VIC 3000",-37.81298088,144.958613728,"{""census_year"":2024,""industry_code"":""4511"",""industry_description"":""Cafes and Restaurants"",""seats"":{""Seats - Indoor"":80},""total_seats"":80}",City of Melbourne,com:food:105732:75611b6f29166908
food_venue,Piccolo Me,"Shop 7, 120 Spencer Street MELBOURNE VIC 3000",-37.81818484,144.954365839,"{""census_year"":2024,""industry_code"":""4511"",""industry_description"":""Cafes and Restaurants"",""seats"":{""Seats - Indoor"":28},""total_seats"":28}",City of Melbourne,com:food:108968:95a10861acd3ad65
food_venue,Piccolo Mondo,240 Lygon Street CARLTON VIC 3053,-37.80158026,144.967246341,"{""census_year"":2024,""industry_code"":""4511"",""industry_description"":""Cafes and Restaurants"",""seats"":{""Seats - Indoor"":120,""Seats - Outdoor"":28},""total_seats"":148}",City of Melbourne,com:food:106231:5bd28555034315b0
food_venue,Pidapipo Gelateria,299 Lygon Street CARLTON VIC 3053,-37.79838828,144.967041148,"{""census_year"":2024,""industry_code"":""4512"",""industry_description"":""Takeaway Food Services"",""seats"":{""Seats - Outdoor"":8},""total_seats"":8}",City of Melbourne,com:food:106142:de97874f394b664f
food_venue,Pier 35 Bar & Grill,"Suite 4, Pier 35 263-329 Lorimer Street PORT MELBOURNE VIC 3207",-37.82481657,144.905238246,"{""census_year"":2024,""industry_code"":""4511"",""industry_description"":""Cafes and Restaurants"",""seats"":{""Seats - Indoor"":90,""Seats - Outdoor"":90},""total_seats"":180}",City of Melbourne,com:food:110535:55dda07d61332cfa
food_venue,Pilgrim Bar,"Vault 15-19, 1 Princes Walk MELBOURNE VIC 3000",-37.81865919,144.968934898,"{""census_year"":2024,""industry_code"":""4511"",""industry_description"":""Cafes and Restaurants"",""seats"":{""Seats - Indoor"":40,""Seats - Outdoor"":130},""total_seats"":170}",City of Melbourne,com:food:110655:3cc495de6aaf565e
food_venue,Pimm Thai Cafe,170 Bellair Street KENSINGTON VIC 3031,-37.79353782,144.929915372,"{""census_year"":2024,""industry_code"":""4511"",""industry_description"":""Cafes and Restaurants"",""seats"":{""Seats - Indoor"":22,""Seats - Outdoor"":10},""total_seats"":32}",City of Melbourne,com:food:616049:4d283251cb6e0eec
food_venue,Pinchy's,"Shop 101, Level 1 194-200 Bourke Street MELBOURNE VIC 3000",-37.81244678,144.967282791,"{""census_year"":2024,""industry_code"":""4511"",""industry_description"":""Cafes and Restaurants"",""seats"":{""Seats - Outdoor"":50,""Seats - Indoor"":50},""total_seats"":100}",City of Melbourne,com:food:101204:f0d261be05cc50bc
food_venue,Pinto Thai Food,231 Exhibition Street MELBOURNE VIC 3000,-37.81051104,144.969520605,"{""census_year"":2024,""industry_code"":""4511"",""industry_description"":""Cafes and Restaurants"",""seats"":{""Seats - Indoor"":20},""total_seats"":20}",City of Melbourne,com:food:103605:e0d682b91ee4da21
food_venue,Pioneer Pizza A,360 Abbotsford Street NORTH MELBOURNE VIC 3051,-37.79823272,144.946696441,"{""census_year"":2024,""industry_code"":""4512"",""industry_description"":""Takeaway Food Services"",""seats"":{""Seats - Indoor"":12},""total_seats"":12}",City of Melbourne,com:food:104588:5fced0268bb56b96
food_venue,Pizza Hut Docklands,57 Batmans Hill Drive DOCKLANDS VIC 3008,-37.81925128,144.947975341,"{""census_year"":2024,""industry_code"":""4511"",""industry_description"":""Cafes and Restaurants"",""seats"":{""Seats - Indoor"":43},""total_seats"":43}",City of Melbourne,com:food:598658:e925fb06bfab3a82
food_venue,Pizza Pizza Pizza,"Shop 1, 12-18 Meyers Place MELBOURNE VIC 3000",-37.81221616,144.972450949,"{""census_year"":2024,""industry_code"":""4511"",""industry_description"":""Cafes and Restaurants"",""seats"":{""Seats - Indoor"":25,""Seats - Outdoor"":5},""total_seats"":30}",City of Melbourne,com:food:106560:a6ef7ab5925c1311
food_venue,Pizzarium,Shop 10 Level 4 Concourse 744 Bourke Street DOCKLANDS VIC 3008,-37.81817241,144.947217029,"{""census_year"":2024,""industry_code"":""4511"",""industry_description"":""Cafes and Restaurants"",""seats"":{""Seats - Outdoor"":20,""Seats - Indoor"":16},""total_seats"":36}",City of Melbourne,com:food:599505:56f6ab38070f848a
food_venue,Pizze Societe,2 South Wharf Drive DOCKLANDS VIC 3008,-37.82354217,144.941274287,"{""census_year"":2024,""industry_code"":""4511"",""industry_description"":""Cafes and Restaurants"",""seats"":{""Seats - Outdoor"":66,""Seats - Indoor"":34},""total_seats"":100}",City of Melbourne,com:food:579363:f08cdb2803e91232
food_venue,Platform 270,Part Ground 270 Flinders Street MELBOURNE VIC 3000,-37.81769553,144.965348361,"{""census_year"":2024,""industry_code"":""4511"",""industry_description"":""Cafes and Restaurants"",""seats"":{""Seats - Indoor"":60},""total_seats"":60}",City of Melbourne,com:food:104009:5c3758d0aa459082
food_venue,Platform 28,82 Village Street DOCKLANDS VIC 3008,-37.81921015,144.949821292,"{""census_year"":2024,""industry_code"":""4511"",""industry_description"":""Cafes and Restaurants"",""seats"":{""Seats - Outdoor"":90,""Seats - Indoor"":370},""total_seats"":460}",City of Melbourne,com:food:609488:3b706d9175d7eafd
food_venue,Players On Lygon,Ground 200 Lygon Street CARLTON VIC 3053,-37.80245924,144.967052186,"{""census_year"":2024,""industry_code"":""4520"",""industry_description"":""Pubs, Taverns and Bars"",""seats"":{""Seats - Outdoor"":12},""total_seats"":12}",City of Melbourne,com:food:106238:db28cd6576c530f9
food_venue,Plus 5,37 South Wharf Promenade SOUTH WHARF VIC 3006,-37.82409302,144.95033362,"{""census_year"":2024,""industry_code"":""4511"",""industry_description"":""Cafes and Restaurants"",""seats"":{""Seats - Outdoor"":80,""Seats - Indoor"":65},""total_seats"":145}",City of Melbourne,com:food:110988:01f32d3f079e53a7
food_venue,Plus Coffee And Co,"Shop 4, 289 Flinders Lane MELBOURNE VIC 3000",-37.81719024,144.96496778,"{""census_year"":2024,""industry_code"":""4512"",""industry_description"":""Takeaway Food Services"",""seats"":{""Seats - Indoor"":10},""total_seats"":10}",City of Melbourne,com:food:103326:462901226207b573
food_venue,Podium Espresso Bar & Kitchen,Part Ground 501 Swanston Street MELBOURNE VIC 3000,-37.80689662,144.961865678,"{""census_year"":2024,""industry_code"":""4511"",""industry_description"":""Cafes and Restaurants"",""seats"":{""Seats - Indoor"":57},""total_seats"":57}",City of Melbourne,com:food:110747:5c77bbf29fad8183
food_venue,Pok Pok,"Shop 7-8, 801 Bourke Street DOCKLANDS VIC 3008",-37.81974585,144.945620861,"{""census_year"":2024,""industry_code"":""4511"",""industry_description"":""Cafes and Restaurants"",""seats"":{""Seats - Indoor"":90,""Seats - Outdoor"":15},""total_seats"":105}",City of Melbourne,com:food:611364:cac25f339f8c5725
food_venue,Pok Pok Junior,"Shop 9, 555 Bourke Street MELBOURNE VIC 3000",-37.81636534,144.957813206,"{""census_year"":2024,""industry_code"":""4511"",""industry_description"":""Cafes and Restaurants"",""seats"":{""Seats - Indoor"":50,""Seats - Outdoor"":40},""total_seats"":90}",City of Melbourne,com:food:110095:ddcf9c5224f82236
food_venue,Pokapoka Japanese Restaurant,Part Ground 74 Wellington Parade EAST MELBOURNE VIC 3002,-37.81638646,144.987630039,"{""census_year"":2024,""industry_code"":""4511"",""industry_description"":""Cafes and Restaurants"",""seats"":{""Seats - Indoor"":30},""total_seats"":30}",City of Melbourne,com:food:110011:a5526af8f5c96406
food_venue,Poke Bibimbap,"Tenancy 80, Ground 360 Elizabeth Street MELBOURNE VIC 3000",-37.81084464,144.962061274,"{""census_year"":2024,""industry_code"":""4511"",""industry_description"":""Cafes and Restaurants"",""seats"":{""Seats - Indoor"":13,""Seats - Outdoor"":4},""total_seats"":17}",City of Melbourne,com:food:103311:b48cbb874a841f6b
food_venue,Poke Bibimbap,14 Centre Place MELBOURNE VIC 3000,-37.8166033,144.965596537,"{""census_year"":2024,""industry_code"":""4512"",""industry_description"":""Takeaway Food Services"",""seats"":{""Seats - Indoor"":10},""total_seats"":10}",City of Melbourne,com:food:101789:5677b037f4dfdcc1
food_venue,Poked,"Tenancy 8A-8B, Ground 567 Collins Street MELBOURNE VIC 3000",-37.81902044,144.955727469,"{""census_year"":2024,""industry_code"":""4511"",""industry_description"":""Cafes and Restaurants"",""seats"":{""Seats - Indoor"":21,""Seats - Outdoor"":16},""total_seats"":37}",City of Melbourne,com:food:579252:6747000179617134
food_venue,Poked,"Shop 10, 36 Lonsdale Street MELBOURNE VIC 3000",-37.8091842,144.970732451,"{""census_year"":2024,""industry_code"":""4512"",""industry_description"":""Takeaway Food Services"",""seats"":{""Seats - Indoor"":8,""Seats - Outdoor"":8},""total_seats"":16}",City of Melbourne,com:food:603923:cd0d517c23008d2f
food_venue,Pondok Laguna,644 Swanston Street CARLTON VIC 3053,-37.80131908,144.964282293,"{""census_year"":2024,""industry_code"":""4511"",""industry_description"":""Cafes and Restaurants"",""seats"":{""Seats - Indoor"":40},""total_seats"":40}",City of Melbourne,com:food:109365:244f34275c52888f
food_venue,Pondok Rempah,487 Elizabeth Street MELBOURNE VIC 3000,-37.8076029,144.959791631,"{""census_year"":2024,""industry_code"":""4511"",""industry_description"":""Cafes and Restaurants"",""seats"":{""Seats - Indoor"":42,""Seats - Outdoor"":8},""total_seats"":50}",City of Melbourne,com:food:103233:0d481b8813b8ff60
food_venue,Ponyfish Island,Kiosk Evan Walker Bridge SOUTHBANK VIC 3006,-37.81968992,144.965085778,"{""census_year"":2024,""industry_code"":""4520"",""industry_description"":""Pubs, Taverns and Bars"",""seats"":{""Seats - Outdoor"":120},""total_seats"":120}",City of Melbourne,com:food:598987:726930d4c169b044
food_venue,Poplar's,Part 34-54 Poplar Road PARKVILLE VIC 3052,-37.77810275,144.947935334,"{""census_year"":2024,""industry_code"":""4511"",""industry_description"":""Cafes and Restaurants"",""seats"":{""Seats - Outdoor"":10,""Seats - Indoor"":32},""total_seats"":42}",City of Melbourne,com:food:110950:5bacb1b48fe708db
food_venue,Portside Deli,3 Central Boulevard PORT MELBOURNE VIC 3207,-37.82221049,144.918786228,"{""census_year"":2024,""industry_code"":""4511"",""industry_description"":""Cafes and Restaurants"",""seats"":{""Seats - Outdoor"":8,""Seats - Indoor"":44},""total_seats"":52}",City of Melbourne,com:food:110642:fac2bc7d063bf4a2
food_venue,Postal Hall,116 Russell Street MELBOURNE VIC 3000,-37.81350285,144.968975222,"{""census_year"":2024,""industry_code"":""4511"",""industry_description"":""Cafes and Restaurants"",""seats"":{""Seats - Outdoor"":15,""Seats - Indoor"":35},""total_seats"":50}",City of Melbourne,com:food:108591:8cba44afb67204ec
food_venue,Potto,"Shop 1, Level 1 201 Spencer Street DOCKLANDS VIC 3008",-37.81501701,144.951186966,"{""census_year"":2024,""industry_code"":""4511"",""industry_description"":""Cafes and Restaurants"",""seats"":{""Seats - Indoor"":22},""total_seats"":22}",City of Melbourne,com:food:110843:9747f8a27093989f
food_venue,Pretty Boy Italian Steak House,Restaurant Level 1 399 Little Lonsdale Street MELBOURNE VIC 3000,-37.81203671,144.960137254,"{""census_year"":2024,""industry_code"":""4511"",""industry_description"":""Cafes and Restaurants"",""seats"":{""Seats - Indoor"":250},""total_seats"":250}",City of Melbourne,com:food:106019:11c0752014e91b40
food_venue,Pretty Sichuan Taste,89 Peel Street WEST MELBOURNE VIC 3003,-37.80606639,144.955603657,"{""census_year"":2024,""industry_code"":""4511"",""industry_description"":""Cafes and Restaurants"",""seats"":{""Seats - Indoor"":20},""total_seats"":20}",City of Melbourne,com:food:109682:77ef3539ab774513
food_venue,Princess Theatre,163-181 Spring Street MELBOURNE VIC 3000,-37.8107257,144.972326572,"{""census_year"":2024,""industry_code"":""9001"",""industry_description"":""Performing Arts Operation"",""seats"":{""Seats - Outdoor"":28,""Seats - Indoor"":55},""total_seats"":83}",City of Melbourne,com:food:108987:db906efe190165c0
food_venue,Professor Walk Cafe,Part Ground Annex Baillieu Library Building 177 230 Grattan Street PARKVILLE VIC 3010,-37.79738772,144.961258672,"{""census_year"":2024,""industry_code"":""4512"",""industry_description"":""Takeaway Food Services"",""seats"":{""Seats - Outdoor"":30,""Seats - Indoor"":28},""total_seats"":58}",City of Melbourne,com:food:664631:00a56694e56e8074
food_venue,Project Zero Coffee,Part Ground 140 King Street MELBOURNE VIC 3000,-37.81673652,144.956276998,"{""census_year"":2024,""industry_code"":""4512"",""industry_description"":""Takeaway Food Services"",""seats"":{""Seats - Outdoor"":12},""total_seats"":12}",City of Melbourne,com:food:105391:033ae9ed4bbb7fe6
food_venue,Protagonist,Adjacent Kiosk 100 St Kilda Road SOUTHBANK VIC 3006,-37.82094494,144.968224607,"{""census_year"":2024,""industry_code"":""4511"",""industry_description"":""Cafes and Restaurants"",""seats"":{""Seats - Outdoor"":150},""total_seats"":150}",City of Melbourne,com:food:108653:0eb2925cb356c673
food_venue,Prudence Bar,368 Victoria Street NORTH MELBOURNE VIC 3051,-37.80543619,144.954054815,"{""census_year"":2024,""industry_code"":""4520"",""industry_description"":""Pubs, Taverns and Bars"",""seats"":{""Seats - Indoor"":70},""total_seats"":70}",City of Melbourne,com:food:109822:55856b3152c3f152
food_venue,Publique Bakery,18 Blender Lane MELBOURNE VIC 3000,-37.8076845,144.959088605,"{""census_year"":2024,""industry_code"":""4511"",""industry_description"":""Cafes and Restaurants"",""seats"":{""Seats - Outdoor"":18},""total_seats"":18}",City of Melbourne,com:food:109492:7208d2c61b77cadb
food_venue,Pun Pun Dessert,"Shop 204T, UprGround 14 Watertank Way MELBOURNE VIC 3000",-37.81537494,144.953525588,"{""census_year"":2024,""industry_code"":""4512"",""industry_description"":""Takeaway Food Services"",""seats"":{""Seats - Outdoor"":6,""Seats - Indoor"":9},""total_seats"":15}",City of Melbourne,com:food:641556:4eb684d615a9722e
food_venue,Punch Lane Wine Bar Restaurant,"Unit 6, 43 Little Bourke Street MELBOURNE VIC 3000",-37.81092017,144.971362998,"{""census_year"":2024,""industry_code"":""4511"",""industry_description"":""Cafes and Restaurants"",""seats"":{""Seats - Indoor"":45,""Seats - Outdoor"":20},""total_seats"":65}",City of Melbourne,com:food:105830:643588669e6b7657
food_venue,Pure South Kitchen,"Restaurant 2, Ground 3 Southgate Avenue SOUTHBANK VIC 3006",-37.82066924,144.966262253,"{""census_year"":2024,""industry_code"":""4511"",""industry_description"":""Cafes and Restaurants"",""seats"":{""Seats - Outdoor"":20,""Seats - Indoor"":250},""total_seats"":270}",City of Melbourne,com:food:110606:cdbb8a1edd8255dd
food_venue,Q Tea Kitchen,"Unit 6, 1 Phillip Court PORT MELBOURNE VIC 3207",-37.82600955,144.920988022,"{""census_year"":2024,""industry_code"":""4511"",""industry_description"":""Cafes and Restaurants"",""seats"":{""Seats - Outdoor"":13,""Seats - Indoor"":22},""total_seats"":35}",City of Melbourne,com:food:602733:a59672155e0236d4
food_venue,Qabail Restaurant,192 Elgin Street CARLTON VIC 3053,-37.79698294,144.968164524,"{""census_year"":2024,""industry_code"":""4511"",""industry_description"":""Cafes and Restaurants"",""seats"":{""Seats - Indoor"":30},""total_seats"":30}",City of Melbourne,com:food:103134:12a68da7e42efa35
food_venue,QT Melbourne,"Basement , Gnd & Level 1-8 & 11 133 Russell Street MELBOURNE VIC 3000",-37.81342963,144.96783743,"{""census_year"":2024,""industry_code"":""4400"",""industry_description"":""Accommodation"",""seats"":{""Seats - Indoor"":200},""total_seats"":200}",City of Melbourne,com:food:108537:7aa0dca4f1f4a0c0
food_venue,Quando Quando Cucina & Bar,10 Collins Way MELBOURNE VIC 3000,-37.81585501,144.962439132,"{""census_year"":2024,""industry_code"":""4511"",""industry_description"":""Cafes and Restaurants"",""seats"":{""Seats - Outdoor"":6,""Seats - Indoor"":54},""total_seats"":60}",City of Melbourne,com:food:105930:d302e8e9f8367034
food_venue,Queen Caterina Pizza,Ground 78 Wellington Parade EAST MELBOURNE VIC 3002,-37.81636984,144.987488041,"{""census_year"":2024,""industry_code"":""4512"",""industry_description"":""Takeaway Food Services"",""seats"":{""Seats - Outdoor"":8},""total_seats"":8}",City of Melbourne,com:food:110009:1b8a98d73f1f6b1a
food_venue,Queen's Kebabs,Part Ground 26 King Street MELBOURNE VIC 3000,-37.81952934,144.957465934,"{""census_year"":2024,""industry_code"":""4512"",""industry_description"":""Takeaway Food Services"",""seats"":{""Seats - Indoor"":15},""total_seats"":15}",City of Melbourne,com:food:105399:2ab3f006c8f23613
food_venue,Queenie's Restaurant & Cafe,41 Coventry Street SOUTHBANK VIC 3006,-37.82956555,144.96939214,"{""census_year"":2024,""industry_code"":""4511"",""industry_description"":""Cafes and Restaurants"",""seats"":{""Seats - Outdoor"":30,""Seats - Indoor"":45},""total_seats"":75}",City of Melbourne,com:food:110456:730b558fa4e544d5
food_venue,Queensberry Hotel,593-597 Swanston Street CARLTON VIC 3053,-37.80475348,144.962906778,"{""census_year"":2024,""industry_code"":""4520"",""industry_description"":""Pubs, Taverns and Bars"",""seats"":{""Seats - Indoor"":60,""Seats - Outdoor"":6},""total_seats"":66}",City of Melbourne,com:food:109322:859910c976656e1a
food_venue,Queensmith Baretto,"Shop 4, Ground 221 Queen Street MELBOURNE VIC 3000",-37.81355361,144.959754236,"{""census_year"":2024,""industry_code"":""4511"",""industry_description"":""Cafes and Restaurants"",""seats"":{""Seats - Indoor"":30,""Seats - Outdoor"":30},""total_seats"":60}",City of Melbourne,com:food:108079:fcbd1ad48bd8eaee
food_venue,Quick fix,"Kiosk 1, Level 1 201 Spencer Street DOCKLANDS VIC 3008",-37.81501701,144.951186966,"{""census_year"":2024,""industry_code"":""3493"",""industry_description"":""Telecommunication Goods Wholesaling"",""seats"":{""Seats - Indoor"":16},""total_seats"":16}",City of Melbourne,com:food:110843:6285a312df69e7aa
food_venue,Quincy Hotel Melbourne,509 Flinders Lane MELBOURNE VIC 3000,-37.8196249,144.956888356,"{""census_year"":2024,""industry_code"":""4400"",""industry_description"":""Accommodation"",""seats"":{""Seats - Outdoor"":20,""Seats - Indoor"":94},""total_seats"":114}",City of Melbourne,com:food:105295:b6d2baa50848c9d4
food_venue,RACV City Club,501 Bourke Street MELBOURNE VIC 3000,-37.81587957,144.959592468,"{""census_year"":2024,""industry_code"":""4400"",""industry_description"":""Accommodation"",""seats"":{""Seats - Indoor"":610},""total_seats"":610}",City of Melbourne,com:food:101154:87c1888d87511b08
food_venue,Radison on Flagstaff Gardens Melbourne,Radisson on Flagstaff Gardens 380 William Street MELBOURNE VIC 3000,-37.81032313,144.956120205,"{""census_year"":2024,""industry_code"":""4400"",""industry_description"":""Accommodation"",""seats"":{""Seats - Indoor"":90},""total_seats"":90}",City of Melbourne,com:food:110139:e7fa7a58ad4fec2b
food_venue,Rail Cafe,Kiosk Melbourne Zoological Gardens Elliott Avenue PARKVILLE VIC 3052,-37.78427658,144.951432112,"{""census_year"":2024,""industry_code"":""4512"",""industry_description"":""Takeaway Food Services"",""seats"":{""Seats - Outdoor"":54},""total_seats"":54}",City of Melbourne,com:food:110273:37e9070c247063f1
food_venue,Rapha Australia,32-34 Guildford Lane MELBOURNE VIC 3000,-37.81126182,144.959773492,"{""census_year"":2024,""industry_code"":""4251"",""industry_description"":""Clothing Retailing"",""seats"":{""Seats - Indoor"":11,""Seats - Outdoor"":3},""total_seats"":14}",City of Melbourne,com:food:516121:8a1b4eb47508e283
food_venue,Rare Steakhouse,"Shop 6, 61 Little Collins Street MELBOURNE VIC 3000",-37.81309819,144.971695294,"{""census_year"":2024,""industry_code"":""4511"",""industry_description"":""Cafes and Restaurants"",""seats"":{""Seats - Indoor"":110},""total_seats"":110}",City of Melbourne,com:food:105913:91aae1704e5e9dc9
food_venue,Rare Steakhouse Downtown,42-44 King Street MELBOURNE VIC 3000,-37.81918367,144.957322132,"{""census_year"":2024,""industry_code"":""4511"",""industry_description"":""Cafes and Restaurants"",""seats"":{""Seats - Indoor"":120},""total_seats"":120}",City of Melbourne,com:food:105397:0a01b11650d1a67e
food_venue,Rare Steakhouse Midtown,10-12 Goldie Place MELBOURNE VIC 3000,-37.81338564,144.960776854,"{""census_year"":2024,""industry_code"":""4511"",""industry_description"":""Cafes and Restaurants"",""seats"":{""Seats - Indoor"":105},""total_seats"":105}",City of Melbourne,com:food:104377:a9a05d4c88f41ca9
food_venue,Rathdowne & Reeves Cafe,Part Ground 497-513 Rathdowne Street CARLTON VIC 3053,-37.79366098,144.970767327,"{""census_year"":2024,""industry_code"":""4511"",""industry_description"":""Cafes and Restaurants"",""seats"":{""Seats - Outdoor"":22,""Seats - Indoor"":48},""total_seats"":70}",City of Melbourne,com:food:633373:a450a5e2eba8fd95
food_venue,Raya Food Concept,"Shop 2-3, 61 Little Collins Street MELBOURNE VIC 3000",-37.81309819,144.971695294,"{""census_year"":2024,""industry_code"":""4511"",""industry_description"":""Cafes and Restaurants"",""seats"":{""Seats - Indoor"":20},""total_seats"":20}",City of Melbourne,com:food:105913:367ca26e9506ddfc
food_venue,Real Kebabs,"Shop 7, 551-555 Little Lonsdale Street MELBOURNE VIC 3000",-37.81329521,144.955565246,"{""census_year"":2024,""industry_code"":""4512"",""industry_description"":""Takeaway Food Services"",""seats"":{""Seats - Indoor"":5},""total_seats"":5}",City of Melbourne,com:food:106023:60e4ee16f8a5100f
food_venue,Recoleta,Level 1 10 Bourke Street MELBOURNE VIC 3000,-37.81123539,144.97255541,"{""census_year"":2024,""industry_code"":""4511"",""industry_description"":""Cafes and Restaurants"",""seats"":{""Seats - Indoor"":32},""total_seats"":32}",City of Melbourne,com:food:101237:30c7353b75d8b0e8
food_venue,Red Chilli House,119-121 Little Bourke Street MELBOURNE VIC 3000,-37.81158263,144.968888379,"{""census_year"":2024,""industry_code"":""4511"",""industry_description"":""Cafes and Restaurants"",""seats"":{""Seats - Indoor"":145},""total_seats"":145}",City of Melbourne,com:food:520416:0e2389ad02234048
food_venue,Red Cliff Chinese Restaurant,"Unit 1, 256 Queen Street MELBOURNE VIC 3000",-37.81247757,144.959946669,"{""census_year"":2024,""industry_code"":""4511"",""industry_description"":""Cafes and Restaurants"",""seats"":{""Seats - Outdoor"":2,""Seats - Indoor"":78},""total_seats"":80}",City of Melbourne,com:food:108097:13a8ca4480ee9acd
food_venue,Red Emperor,"Shop 10-12, Mid Lvl 3 3 Southgate Avenue SOUTHBANK VIC 3006",-37.82066924,144.966262253,"{""census_year"":2024,""industry_code"":""4511"",""industry_description"":""Cafes and Restaurants"",""seats"":{""Seats - Outdoor"":50,""Seats - Indoor"":100},""total_seats"":150}",City of Melbourne,com:food:110606:23c9cc3d48da9b9a
food_venue,Red Emperor In Chinatown,131 Little Bourke Street MELBOURNE VIC 3000,-37.81199769,144.968857274,"{""census_year"":2024,""industry_code"":""4511"",""industry_description"":""Cafes and Restaurants"",""seats"":{""Seats - Indoor"":300},""total_seats"":300}",City of Melbourne,com:food:101213:c59b36959c412520
food_venue,Red Rooster 2,"Shop 2, Level 1 650 Collins Street DOCKLANDS VIC 3008",-37.81815357,144.952339293,"{""census_year"":2024,""industry_code"":""4512"",""industry_description"":""Takeaway Food Services"",""seats"":{""Seats - Indoor"":18},""total_seats"":18}",City of Melbourne,com:food:108973:f113313b94017b71
food_venue,Red Rooster Westgate,Part 46 Cook Street PORT MELBOURNE VIC 3207,-37.82984781,144.917194113,"{""census_year"":2024,""industry_code"":""4511"",""industry_description"":""Cafes and Restaurants"",""seats"":{""Seats - Indoor"":40},""total_seats"":40}",City of Melbourne,com:food:640573:e34186c440a13739
food_venue,Red Spice Road,"Unit 2, UprGround 131 Queen Street MELBOURNE VIC 3000",-37.81549904,144.960540869,"{""census_year"":2024,""industry_code"":""4511"",""industry_description"":""Cafes and Restaurants"",""seats"":{""Seats - Indoor"":300},""total_seats"":300}",City of Melbourne,com:food:108069:2f4bac89e818db04
food_venue,Reed House,Ground Church Manse Wesley Uniting Church 130 Lonsdale Street MELBOURNE VIC 3000,-37.8099428,144.968171809,"{""census_year"":2024,""industry_code"":""4511"",""industry_description"":""Cafes and Restaurants"",""seats"":{""Seats - Outdoor"":50,""Seats - Indoor"":100},""total_seats"":150}",City of Melbourne,com:food:105758:41d61bed65007b45
food_venue,Refuel Catering,Part Ground 234 Queensberry Street CARLTON VIC 3053,-37.80395655,144.961002249,"{""census_year"":2024,""industry_code"":""4511"",""industry_description"":""Cafes and Restaurants"",""seats"":{""Seats - Indoor"":40},""total_seats"":40}",City of Melbourne,com:food:108024:900a58955806e933
food_venue,Regretless,"Shop 13-14, Ground 194-200 Bourke Street MELBOURNE VIC 3000",-37.81244678,144.967282791,"{""census_year"":2024,""industry_code"":""4512"",""industry_description"":""Takeaway Food Services"",""seats"":{""Seats - Indoor"":14},""total_seats"":14}",City of Melbourne,com:food:101204:8af9c5863be43eea
food_venue,Reine & La Rue,"Tenancy 3-4, LwrGround 376 Collins Street MELBOURNE VIC 3000",-37.81629382,144.961718566,"{""census_year"":2024,""industry_code"":""4511"",""industry_description"":""Cafes and Restaurants"",""seats"":{""Seats - Outdoor"":29,""Seats - Indoor"":125},""total_seats"":154}",City of Melbourne,com:food:102132:65c9fbdc5b1cc0d5
food_venue,Renzo's Bar Cafe Italiano,"Tenancy 7, 46 Newquay Promenade DOCKLANDS VIC 3008",-37.81460532,144.941261396,"{""census_year"":2024,""industry_code"":""4511"",""industry_description"":""Cafes and Restaurants"",""seats"":{""Seats - Indoor"":90,""Seats - Outdoor"":90},""total_seats"":180}",City of Melbourne,com:food:560001:b9fc1feeb6876f11
food_venue,Repair Buddy,143A Russell Street MELBOURNE VIC 3000,-37.81310922,144.967968395,"{""census_year"":2024,""industry_code"":""9422"",""industry_description"":""Electronic (except Domestic Appliance) and Precision Equipment Repair and Maint"",""seats"":{""Seats - Indoor"":4},""total_seats"":4}",City of Melbourne,com:food:101127:8b069ecfe089c69d
food_venue,Restaurant 1903,48 Spencer Street MELBOURNE VIC 3000,-37.81970047,144.954883047,"{""census_year"":2024,""industry_code"":""4511"",""industry_description"":""Cafes and Restaurants"",""seats"":{""Seats - Indoor"":65},""total_seats"":65}",City of Melbourne,com:food:108970:cb3d9243711f9bd4
food_venue,Rewine,460 Queen Street MELBOURNE VIC 3000,-37.80788769,144.958461316,"{""census_year"":2024,""industry_code"":""4520"",""industry_description"":""Pubs, Taverns and Bars"",""seats"":{""Seats - Indoor"":1},""total_seats"":1}",City of Melbourne,com:food:109493:c89b67bbb2a1a819
food_venue,Reynolds Street sandwich bar,19 Reynolds Street NORTH MELBOURNE VIC 3051,-37.79722779,144.937657299,"{""census_year"":2024,""industry_code"":""4512"",""industry_description"":""Takeaway Food Services"",""seats"":{""Seats - Outdoor"":8,""Seats - Indoor"":12},""total_seats"":20}",City of Melbourne,com:food:108271:504c19df223c4f06
food_venue,Rice @ Chevron,5-5A Commercial Road MELBOURNE VIC 3004,-37.8455379,144.979819038,"{""census_year"":2024,""industry_code"":""4511"",""industry_description"":""Cafes and Restaurants"",""seats"":{""Seats - Indoor"":24,""Seats - Outdoor"":12},""total_seats"":36}",City of Melbourne,com:food:108646:a38e254d942a43d8
food_venue,Rice at Collins 595,Part Ground 595 Collins Street MELBOURNE VIC 3000,-37.81936788,144.955210528,"{""census_year"":2024,""industry_code"":""4512"",""industry_description"":""Takeaway Food Services"",""seats"":{""Seats - Indoor"":6},""total_seats"":6}",City of Melbourne,com:food:102106:472d06fb14a4d52f
food_venue,Rice Bar Not Only Rice,"Shop 1, Ground 121 Grattan Street CARLTON VIC 3053",-37.80077102,144.965103662,"{""census_year"":2024,""industry_code"":""4511"",""industry_description"":""Cafes and Restaurants"",""seats"":{""Seats - Indoor"":58,""Seats - Outdoor"":40},""total_seats"":98}",City of Melbourne,com:food:104450:8b88b6982e31d29b
food_venue,Rice Paper Scissors,Ground 13-15 Hardware Lane MELBOURNE VIC 3000,-37.8142907,144.961405232,"{""census_year"":2024,""industry_code"":""4511"",""industry_description"":""Cafes and Restaurants"",""seats"":{""Seats - Indoor"":45,""Seats - Outdoor"":32},""total_seats"":77}",City of Melbourne,com:food:104651:56955557fb6801c8
food_venue,Rice Workshop,238 Little Bourke Street MELBOURNE VIC 3000,-37.81224859,144.965781281,"{""census_year"":2024,""industry_code"":""4511"",""industry_description"":""Cafes and Restaurants"",""seats"":{""Seats - Indoor"":50},""total_seats"":50}",City of Melbourne,com:food:520595:a1854873d4a94f3b
food_venue,Rick's Place,507 MacAulay Road KENSINGTON VIC 3031,-37.79454041,144.929242857,"{""census_year"":2024,""industry_code"":""4511"",""industry_description"":""Cafes and Restaurants"",""seats"":{""Seats - Indoor"":70},""total_seats"":70}",City of Melbourne,com:food:106323:88ad10c021e9bd03
food_venue,Rising Embers,Level 1 139 Little Bourke Street MELBOURNE VIC 3000,-37.81206119,144.968535908,"{""census_year"":2024,""industry_code"":""4511"",""industry_description"":""Cafes and Restaurants"",""seats"":{""Seats - Indoor"":120},""total_seats"":120}",City of Melbourne,com:food:101212:8a10cbcbb104cfc8
food_venue,Riverland Bar,Vault 1-12 & 13A-13B 1 Princes Walk MELBOURNE VIC 3000,-37.81865919,144.968934898,"{""census_year"":2024,""industry_code"":""4520"",""industry_description"":""Pubs, Taverns and Bars"",""seats"":{""Seats - Indoor"":20,""Seats - Outdoor"":285},""total_seats"":305}",City of Melbourne,com:food:110655:50a5ffa33eecba80
food_venue,Riverside Deli & Coffee House,"Shop 1, Ground 474 Flinders Street MELBOURNE VIC 3000",-37.81974183,144.958272108,"{""census_year"":2024,""industry_code"":""4511"",""industry_description"":""Cafes and Restaurants"",""seats"":{""Seats - Outdoor"":12,""Seats - Indoor"":50},""total_seats"":62}",City of Melbourne,com:food:103997:73600f3cec483b96
food_venue,Riverslide Skate Park,Residence Alexandra Gardens Alexandra Avenue MELBOURNE VIC 3004,-37.82066006,144.972124484,"{""census_year"":2024,""industry_code"":""9113"",""industry_description"":""Sports and Physical Recreation Venues, Grounds and Facilities Operation"",""seats"":{""Seats - Outdoor"":16,""Seats - Indoor"":10},""total_seats"":26}",City of Melbourne,com:food:101101:4d3c9df915c1045a
food_venue,Roasting Warehouse,19-21 Leveson Street NORTH MELBOURNE VIC 3051,-37.80447359,144.950594501,"{""census_year"":2024,""industry_code"":""4511"",""industry_description"":""Cafes and Restaurants"",""seats"":{""Seats - Outdoor"":48,""Seats - Indoor"":60},""total_seats"":108}",City of Melbourne,com:food:105606:beb8aeb9eea91ab8
food_venue,Robata,10 Exhibition Street MELBOURNE VIC 3000,-37.8154618,144.972720907,"{""census_year"":2024,""industry_code"":""4511"",""industry_description"":""Cafes and Restaurants"",""seats"":{""Seats - Indoor"":150},""total_seats"":150}",City of Melbourne,com:food:111071:9ce0cee1fcaed851
food_venue,Robo Mao,214-216 Little Bourke Street MELBOURNE VIC 3000,-37.81204326,144.966217729,"{""census_year"":2024,""industry_code"":""4511"",""industry_description"":""Cafes and Restaurants"",""seats"":{""Seats - Indoor"":100},""total_seats"":100}",City of Melbourne,com:food:105881:df5cf25c156fb279
food_venue,Robot Bar,12 Bligh Place MELBOURNE VIC 3000,-37.81719967,144.963897021,"{""census_year"":2024,""industry_code"":""4520"",""industry_description"":""Pubs, Taverns and Bars"",""seats"":{""Seats - Indoor"":40,""Seats - Outdoor"":12},""total_seats"":52}",City of Melbourne,com:food:110765:6751cc71f8ec19a7
food_venue,Roccella,Ground 158 Clarendon Street EAST MELBOURNE VIC 3002,-37.81229599,144.984161853,"{""census_year"":2024,""industry_code"":""4511"",""industry_description"":""Cafes and Restaurants"",""seats"":{""Seats - Indoor"":200},""total_seats"":200}",City of Melbourne,com:food:611568:1b568445e86495dd
food_venue,Rock the Wok,"Tenancy 8, Ground 181 William Street MELBOURNE VIC 3000",-37.81531863,144.957392295,"{""census_year"":2024,""industry_code"":""4511"",""industry_description"":""Cafes and Restaurants"",""seats"":{""Seats - Outdoor"":24,""Seats - Indoor"":16},""total_seats"":40}",City of Melbourne,com:food:612820:018fdc553c496dfd
food_venue,Rocket Burgers & Fries,2 Elizabeth Street MELBOURNE VIC 3000,-37.81763649,144.96509495,"{""census_year"":2024,""industry_code"":""4512"",""industry_description"":""Takeaway Food Services"",""seats"":{""Seats - Outdoor"":7},""total_seats"":7}",City of Melbourne,com:food:103328:288ea709475a939a
food_venue,Rockpool Bar & Grill Melbourne,"Shop 1, Ground 8 Whiteman Street SOUTHBANK VIC 3006",-37.82312164,144.958660189,"{""census_year"":2024,""industry_code"":""4511"",""industry_description"":""Cafes and Restaurants"",""seats"":{""Seats - Indoor"":300},""total_seats"":300}",City of Melbourne,com:food:111175:6d0e0ec05604baa0
food_venue,Roll Mi,"Shop 15, Ground 242 Exhibition Street MELBOURNE VIC 3000",-37.80941489,144.969975609,"{""census_year"":2024,""industry_code"":""4512"",""industry_description"":""Takeaway Food Services"",""seats"":{""Seats - Indoor"":20},""total_seats"":20}",City of Melbourne,com:food:103618:e87aa286669e830c
food_venue,Roll'D,"Tenancy 6, 332-340 Flinders Lane MELBOURNE VIC 3000",-37.81722704,144.962788805,"{""census_year"":2024,""industry_code"":""4512"",""industry_description"":""Takeaway Food Services"",""seats"":{""Seats - Indoor"":7,""Seats - Outdoor"":9},""total_seats"":16}",City of Melbourne,com:food:102091:5b0dc704aac2a04b
food_venue,Roll'D CBW,"Tenancy 10, Ground 181 William Street MELBOURNE VIC 3000",-37.81531863,144.957392295,"{""census_year"":2024,""industry_code"":""4511"",""industry_description"":""Cafes and Restaurants"",""seats"":{""Seats - Outdoor"":30},""total_seats"":30}",City of Melbourne,com:food:612820:a814ac654ece1a08
food_venue,Roll'D Collins Place,"Shop 50, 45 Collins Street MELBOURNE VIC 3000",-37.81430615,144.972628037,"{""census_year"":2024,""industry_code"":""4512"",""industry_description"":""Takeaway Food Services"",""seats"":{""Seats - Indoor"":30},""total_seats"":30}",City of Melbourne,com:food:102063:c416b5b8ce0de10e
food_venue,Roll'd Lonsdale Street,"Shop 9, 36 Lonsdale Street MELBOURNE VIC 3000",-37.8091842,144.970732451,"{""census_year"":2024,""industry_code"":""4511"",""industry_description"":""Cafes and Restaurants"",""seats"":{""Seats - Outdoor"":12,""Seats - Indoor"":13},""total_seats"":25}",City of Melbourne,com:food:603923:9455c31c642b55e8
food_venue,Rolling Nori,13 Rose Lane MELBOURNE VIC 3000,-37.81537494,144.953525588,"{""census_year"":2024,""industry_code"":""4512"",""industry_description"":""Takeaway Food Services"",""seats"":{""Seats - Outdoor"":8,""Seats - Indoor"":8},""total_seats"":16}",City of Melbourne,com:food:642253:6194990f7cb6a3ef
food_venue,Romanello,101 Therry Street MELBOURNE VIC 3000,-37.8076845,144.959088605,"{""census_year"":2024,""industry_code"":""4512"",""industry_description"":""Takeaway Food Services"",""seats"":{""Seats - Outdoor"":10},""total_seats"":10}",City of Melbourne,com:food:109492:846d960bcb8cc7d4
food_venue,Romeo Takeaway Cafe,"Stall 7-8, Shed F Queen Victoria Market 66 Peel Street MELBOURNE VIC 3000",-37.80765748,144.957205484,"{""census_year"":2024,""industry_code"":""4511"",""industry_description"":""Cafes and Restaurants"",""seats"":{""Seats - Outdoor"":20,""Seats - Indoor"":4},""total_seats"":24}",City of Melbourne,com:food:110679:158508c2536657fa
food_venue,Romo Pizza Bar,21 Katherine Place MELBOURNE VIC 3000,-37.81988483,144.956601666,"{""census_year"":2024,""industry_code"":""4511"",""industry_description"":""Cafes and Restaurants"",""seats"":{""Seats - Indoor"":25},""total_seats"":25}",City of Melbourne,com:food:103957:976aafdc5b00600a
food_venue,Rong Cha,18 Little Lonsdale Street MELBOURNE VIC 3000,-37.80814525,144.97101463,"{""census_year"":2024,""industry_code"":""4511"",""industry_description"":""Cafes and Restaurants"",""seats"":{""Seats - Indoor"":30},""total_seats"":30}",City of Melbourne,com:food:110858:5eb619d7545c1271
food_venue,Ronin Omakase,445 Little Collins Street MELBOURNE VIC 3000,-37.81679183,144.959996443,"{""census_year"":2024,""industry_code"":""4512"",""industry_description"":""Takeaway Food Services"",""seats"":{""Seats - Indoor"":10},""total_seats"":10}",City of Melbourne,com:food:102125:4e1b5e4e9189eeb1
food_venue,Ronnie’s Melbourne,Part Ground 495 Collins Street MELBOURNE VIC 3000,-37.81853877,144.958118475,"{""census_year"":2024,""industry_code"":""4511"",""industry_description"":""Cafes and Restaurants"",""seats"":{""Seats - Indoor"":140},""total_seats"":140}",City of Melbourne,com:food:102103:472fd5da332e2746
food_venue,Rosa's Canteen,"Shop 8, 500 Bourke Street MELBOURNE VIC 3000",-37.81494883,144.95876067,"{""census_year"":2024,""industry_code"":""4511"",""industry_description"":""Cafes and Restaurants"",""seats"":{""Seats - Indoor"":50},""total_seats"":50}",City of Melbourne,com:food:101176:1968c817055b00ab
food_venue,Rosco's @ Chevron,525 St Kilda Road MELBOURNE VIC 3004,-37.8455379,144.979819038,"{""census_year"":2024,""industry_code"":""4511"",""industry_description"":""Cafes and Restaurants"",""seats"":{""Seats - Indoor"":75,""Seats - Outdoor"":45},""total_seats"":120}",City of Melbourne,com:food:108646:d0c56770a43ff3d1
food_venue,Rose Garden Barbecue Shop,435 Elizabeth Street MELBOURNE VIC 3000,-37.8088586,144.960343859,"{""census_year"":2024,""industry_code"":""4511"",""industry_description"":""Cafes and Restaurants"",""seats"":{""Seats - Indoor"":32,""Seats - Outdoor"":24},""total_seats"":56}",City of Melbourne,com:food:103225:242851203feca85e
food_venue,Rosella x 31,Part Ground 312 St Kilda Road SOUTHBANK VIC 3006,-37.82912559,144.970707242,"{""census_year"":2024,""industry_code"":""4511"",""industry_description"":""Cafes and Restaurants"",""seats"":{""Seats - Outdoor"":10,""Seats - Indoor"":20},""total_seats"":30}",City of Melbourne,com:food:108658:d596fa790f6e53bd
food_venue,Rosetta,"Shop 9, Ground 8 Whiteman Street SOUTHBANK VIC 3006",-37.82312164,144.958660189,"{""census_year"":2024,""industry_code"":""4511"",""industry_description"":""Cafes and Restaurants"",""seats"":{""Seats - Indoor"":88},""total_seats"":88}",City of Melbourne,com:food:111175:d786b2ae2f396f0a
food_venue,Roslyn Thai Cafe,477 King Street WEST MELBOURNE VIC 3003,-37.80886049,144.951685372,"{""census_year"":2024,""industry_code"":""4511"",""industry_description"":""Cafes and Restaurants"",""seats"":{""Seats - Indoor"":45},""total_seats"":45}",City of Melbourne,com:food:105333:14651cc20d97e624
food_venue,Rosso Espresso Bar,"Shop 5, 495 Collins Street MELBOURNE VIC 3000",-37.81853877,144.958118475,"{""census_year"":2024,""industry_code"":""4512"",""industry_description"":""Takeaway Food Services"",""seats"":{""Seats - Indoor"":12},""total_seats"":12}",City of Melbourne,com:food:102103:38ae12d528258d0b
food_venue,Roti Bar,416-418 Little Collins Street MELBOURNE VIC 3000,-37.81581152,144.960636631,"{""census_year"":2024,""industry_code"":""4511"",""industry_description"":""Cafes and Restaurants"",""seats"":{""Seats - Indoor"":68},""total_seats"":68}",City of Melbourne,com:food:108068:4894fc9ef17508a4
food_venue,Roule Galette,"Shop 1B, 241 Flinders Lane MELBOURNE VIC 3000",-37.81685974,144.966302712,"{""census_year"":2024,""industry_code"":""4511"",""industry_description"":""Cafes and Restaurants"",""seats"":{""Seats - Outdoor"":12,""Seats - Indoor"":24},""total_seats"":36}",City of Melbourne,com:food:103940:1040b36fab588e1a
food_venue,Route 66 Bar & Grill,150-152 Wellington Parade EAST MELBOURNE VIC 3002,-37.81608793,144.984834136,"{""census_year"":2024,""industry_code"":""4520"",""industry_description"":""Pubs, Taverns and Bars"",""seats"":{""Seats - Indoor"":25},""total_seats"":25}",City of Melbourne,com:food:109996:5a3e8dd52b5a3bcf
food_venue,Roxy Kitchen And Bar,13 Bligh Place MELBOURNE VIC 3000,-37.81686635,144.963649766,"{""census_year"":2024,""industry_code"":""4511"",""industry_description"":""Cafes and Restaurants"",""seats"":{""Seats - Indoor"":136},""total_seats"":136}",City of Melbourne,com:food:110763:d6a53c085914e0dc
food_venue,Royal Kebab Cafe,193 Flemington Road NORTH MELBOURNE VIC 3051,-37.79508314,144.948423728,"{""census_year"":2024,""industry_code"":""4511"",""industry_description"":""Cafes and Restaurants"",""seats"":{""Seats - Indoor"":15},""total_seats"":15}",City of Melbourne,com:food:103842:193edccf8228abcf
food_venue,Royal Stacks,Shop LG10-LG11 287 Lonsdale Street MELBOURNE VIC 3000,-37.81245199,144.963838585,"{""census_year"":2024,""industry_code"":""4511"",""industry_description"":""Cafes and Restaurants"",""seats"":{""Seats - Indoor"":75},""total_seats"":75}",City of Melbourne,com:food:105698:fbd7fb7c39d16887
food_venue,Royal Stacks,"Shop 2, Ground 470 Collins Street MELBOURNE VIC 3000",-37.81753764,144.958333858,"{""census_year"":2024,""industry_code"":""4511"",""industry_description"":""Cafes and Restaurants"",""seats"":{""Seats - Outdoor"":26,""Seats - Indoor"":65},""total_seats"":91}",City of Melbourne,com:food:102119:abcf4c6370b61b48
food_venue,Royal Stacks,670 Bourke Street MELBOURNE VIC 3000,-37.81626997,144.954037087,"{""census_year"":2024,""industry_code"":""4511"",""industry_description"":""Cafes and Restaurants"",""seats"":{""Seats - Indoor"":48},""total_seats"":48}",City of Melbourne,com:food:558316:1df3dc6c23250092
food_venue,Royal Standard Hotel,Royal Standard Hotel 333-337 William Street WEST MELBOURNE VIC 3003,-37.80781408,144.954253706,"{""census_year"":2024,""industry_code"":""4520"",""industry_description"":""Pubs, Taverns and Bars"",""seats"":{""Seats - Indoor"":150,""Seats - Outdoor"":6},""total_seats"":156}",City of Melbourne,com:food:110111:773054dde795c6ac
food_venue,Royce Hotel,Royce Hotel 375-385 St Kilda Road MELBOURNE VIC 3004,-37.8350675,144.975513854,"{""census_year"":2024,""industry_code"":""4400"",""industry_description"":""Accommodation"",""seats"":{""Seats - Indoor"":80,""Seats - Outdoor"":24},""total_seats"":104}",City of Melbourne,com:food:108617:96688fc235e892ac
food_venue,Rozas Kitchen,147 City Road SOUTHBANK VIC 3006,-37.82376393,144.963252968,"{""census_year"":2024,""industry_code"":""4511"",""industry_description"":""Cafes and Restaurants"",""seats"":{""Seats - Indoor"":35},""total_seats"":35}",City of Melbourne,com:food:110364:537c6e17184f6152
food_venue,Rozzi's,Ground 157 Swanston Street MELBOURNE VIC 3000,-37.81407743,144.965582724,"{""census_year"":2024,""industry_code"":""4511"",""industry_description"":""Cafes and Restaurants"",""seats"":{""Seats - Indoor"":187},""total_seats"":187}",City of Melbourne,com:food:109279:b22823689af24c3f
food_venue,Rt11 Cake & Cafe,104 Elgin Street CARLTON VIC 3053,-37.79718516,144.971191848,"{""census_year"":2024,""industry_code"":""4512"",""industry_description"":""Takeaway Food Services"",""seats"":{""Seats - Indoor"":8},""total_seats"":8}",City of Melbourne,com:food:103149:1c6517bc355fe952
food_venue,Rubens,75 Victoria Street MELBOURNE VIC 3000,-37.80765748,144.957205484,"{""census_year"":2024,""industry_code"":""4511"",""industry_description"":""Cafes and Restaurants"",""seats"":{""Seats - Outdoor"":12,""Seats - Indoor"":16},""total_seats"":28}",City of Melbourne,com:food:110688:bbae24bcf4795ed1
food_venue,Rush Sushi,"Shop 62, 45 Collins Street MELBOURNE VIC 3000",-37.81430615,144.972628037,"{""census_year"":2024,""industry_code"":""4512"",""industry_description"":""Takeaway Food Services"",""seats"":{""Seats - Indoor"":16},""total_seats"":16}",City of Melbourne,com:food:102063:5f8759ae54fbbdab
food_venue,Rustica,"Shop 11, Podium 525 Collins Street MELBOURNE VIC 3000",-37.81866171,144.957538457,"{""census_year"":2024,""industry_code"":""4511"",""industry_description"":""Cafes and Restaurants"",""seats"":{""Seats - Indoor"":21,""Seats - Outdoor"":20},""total_seats"":41}",City of Melbourne,com:food:705123:644f9c50db676ab1
food_venue,Rustica,Tenancy 3 UprGround &  Level 2 Tenancy 1 376 Collins Street MELBOURNE VIC 3000,-37.81629382,144.961718566,"{""census_year"":2024,""industry_code"":""4511"",""industry_description"":""Cafes and Restaurants"",""seats"":{""Seats - Indoor"":70},""total_seats"":70}",City of Melbourne,com:food:102132:22a62df994689623
food_venue,Ruteni,"Shop 18R, 3 Freshwater Place SOUTHBANK VIC 3006",-37.82167833,144.962153946,"{""census_year"":2024,""industry_code"":""4511"",""industry_description"":""Cafes and Restaurants"",""seats"":{""Seats - Indoor"":36},""total_seats"":36}",City of Melbourne,com:food:575820:86852a77a2a64603
food_venue,Ruyi Modern Chinese,"Shop 1, Ground 16 Liverpool Street MELBOURNE VIC 3000",-37.81106615,144.97155135,"{""census_year"":2024,""industry_code"":""4511"",""industry_description"":""Cafes and Restaurants"",""seats"":{""Seats - Indoor"":49},""total_seats"":49}",City of Melbourne,com:food:105659:805404807080a1b7
food_venue,Rydges Melbourne Hotel,"Part Ground & Level 1, 174-192 Exhibition Street MELBOURNE VIC 3000",-37.81121462,144.970645342,"{""census_year"":2024,""industry_code"":""4400"",""industry_description"":""Accommodation"",""seats"":{""Seats - Indoor"":108,""Seats - Outdoor"":56},""total_seats"":164}",City of Melbourne,com:food:103621:dd3a352b319d83e8
food_venue,Rye Cafe,"Shop 16, 320-380 Epsom Road FLEMINGTON VIC 3031",-37.78257295,144.915521168,"{""census_year"":2024,""industry_code"":""4511"",""industry_description"":""Cafes and Restaurants"",""seats"":{""Seats - Indoor"":30,""Seats - Outdoor"":16},""total_seats"":46}",City of Melbourne,com:food:602256:89e3369e703ddfeb
food_venue,S & J Sushi Noodle Town,31 Errol Street NORTH MELBOURNE VIC 3051,-37.80430161,144.948881736,"{""census_year"":2024,""industry_code"":""4511"",""industry_description"":""Cafes and Restaurants"",""seats"":{""Seats - Outdoor"":24,""Seats - Indoor"":20},""total_seats"":44}",City of Melbourne,com:food:103401:8f7c1b19b958eae7
food_venue,Sabre Cafe,"Part Unit 2, 42 Sabre Drive PORT MELBOURNE VIC 3207",-37.82797655,144.906335906,"{""census_year"":2024,""industry_code"":""4511"",""industry_description"":""Cafes and Restaurants"",""seats"":{""Seats - Outdoor"":22,""Seats - Indoor"":56},""total_seats"":78}",City of Melbourne,com:food:589462:21b61bfb9d3fb90e
food_venue,Sagas World,"Tenancy 7, Ground 477 Collins Street MELBOURNE VIC 3000",-37.8184145,144.958548349,"{""census_year"":2024,""industry_code"":""4511"",""industry_description"":""Cafes and Restaurants"",""seats"":{""Seats - Indoor"":16},""total_seats"":16}",City of Melbourne,com:food:102102:e3b2c0f2e6247cea
food_venue,Sage And Grace - The Communitas Café,Part Ground 29 College Crescent PARKVILLE VIC 3052,-37.79301729,144.960593135,"{""census_year"":2024,""industry_code"":""4511"",""industry_description"":""Cafes and Restaurants"",""seats"":{""Seats - Indoor"":50,""Seats - Outdoor"":4},""total_seats"":54}",City of Melbourne,com:food:102052:aa257e9bee24a090
food_venue,Sahara Restaurant,Ground 465 Macaulay Road KENSINGTON VIC 3031,-37.79484451,144.931523215,"{""census_year"":2024,""industry_code"":""4511"",""industry_description"":""Cafes and Restaurants"",""seats"":{""Seats - Indoor"":60},""total_seats"":60}",City of Melbourne,com:food:103033:8aac01375e6dec1c
food_venue,Saigon Pho Carlton,106 Lygon Street CARLTON VIC 3053,-37.80443778,144.966699249,"{""census_year"":2024,""industry_code"":""4511"",""industry_description"":""Cafes and Restaurants"",""seats"":{""Seats - Outdoor"":10,""Seats - Indoor"":35},""total_seats"":45}",City of Melbourne,com:food:111068:6d2edbf6c28659f3
food_venue,Saint & Rogue,582-584 Little Collins Street MELBOURNE VIC 3000,-37.81740927,144.955352532,"{""census_year"":2024,""industry_code"":""4520"",""industry_description"":""Pubs, Taverns and Bars"",""seats"":{""Seats - Outdoor"":70,""Seats - Indoor"":120},""total_seats"":190}",City of Melbourne,com:food:105948:9db9496806e19de0
food_venue,Saint Dreux,Shop LG30 287 Lonsdale Street MELBOURNE VIC 3000,-37.81245199,144.963838585,"{""census_year"":2024,""industry_code"":""4512"",""industry_description"":""Takeaway Food Services"",""seats"":{""Seats - Indoor"":12},""total_seats"":12}",City of Melbourne,com:food:105698:ec88ca4c8902c9c0
food_venue,Saint Marc,"Shop 9, Podium 525 Collins Street MELBOURNE VIC 3000",-37.81866171,144.957538457,"{""census_year"":2024,""industry_code"":""4511"",""industry_description"":""Cafes and Restaurants"",""seats"":{""Seats - Outdoor"":40},""total_seats"":40}",City of Melbourne,com:food:705123:458aabbfc2930672
food_venue,Sakae,"Tenancy 12, Ground 181 William Street MELBOURNE VIC 3000",-37.81531863,144.957392295,"{""census_year"":2024,""industry_code"":""4511"",""industry_description"":""Cafes and Restaurants"",""seats"":{""Seats - Outdoor"":20,""Seats - Indoor"":20},""total_seats"":40}",City of Melbourne,com:food:612820:4f96bfba05f96a6a
food_venue,Sake Restaurant and Bar,Part 100 St Kilda Road SOUTHBANK VIC 3006,-37.82094494,144.968224607,"{""census_year"":2024,""industry_code"":""4511"",""industry_description"":""Cafes and Restaurants"",""seats"":{""Seats - Indoor"":130,""Seats - Outdoor"":70},""total_seats"":200}",City of Melbourne,com:food:110734:87338d5c5b2d6e56
food_venue,Sakedokoro Namara,360 Victoria Street NORTH MELBOURNE VIC 3051,-37.80537801,144.954338535,"{""census_year"":2024,""industry_code"":""4511"",""industry_description"":""Cafes and Restaurants"",""seats"":{""Seats - Indoor"":40,""Seats - Outdoor"":20},""total_seats"":60}",City of Melbourne,com:food:109824:73002df01921770c
food_venue,Sakura Cafe,"Shop 5, 200 Spencer Street MELBOURNE VIC 3000",-37.81625435,144.953298685,"{""census_year"":2024,""industry_code"":""4512"",""industry_description"":""Takeaway Food Services"",""seats"":{""Seats - Indoor"":8,""Seats - Outdoor"":8},""total_seats"":16}",City of Melbourne,com:food:566659:f7b5a5da86d5cfa2
food_venue,Sakura Kaiten Sushi,"Tenancy 3, 130 Lonsdale Street MELBOURNE VIC 3000",-37.8099428,144.968171809,"{""census_year"":2024,""industry_code"":""4511"",""industry_description"":""Cafes and Restaurants"",""seats"":{""Seats - Indoor"":42},""total_seats"":42}",City of Melbourne,com:food:110711:7c268f2eddc79d2c
food_venue,Sakura Kaiten Sushi II,"Shop 1, 282 Lonsdale Street MELBOURNE VIC 3000",-37.81152963,144.963996846,"{""census_year"":2024,""industry_code"":""4511"",""industry_description"":""Cafes and Restaurants"",""seats"":{""Seats - Indoor"":30},""total_seats"":30}",City of Melbourne,com:food:105747:16e321818f5530ef
food_venue,Sal's Authentic New York Pizza,"Shop 1, 289 Flinders Lane MELBOURNE VIC 3000",-37.81719024,144.96496778,"{""census_year"":2024,""industry_code"":""4511"",""industry_description"":""Cafes and Restaurants"",""seats"":{""Seats - Indoor"":32},""total_seats"":32}",City of Melbourne,com:food:103326:76e73438b802ded5
food_venue,Sal's Authentic New York Pizza,148 Exhibition Street MELBOURNE VIC 3000,-37.812234,144.970902899,"{""census_year"":2024,""industry_code"":""4512"",""industry_description"":""Takeaway Food Services"",""seats"":{""Seats - Outdoor"":5,""Seats - Indoor"":8},""total_seats"":13}",City of Melbourne,com:food:101117:6f3a27f346e2ffe0
food_venue,Salero Kito Padang On Rose Lane,9 Rose Lane MELBOURNE VIC 3000,-37.81537494,144.953525588,"{""census_year"":2024,""industry_code"":""4511"",""industry_description"":""Cafes and Restaurants"",""seats"":{""Seats - Indoor"":40,""Seats - Outdoor"":6},""total_seats"":46}",City of Melbourne,com:food:642253:ff1dfff41a0aba1f
food_venue,Salt Seafood and Burger Bar,11 Errol Street NORTH MELBOURNE VIC 3051,-37.80470159,144.94903156,"{""census_year"":2024,""industry_code"":""4512"",""industry_description"":""Takeaway Food Services"",""seats"":{""Seats - Outdoor"":18,""Seats - Indoor"":16},""total_seats"":34}",City of Melbourne,com:food:103395:e7282634c71a2bc7
food_venue,Saltwater Sushi And Oyster Bar,79 Victoria Street MELBOURNE VIC 3000,-37.80765748,144.957205484,"{""census_year"":2024,""industry_code"":""4511"",""industry_description"":""Cafes and Restaurants"",""seats"":{""Seats - Outdoor"":12,""Seats - Indoor"":12},""total_seats"":24}",City of Melbourne,com:food:110688:3a6efca258faf13d
food_venue,Saluministi,892 Bourke Street DOCKLANDS VIC 3008,-37.82007613,144.941406774,"{""census_year"":2024,""industry_code"":""4511"",""industry_description"":""Cafes and Restaurants"",""seats"":{""Seats - Outdoor"":12,""Seats - Indoor"":44},""total_seats"":56}",City of Melbourne,com:food:623575:1ea3f5a765545f06
food_venue,Saluministi,Part Ground 388-394 Flinders Lane MELBOURNE VIC 3000,-37.81799198,144.961057119,"{""census_year"":2024,""industry_code"":""4512"",""industry_description"":""Takeaway Food Services"",""seats"":{""Seats - Indoor"":2},""total_seats"":2}",City of Melbourne,com:food:606103:2e9daaf842d1efeb
food_venue,Sam Sam,Ground 209 Swanston Street MELBOURNE VIC 3000,-37.81289706,144.965038641,"{""census_year"":2024,""industry_code"":""4511"",""industry_description"":""Cafes and Restaurants"",""seats"":{""Seats - Indoor"":90},""total_seats"":90}",City of Melbourne,com:food:109285:7d29eb878ea323d1
food_venue,Sam Spade,Ground 333 La Trobe Street MELBOURNE VIC 3000,-37.81107017,144.959644312,"{""census_year"":2024,""industry_code"":""4512"",""industry_description"":""Takeaway Food Services"",""seats"":{""Seats - Indoor"":10},""total_seats"":10}",City of Melbourne,com:food:105454:6e33471d42098d58
food_venue,Sambar Restaurant,"Shop 4, 353 Little Collins Street MELBOURNE VIC 3000",-37.81570426,144.962984348,"{""census_year"":2024,""industry_code"":""4511"",""industry_description"":""Cafes and Restaurants"",""seats"":{""Seats - Indoor"":28,""Seats - Outdoor"":12},""total_seats"":40}",City of Melbourne,com:food:110669:6eefee1cda3dfe0d
food_venue,Samut,Ground 46 Little La Trobe Street MELBOURNE VIC 3000,-37.80929555,144.962251266,"{""census_year"":2024,""industry_code"":""4511"",""industry_description"":""Cafes and Restaurants"",""seats"":{""Seats - Indoor"":28},""total_seats"":28}",City of Melbourne,com:food:105985:6d535090bafc9051
food_venue,San Antone,"Shop 49A, Level 1 8 Whiteman Street SOUTHBANK VIC 3006",-37.82312164,144.958660189,"{""census_year"":2024,""industry_code"":""4511"",""industry_description"":""Cafes and Restaurants"",""seats"":{""Seats - Indoor"":187},""total_seats"":187}",City of Melbourne,com:food:111175:3c56c7d018add9b5
food_venue,San Churro Chocolateria,175 Lygon Street CARLTON VIC 3053,-37.80156205,144.966485562,"{""census_year"":2024,""industry_code"":""4511"",""industry_description"":""Cafes and Restaurants"",""seats"":{""Seats - Indoor"":60,""Seats - Outdoor"":24},""total_seats"":84}",City of Melbourne,com:food:106104:dd177b29e1044b72
food_venue,san churro docklands,Ground 11 Star Circus DOCKLANDS VIC 3008,-37.8131707,144.937857365,"{""census_year"":2024,""industry_code"":""4511"",""industry_description"":""Cafes and Restaurants"",""seats"":{""Seats - Indoor"":45},""total_seats"":45}",City of Melbourne,com:food:620312:1c0e083122662846
food_venue,San Marzano Pizzeria,831D Bourke Street DOCKLANDS VIC 3008,-37.82044557,144.943459922,"{""census_year"":2024,""industry_code"":""4512"",""industry_description"":""Takeaway Food Services"",""seats"":{""Seats - Indoor"":8},""total_seats"":8}",City of Melbourne,com:food:609480:ffb48e04184c322d
food_venue,San Telmo Restaurant,"Shop 2, 12-18 Meyers Place MELBOURNE VIC 3000",-37.81221616,144.972450949,"{""census_year"":2024,""industry_code"":""4511"",""industry_description"":""Cafes and Restaurants"",""seats"":{""Seats - Indoor"":85},""total_seats"":85}",City of Melbourne,com:food:106560:e7df7945dee5134f
food_venue,Sandrock,"Tenancy E, Ground 50 Flemington Road PARKVILLE VIC 3052",-37.79372054,144.949547006,"{""census_year"":2024,""industry_code"":""4511"",""industry_description"":""Cafes and Restaurants"",""seats"":{""Seats - Indoor"":42},""total_seats"":42}",City of Melbourne,com:food:103908:e492d6cf6330ea6c
food_venue,Sanhe Congee,Part Ground 185 Victoria Street WEST MELBOURNE VIC 3003,-37.80604868,144.955442178,"{""census_year"":2024,""industry_code"":""4511"",""industry_description"":""Cafes and Restaurants"",""seats"":{""Seats - Indoor"":28},""total_seats"":28}",City of Melbourne,com:food:109683:d887e037af9e5d6d
food_venue,Sanjha Chulha Lahore Te Amritsar Da,16 Bourke Street MELBOURNE VIC 3000,-37.81127672,144.972412935,"{""census_year"":2024,""industry_code"":""4511"",""industry_description"":""Cafes and Restaurants"",""seats"":{""Seats - Indoor"":48},""total_seats"":48}",City of Melbourne,com:food:504544:0ba57e19b7c87560
food_venue,Sao Bar & BBQ,"Shop A, 550 Lonsdale Street MELBOURNE VIC 3000",-37.8134766,144.956016924,"{""census_year"":2024,""industry_code"":""4511"",""industry_description"":""Cafes and Restaurants"",""seats"":{""Seats - Indoor"":24},""total_seats"":24}",City of Melbourne,com:food:105726:e9a19c6ac354bd06
food_venue,Saporito Taquito,Ground 12 Kavanagh Street SOUTHBANK VIC 3006,-37.82261378,144.966258139,"{""census_year"":2024,""industry_code"":""4511"",""industry_description"":""Cafes and Restaurants"",""seats"":{""Seats - Outdoor"":18,""Seats - Indoor"":50},""total_seats"":68}",City of Melbourne,com:food:110415:6170531b51c68426
food_venue,Sara Craft Ramen & Bar,"Shop 3, 391 Little Lonsdale Street MELBOURNE VIC 3000",-37.81187439,144.960341087,"{""census_year"":2024,""industry_code"":""4511"",""industry_description"":""Cafes and Restaurants"",""seats"":{""Seats - Indoor"":21},""total_seats"":21}",City of Melbourne,com:food:106017:b73a84789eda09f9
food_venue,Saravanaa Bhavan Melbourne,Ground 1 131 King Street MELBOURNE VIC 3000,-37.81708323,144.955503913,"{""census_year"":2024,""industry_code"":""4511"",""industry_description"":""Cafes and Restaurants"",""seats"":{""Seats - Indoor"":96},""total_seats"":96}",City of Melbourne,com:food:105299:55843ecde1828365
food_venue,Sarawak Kitchen,469 Elizabeth Street MELBOURNE VIC 3000,-37.807983,144.95996948,"{""census_year"":2024,""industry_code"":""4511"",""industry_description"":""Cafes and Restaurants"",""seats"":{""Seats - Indoor"":45,""Seats - Outdoor"":21},""total_seats"":66}",City of Melbourne,com:food:511516:4c08d698f5f86081
food_venue,Sargon,"Shop 1, Ground 24-28 Collins Street MELBOURNE VIC 3000",-37.81342593,144.972708323,"{""census_year"":2024,""industry_code"":""4512"",""industry_description"":""Takeaway Food Services"",""seats"":{""Seats - Indoor"":18,""Seats - Outdoor"":6},""total_seats"":24}",City of Melbourne,com:food:102168:c15db3561a39f71b
food_venue,Sargon,Part Ground 2 Lonsdale Street MELBOURNE VIC 3000,-37.8091232,144.971443019,"{""census_year"":2024,""industry_code"":""4511"",""industry_description"":""Cafes and Restaurants"",""seats"":{""Seats - Indoor"":60,""Seats - Outdoor"":24},""total_seats"":84}",City of Melbourne,com:food:580090:69fe3c8c9357e9b3
food_venue,Sargon Food And Coffee,327 Grattan Street MELBOURNE VIC 3000,-37.80009421,144.956578445,"{""census_year"":2024,""industry_code"":""4511"",""industry_description"":""Cafes and Restaurants"",""seats"":{""Seats - Indoor"":25,""Seats - Outdoor"":15},""total_seats"":40}",City of Melbourne,com:food:103256:771d4ee321193c18
food_venue,Sassone By The Riverside,66A River Esplanade DOCKLANDS VIC 3008,-37.82488025,144.946355947,"{""census_year"":2024,""industry_code"":""4511"",""industry_description"":""Cafes and Restaurants"",""seats"":{""Seats - Outdoor"":36,""Seats - Indoor"":60},""total_seats"":96}",City of Melbourne,com:food:560266:4056d085973c4bf6
food_venue,Sassy Italian Restaurant,1-7 Dryburgh Street WEST MELBOURNE VIC 3003,-37.80671459,144.942416906,"{""census_year"":2024,""industry_code"":""4511"",""industry_description"":""Cafes and Restaurants"",""seats"":{""Seats - Indoor"":100},""total_seats"":100}",City of Melbourne,com:food:105083:98304da38461226b
food_venue,Saving Grace,30 Church Lane MELBOURNE VIC 3000,-37.81719649,144.957798923,"{""census_year"":2024,""industry_code"":""4511"",""industry_description"":""Cafes and Restaurants"",""seats"":{""Seats - Outdoor"":30,""Seats - Indoor"":50},""total_seats"":80}",City of Melbourne,com:food:105940:2c76a7248c6545fb
food_venue,Sbriga,"Lot 2, Ground 270 King Street MELBOURNE VIC 3000",-37.81372352,144.954929347,"{""census_year"":2024,""industry_code"":""4512"",""industry_description"":""Takeaway Food Services"",""seats"":{""Seats - Outdoor"":28},""total_seats"":28}",City of Melbourne,com:food:105376:a7eb980adcfa7ed5
food_venue,Schmucks Bagels,"Tenancy 9, Ground 567 Collins Street MELBOURNE VIC 3000",-37.81902044,144.955727469,"{""census_year"":2024,""industry_code"":""4511"",""industry_description"":""Cafes and Restaurants"",""seats"":{""Seats - Outdoor"":33,""Seats - Indoor"":30},""total_seats"":63}",City of Melbourne,com:food:579252:645299bd3b7c4eae
food_venue,Schmucks Bagels,"Shop 5, LwrGround 518 Little Bourke Street MELBOURNE VIC 3000",-37.8146364,144.95704074,"{""census_year"":2024,""industry_code"":""4511"",""industry_description"":""Cafes and Restaurants"",""seats"":{""Seats - Indoor"":18,""Seats - Outdoor"":18},""total_seats"":36}",City of Melbourne,com:food:110099:420915f079ad8df5
food_venue,Schnitz,"Shop 264K, Level 2 300 Lonsdale Street MELBOURNE VIC 3000",-37.81073331,144.963018917,"{""census_year"":2024,""industry_code"":""4512"",""industry_description"":""Takeaway Food Services"",""seats"":{""Seats - Indoor"":7},""total_seats"":7}",City of Melbourne,com:food:105746:fa1dfd28802128ba
food_venue,Schnitz,"Shop 208A, Level 1 201 Spencer Street DOCKLANDS VIC 3008",-37.81501701,144.951186966,"{""census_year"":2024,""industry_code"":""4511"",""industry_description"":""Cafes and Restaurants"",""seats"":{""Seats - Indoor"":50},""total_seats"":50}",City of Melbourne,com:food:110843:ed1283ab45ba6277
food_venue,Schnitz Melbourne Connect,"Shop D, Ground 700 Swanston Street CARLTON VIC 3053",-37.7999972,144.96482819,"{""census_year"":2024,""industry_code"":""4511"",""industry_description"":""Cafes and Restaurants"",""seats"":{""Seats - Outdoor"":16,""Seats - Indoor"":12},""total_seats"":28}",City of Melbourne,com:food:104469:ca86652e92b5907c
food_venue,Scholar & Co,Part Ground Arts Centre Building 199 University of Melbourne 757 Swanston Street PARKVILLE VIC 3010,-37.79738772,144.961258672,"{""census_year"":2024,""industry_code"":""4512"",""industry_description"":""Takeaway Food Services"",""seats"":{""Seats - Outdoor"":40,""Seats - Indoor"":14},""total_seats"":54}",City of Melbourne,com:food:664638:4f092097da5b0b03
food_venue,Scoopy Central,297 La Trobe Street MELBOURNE VIC 3000,-37.81082676,144.960466822,"{""census_year"":2024,""industry_code"":""4511"",""industry_description"":""Cafes and Restaurants"",""seats"":{""Seats - Indoor"":60,""Seats - Outdoor"":6},""total_seats"":66}",City of Melbourne,com:food:105449:d2a1ed4988c76cec
food_venue,Scooter,"Shop 3, 625 Little Collins Street MELBOURNE VIC 3000",-37.81818484,144.954365839,"{""census_year"":2024,""industry_code"":""4511"",""industry_description"":""Cafes and Restaurants"",""seats"":{""Seats - Indoor"":24},""total_seats"":24}",City of Melbourne,com:food:108968:dd7def1bfe8e9881
food_venue,Scopri Italian Food & Wine,191 Nicholson Street CARLTON VIC 3053,-37.79568657,144.974922089,"{""census_year"":2024,""industry_code"":""4511"",""industry_description"":""Cafes and Restaurants"",""seats"":{""Seats - Indoor"":60},""total_seats"":60}",City of Melbourne,com:food:106956:2050da33bb6cc994
food_venue,Scugnizzo Ristorante,Ground 558 Little Bourke Street MELBOURNE VIC 3000,-37.81491966,144.955942078,"{""census_year"":2024,""industry_code"":""4511"",""industry_description"":""Cafes and Restaurants"",""seats"":{""Seats - Indoor"":85,""Seats - Outdoor"":14},""total_seats"":99}",City of Melbourne,com:food:105861:682865951af696b0
food_venue,Sea Life Melbourne Aquarium,Sea Life Melbourne Aquarium 503 Flinders Street MELBOURNE VIC 3000,-37.8204728,144.958989523,"{""census_year"":2024,""industry_code"":""8921"",""industry_description"":""Zoological and Botanical Gardens Operation"",""seats"":{""Seats - Indoor"":164},""total_seats"":164}",City of Melbourne,com:food:111467:1cbf6007c33233e2
food_venue,Sea Salt Kitchen,364 Lygon Street CARLTON VIC 3053,-37.79828024,144.967643727,"{""census_year"":2024,""industry_code"":""4511"",""industry_description"":""Cafes and Restaurants"",""seats"":{""Seats - Indoor"":50,""Seats - Outdoor"":23},""total_seats"":73}",City of Melbourne,com:food:106195:bbf6ac421a8daae1
food_venue,Sea Salt Kitchen,362 Lygon Street CARLTON VIC 3053,-37.79832944,144.967634649,"{""census_year"":2024,""industry_code"":""4511"",""industry_description"":""Cafes and Restaurants"",""seats"":{""Seats - Outdoor"":22,""Seats - Indoor"":50},""total_seats"":72}",City of Melbourne,com:food:106196:62fdacbf14e965b7
food_venue,Seafood Street,167-169 Russell Street MELBOURNE VIC 3000,-37.81246709,144.96764788,"{""census_year"":2024,""industry_code"":""4511"",""industry_description"":""Cafes and Restaurants"",""seats"":{""Seats - Indoor"":60},""total_seats"":60}",City of Melbourne,com:food:108538:fe5875f2ae6d8762
food_venue,Seamstress,113 Lonsdale Street MELBOURNE VIC 3000,-37.81056538,144.969011069,"{""census_year"":2024,""industry_code"":""4511"",""industry_description"":""Cafes and Restaurants"",""seats"":{""Seats - Indoor"":20},""total_seats"":20}",City of Melbourne,com:food:105675:4a0b7d3fc459450a
food_venue,Seasons Provedore,199 Lygon Street CARLTON VIC 3053,-37.80096704,144.966659073,"{""census_year"":2024,""industry_code"":""4511"",""industry_description"":""Cafes and Restaurants"",""seats"":{""Seats - Indoor"":50,""Seats - Outdoor"":24},""total_seats"":74}",City of Melbourne,com:food:106112:452d63b76934f181
food_venue,Sebastian Kakigori,203 Queen Street MELBOURNE VIC 3000,-37.8139639,144.959951727,"{""census_year"":2024,""industry_code"":""4129"",""industry_description"":""Other Specialised Food Retailing"",""seats"":{""Seats - Indoor"":20},""total_seats"":20}",City of Melbourne,com:food:108075:de4f112f816849f8
food_venue,Secret Kitchen,"Tenancy 4, Gnd & Mezz 222 Exhibition Street MELBOURNE VIC 3000",-37.81055707,144.97049616,"{""census_year"":2024,""industry_code"":""4511"",""industry_description"":""Cafes and Restaurants"",""seats"":{""Seats - Indoor"":300},""total_seats"":300}",City of Melbourne,com:food:103620:1ea8fd8b6299a720
food_venue,Section 8 Bar,27-29 Tattersalls Lane MELBOURNE VIC 3000,-37.81176167,144.965389889,"{""census_year"":2024,""industry_code"":""4520"",""industry_description"":""Pubs, Taverns and Bars"",""seats"":{""Seats - Outdoor"":40},""total_seats"":40}",City of Melbourne,com:food:109436:2c2deab101bd1889
food_venue,Seedling Cafe,275 Flinders Lane MELBOURNE VIC 3000,-37.81710105,144.965484351,"{""census_year"":2024,""industry_code"":""4512"",""industry_description"":""Takeaway Food Services"",""seats"":{""Seats - Indoor"":8,""Seats - Outdoor"":10},""total_seats"":18}",City of Melbourne,com:food:103943:480c3a2aecc97552
food_venue,Select market,254 Flinders Street MELBOURNE VIC 3000,-37.81752037,144.965997298,"{""census_year"":2024,""industry_code"":""4129"",""industry_description"":""Other Specialised Food Retailing"",""seats"":{""Seats - Indoor"":2},""total_seats"":2}",City of Melbourne,com:food:104011:1213b04caff6e6c5
food_venue,Sensory Lab,Part Gnd & Mezz 706 Lorimer Street PORT MELBOURNE VIC 3207,-37.82169215,144.925432398,"{""census_year"":2024,""industry_code"":""1199"",""industry_description"":""Other Food Product Manufacturing n.e.c."",""seats"":{""Seats - Indoor"":16},""total_seats"":16}",City of Melbourne,com:food:110516:0e90df1d6d06d378
food_venue,Seoul Pocha,173 Lygon Street CARLTON VIC 3053,-37.80160598,144.966476308,"{""census_year"":2024,""industry_code"":""4511"",""industry_description"":""Cafes and Restaurants"",""seats"":{""Seats - Indoor"":50,""Seats - Outdoor"":12},""total_seats"":62}",City of Melbourne,com:food:106103:364d3b8765c8cac3
food_venue,Seoul Toast Bong,"Shop 6, 551-555 Little Lonsdale Street MELBOURNE VIC 3000",-37.81329521,144.955565246,"{""census_year"":2024,""industry_code"":""4511"",""industry_description"":""Cafes and Restaurants"",""seats"":{""Seats - Indoor"":17,""Seats - Outdoor"":2},""total_seats"":19}",City of Melbourne,com:food:106023:fab51e19c3fdedf5
food_venue,Serai Kitchen,7 Racing Club Lane MELBOURNE VIC 3000,-37.81379494,144.961598239,"{""census_year"":2024,""industry_code"":""4511"",""industry_description"":""Cafes and Restaurants"",""seats"":{""Seats - Indoor"":54,""Seats - Outdoor"":24},""total_seats"":78}",City of Melbourne,com:food:105848:406315fc79480aa5
food_venue,Sergy Boy,"Shop 1-2, 699 Collins Street DOCKLANDS VIC 3008",-37.82019801,144.951576469,"{""census_year"":2024,""industry_code"":""4511"",""industry_description"":""Cafes and Restaurants"",""seats"":{""Seats - Outdoor"":58,""Seats - Indoor"":68},""total_seats"":126}",City of Melbourne,com:food:605910:1dd3f2fd5f50de05
food_venue,Sergy Girl,Part Ground 15-33 William Street MELBOURNE VIC 3000,-37.8192157,144.959187534,"{""census_year"":2024,""industry_code"":""4511"",""industry_description"":""Cafes and Restaurants"",""seats"":{""Seats - Indoor"":22},""total_seats"":22}",City of Melbourne,com:food:110091:74c14a222676de70
food_venue,Seven Seeds,106-114 Berkeley Street CARLTON VIC 3053,-37.8028778,144.959127095,"{""census_year"":2024,""industry_code"":""4511"",""industry_description"":""Cafes and Restaurants"",""seats"":{""Seats - Outdoor"":16,""Seats - Indoor"":90},""total_seats"":106}",City of Melbourne,com:food:101061:e06cf6bf001eed4f
food_venue,Seven Star Bbq & Pocha Chinatown,113 Little Bourke Street MELBOURNE VIC 3000,-37.81156159,144.969102548,"{""census_year"":2024,""industry_code"":""4511"",""industry_description"":""Cafes and Restaurants"",""seats"":{""Seats - Indoor"":119},""total_seats"":119}",City of Melbourne,com:food:105835:c059dc91f330de6e
food_venue,Seven Star Pocha,"Shop H, 535 Little Lonsdale Street MELBOURNE VIC 3000",-37.8134766,144.956016924,"{""census_year"":2024,""industry_code"":""4511"",""industry_description"":""Cafes and Restaurants"",""seats"":{""Seats - Indoor"":68,""Seats - Outdoor"":12},""total_seats"":80}",City of Melbourne,com:food:110708:33b50ddf3387d83c
food_venue,Sezar,6 Melbourne Place MELBOURNE VIC 3000,-37.81350285,144.968975222,"{""census_year"":2024,""industry_code"":""4511"",""industry_description"":""Cafes and Restaurants"",""seats"":{""Seats - Indoor"":100},""total_seats"":100}",City of Melbourne,com:food:108591:bbda5ed9ddaa8919
food_venue,Shadow Play By Peppers,107 Clarendon Street SOUTHBANK VIC 3006,-37.8271138,144.958224358,"{""census_year"":2024,""industry_code"":""4400"",""industry_description"":""Accommodation"",""seats"":{""Seats - Indoor"":50},""total_seats"":50}",City of Melbourne,com:food:110399:a26a03f34a110369
food_venue,Shakahari Vegetarian Restaurant,201-203 Faraday Street CARLTON VIC 3053,-37.79900338,144.967802954,"{""census_year"":2024,""industry_code"":""4511"",""industry_description"":""Cafes and Restaurants"",""seats"":{""Seats - Outdoor"":20,""Seats - Indoor"":76},""total_seats"":96}",City of Melbourne,com:food:103689:c8c990eb8b2aa69c
food_venue,Shan Cheng Wai Fish And Pickles,Shop Ground 268 Swanston Street MELBOURNE VIC 3000,-37.81169356,144.965104624,"{""census_year"":2024,""industry_code"":""4511"",""industry_description"":""Cafes and Restaurants"",""seats"":{""Seats - Indoor"":28},""total_seats"":28}",City of Melbourne,com:food:109389:584f3deb6d28efe7
food_venue,Shandong Mama Dumplings,"Shop 7-8, Ground 194-200 Bourke Street MELBOURNE VIC 3000",-37.81244678,144.967282791,"{""census_year"":2024,""industry_code"":""4511"",""industry_description"":""Cafes and Restaurants"",""seats"":{""Seats - Indoor"":48},""total_seats"":48}",City of Melbourne,com:food:101204:417d69d8c0c23786
food_venue,Shandong Mama Mini,"Shop 5, Centre Place MELBOURNE VIC 3000",-37.81664468,144.965474376,"{""census_year"":2024,""industry_code"":""4512"",""industry_description"":""Takeaway Food Services"",""seats"":{""Seats - Outdoor"":6,""Seats - Indoor"":16},""total_seats"":22}",City of Melbourne,com:food:101788:57d3f63f11cbe409
food_venue,Shangha Street Xiaolongboa & Dumpling,146-148 Little Bourke Street MELBOURNE VIC 3000,-37.81132789,144.967994718,"{""census_year"":2024,""industry_code"":""4511"",""industry_description"":""Cafes and Restaurants"",""seats"":{""Seats - Indoor"":80},""total_seats"":80}",City of Melbourne,com:food:108582:5b5c2ed384a085b3
food_venue,Shanghai Dragon Dumpling House,163 Russell Street MELBOURNE VIC 3000,-37.81246709,144.96764788,"{""census_year"":2024,""industry_code"":""4511"",""industry_description"":""Cafes and Restaurants"",""seats"":{""Seats - Indoor"":28},""total_seats"":28}",City of Melbourne,com:food:108538:d6b73ca9fa5e5bc3
food_venue,Shanghai Dumpling,Gnd & Flr1 23 Tattersalls Lane MELBOURNE VIC 3000,-37.8118662,144.965438531,"{""census_year"":2024,""industry_code"":""4511"",""industry_description"":""Cafes and Restaurants"",""seats"":{""Seats - Indoor"":90},""total_seats"":90}",City of Melbourne,com:food:109435:b769a22a302f4758
food_venue,Shanghai Flower,Part Level 2 360 Bourke Street MELBOURNE VIC 3000,-37.81411399,144.962638938,"{""census_year"":2024,""industry_code"":""4511"",""industry_description"":""Cafes and Restaurants"",""seats"":{""Seats - Indoor"":130},""total_seats"":130}",City of Melbourne,com:food:101192:7da3e1b4a38e43af
food_venue,Shanghai Street,342 Little Bourke Street MELBOURNE VIC 3000,-37.81321386,144.962283023,"{""census_year"":2024,""industry_code"":""4511"",""industry_description"":""Cafes and Restaurants"",""seats"":{""Seats - Indoor"":30},""total_seats"":30}",City of Melbourne,com:food:103187:5960d2a5a01e6adf
food_venue,Shanghai Street On Elizabeth,303-305 Elizabeth Street MELBOURNE VIC 3000,-37.81155119,144.961598787,"{""census_year"":2024,""industry_code"":""4511"",""industry_description"":""Cafes and Restaurants"",""seats"":{""Seats - Indoor"":80},""total_seats"":80}",City of Melbourne,com:food:103205:3e550ed684b72ae5
food_venue,Shanghai Taste,"Shop 323, Level 3 287 Lonsdale Street MELBOURNE VIC 3000",-37.81245199,144.963838585,"{""census_year"":2024,""industry_code"":""4511"",""industry_description"":""Cafes and Restaurants"",""seats"":{""Seats - Indoor"":80},""total_seats"":80}",City of Melbourne,com:food:105698:92fbb5925c14f36a
food_venue,Shanghai Village,112-114 Little Bourke Street MELBOURNE VIC 3000,-37.81124441,144.969075538,"{""census_year"":2024,""industry_code"":""4511"",""industry_description"":""Cafes and Restaurants"",""seats"":{""Seats - Indoor"":180},""total_seats"":180}",City of Melbourne,com:food:105895:a76ca7d7dfb3088f
food_venue,Shark Fin Inn City,50-52 Little Bourke Street MELBOURNE VIC 3000,-37.81068513,144.970974892,"{""census_year"":2024,""industry_code"":""4511"",""industry_description"":""Cafes and Restaurants"",""seats"":{""Seats - Indoor"":220},""total_seats"":220}",City of Melbourne,com:food:105899:6b7d56c7831cf4b0
food_venue,Shaxian Snacks,Basement 220 Bourke Street MELBOURNE VIC 3000,-37.81291316,144.966737509,"{""census_year"":2024,""industry_code"":""4511"",""industry_description"":""Cafes and Restaurants"",""seats"":{""Seats - Indoor"":18},""total_seats"":18}",City of Melbourne,com:food:101201:9585d56fd90fddc5
food_venue,Sher Singh,807 Bourke Street DOCKLANDS VIC 3008,-37.81970478,144.945066127,"{""census_year"":2024,""industry_code"":""4511"",""industry_description"":""Cafes and Restaurants"",""seats"":{""Seats - Indoor"":84},""total_seats"":84}",City of Melbourne,com:food:631080:1336e18cabb2e06c
food_venue,Shesh Besh Cafe & Milkbar,2 Garrard Street PARKVILLE VIC 3052,-37.77964779,144.942154318,"{""census_year"":2024,""industry_code"":""4111"",""industry_description"":""Convenience Store"",""seats"":{""Seats - Indoor"":2,""Seats - Outdoor"":2},""total_seats"":4}",City of Melbourne,com:food:608380:1b5ea85b8ebcd668
food_venue,Shinbashi Yakiniku,294-296 Lygon Street CARLTON VIC 3053,-37.80004497,144.967348455,"{""census_year"":2024,""industry_code"":""4511"",""industry_description"":""Cafes and Restaurants"",""seats"":{""Seats - Indoor"":74},""total_seats"":74}",City of Melbourne,com:food:106216:c0ae5c956f53c68c
food_venue,Shinsei Fish And Sushi,67 Merchant Street DOCKLANDS VIC 3008,-37.82044557,144.943459922,"{""census_year"":2024,""industry_code"":""4511"",""industry_description"":""Cafes and Restaurants"",""seats"":{""Seats - Indoor"":52},""total_seats"":52}",City of Melbourne,com:food:609480:4058ea1e75b769e1
food_venue,Shiraaz By Rajputana,110 Adderley Street WEST MELBOURNE VIC 3003,-37.81025507,144.948450986,"{""census_year"":2024,""industry_code"":""4511"",""industry_description"":""Cafes and Restaurants"",""seats"":{""Seats - Indoor"":80},""total_seats"":80}",City of Melbourne,com:food:714408:17c5d943b90f3cf3
food_venue,SHO Noodles,"Shop 81, Ground 8 Whiteman Street SOUTHBANK VIC 3006",-37.82312164,144.958660189,"{""census_year"":2024,""industry_code"":""4511"",""industry_description"":""Cafes and Restaurants"",""seats"":{""Seats - Indoor"":200},""total_seats"":200}",City of Melbourne,com:food:111175:f12204320a1fdb8b
food_venue,Shoku Eatery,514 Little Bourke Street MELBOURNE VIC 3000,-37.8146364,144.95704074,"{""census_year"":2024,""industry_code"":""4511"",""industry_description"":""Cafes and Restaurants"",""seats"":{""Seats - Indoor"":24},""total_seats"":24}",City of Melbourne,com:food:110099:d241dcad1c034ea2
food_venue,Shooter McGavins,117 Grattan Street CARLTON VIC 3053,-37.80080042,144.965624121,"{""census_year"":2024,""industry_code"":""4511"",""industry_description"":""Cafes and Restaurants"",""seats"":{""Seats - Outdoor"":30,""Seats - Indoor"":12},""total_seats"":42}",City of Melbourne,com:food:104449:d81f23f498b49da5
food_venue,Shortstop Coffee & Donuts,12 Sutherland Street MELBOURNE VIC 3000,-37.81131628,144.960948366,"{""census_year"":2024,""industry_code"":""4512"",""industry_description"":""Takeaway Food Services"",""seats"":{""Seats - Indoor"":8},""total_seats"":8}",City of Melbourne,com:food:650593:cc977a5922a35e95
food_venue,Shou Sumiyaki,"Tenancy 5, 158 Little Bourke Street MELBOURNE VIC 3000",-37.81158809,144.967863195,"{""census_year"":2024,""industry_code"":""4511"",""industry_description"":""Cafes and Restaurants"",""seats"":{""Seats - Indoor"":90},""total_seats"":90}",City of Melbourne,com:food:108583:a17161ab326de78a
food_venue,SHOWTIME EVENT CENTRE PTY LTD,Shop FG01 20 Convention Centre Place SOUTH WHARF VIC 3006,-37.82539976,144.952378154,"{""census_year"":2024,""industry_code"":""6712"",""industry_description"":""Non-Residential Property Operators"",""seats"":{""Seats - Indoor"":280,""Seats - Outdoor"":100},""total_seats"":380}",City of Melbourne,com:food:110542:8656e4d08608be3a
food_venue,Shoya Japanese Restaurant,23-27 Market Lane MELBOURNE VIC 3000,-37.81173945,144.969114739,"{""census_year"":2024,""industry_code"":""4511"",""industry_description"":""Cafes and Restaurants"",""seats"":{""Seats - Indoor"":125},""total_seats"":125}",City of Melbourne,com:food:106431:cfaf97df9ecef155
food_venue,Shrine of Remembrance,Shrine of Remembrance Reserve St Kilda Road MELBOURNE VIC 3004,-37.83039674,144.973071716,"{""census_year"":2024,""industry_code"":""8910"",""industry_description"":""Museum Operation"",""seats"":{""Seats - Indoor"":200},""total_seats"":200}",City of Melbourne,com:food:111025:f993f39e1b2e4d85
food_venue,Shu Ramen Elizabeth,427 Elizabeth Street MELBOURNE VIC 3000,-37.80897533,144.960424356,"{""census_year"":2024,""industry_code"":""4511"",""industry_description"":""Cafes and Restaurants"",""seats"":{""Seats - Indoor"":32,""Seats - Outdoor"":6},""total_seats"":38}",City of Melbourne,com:food:103223:78b5c45a84442eb4
food_venue,Shuji sushi,"Shop 8, 36 Lonsdale Street MELBOURNE VIC 3000",-37.8091842,144.970732451,"{""census_year"":2024,""industry_code"":""4511"",""industry_description"":""Cafes and Restaurants"",""seats"":{""Seats - Indoor"":20},""total_seats"":20}",City of Melbourne,com:food:603923:b7c161bec0f17355
food_venue,Shuji Sushi,"Shop B, Ground 700 Swanston Street CARLTON VIC 3053",-37.7999972,144.96482819,"{""census_year"":2024,""industry_code"":""4511"",""industry_description"":""Cafes and Restaurants"",""seats"":{""Seats - Outdoor"":30,""Seats - Indoor"":8},""total_seats"":38}",City of Melbourne,com:food:104469:80ac469eeabddaed
food_venue,Shuji Sushi,"Shop G9, 129 Canning Street NORTH MELBOURNE VIC 3051",-37.79616005,144.940736597,"{""census_year"":2024,""industry_code"":""4512"",""industry_description"":""Takeaway Food Services"",""seats"":{""Seats - Indoor"":24},""total_seats"":24}",City of Melbourne,com:food:703218:86babc30b4e73b31
food_venue,Shuji Sushi,"Tenancy 1, Ground 50 Flemington Road PARKVILLE VIC 3052",-37.79372054,144.949547006,"{""census_year"":2024,""industry_code"":""4511"",""industry_description"":""Cafes and Restaurants"",""seats"":{""Seats - Indoor"":32},""total_seats"":32}",City of Melbourne,com:food:103908:a671ded92ccdf441
food_venue,Shuji Sushi Chevron,1 Commercial Road MELBOURNE VIC 3004,-37.8455379,144.979819038,"{""census_year"":2024,""industry_code"":""4511"",""industry_description"":""Cafes and Restaurants"",""seats"":{""Seats - Outdoor"":18,""Seats - Indoor"":14},""total_seats"":32}",City of Melbourne,com:food:108646:130b13d6523e57ba
food_venue,Shujinko,225 Russell Street MELBOURNE VIC 3000,-37.81134264,144.967136218,"{""census_year"":2024,""industry_code"":""4511"",""industry_description"":""Cafes and Restaurants"",""seats"":{""Seats - Indoor"":48},""total_seats"":48}",City of Melbourne,com:food:659717:6e2095b9249fb148
food_venue,Shujinko Flinders,280 Flinders Street MELBOURNE VIC 3000,-37.81763649,144.96509495,"{""census_year"":2024,""industry_code"":""4511"",""industry_description"":""Cafes and Restaurants"",""seats"":{""Seats - Indoor"":46},""total_seats"":46}",City of Melbourne,com:food:103328:042e18c0c1a58aa8
food_venue,Sichuan House,Ground 22-26 Corrs Lane MELBOURNE VIC 3000,-37.8109979,144.968324899,"{""census_year"":2024,""industry_code"":""4511"",""industry_description"":""Cafes and Restaurants"",""seats"":{""Seats - Indoor"":98},""total_seats"":98}",City of Melbourne,com:food:102198:223efd5e23156fda
food_venue,Sichuan Impression,150 Little Bourke Street MELBOURNE VIC 3000,-37.81132789,144.967994718,"{""census_year"":2024,""industry_code"":""4511"",""industry_description"":""Cafes and Restaurants"",""seats"":{""Seats - Indoor"":60},""total_seats"":60}",City of Melbourne,com:food:108582:9cd85f02eedb7a48
food_venue,Siglo Bar,Level 2 161 Spring Street MELBOURNE VIC 3000,-37.81095129,144.972429029,"{""census_year"":2024,""industry_code"":""4520"",""industry_description"":""Pubs, Taverns and Bars"",""seats"":{""Seats - Indoor"":10,""Seats - Outdoor"":80},""total_seats"":90}",City of Melbourne,com:food:108986:23d625ec6e484547
food_venue,Silk spoon,"Shop 6, 500 Bourke Street MELBOURNE VIC 3000",-37.81494883,144.95876067,"{""census_year"":2024,""industry_code"":""4511"",""industry_description"":""Cafes and Restaurants"",""seats"":{""Seats - Indoor"":68},""total_seats"":68}",City of Melbourne,com:food:101176:6f98b36d81002c09
food_venue,Silks,Restaurant Crown Towers Hotel Crown Casino 8 Whiteman Street SOUTHBANK VIC 3006,-37.82312164,144.958660189,"{""census_year"":2024,""industry_code"":""4511"",""industry_description"":""Cafes and Restaurants"",""seats"":{""Seats - Indoor"":170},""total_seats"":170}",City of Melbourne,com:food:597190:b95011a003917785
food_venue,Simpsons Burgers,Part Ground 40 Market Street MELBOURNE VIC 3000,-37.81848796,144.961133901,"{""census_year"":2024,""industry_code"":""4511"",""industry_description"":""Cafes and Restaurants"",""seats"":{""Seats - Outdoor"":14,""Seats - Indoor"":23},""total_seats"":37}",City of Melbourne,com:food:106438:0f8f45fd4e7a8e6f
food_venue,Simpsons Chips & Burgers,143 Russell Street MELBOURNE VIC 3000,-37.81310922,144.967968395,"{""census_year"":2024,""industry_code"":""4512"",""industry_description"":""Takeaway Food Services"",""seats"":{""Seats - Indoor"":8,""Seats - Outdoor"":6},""total_seats"":14}",City of Melbourne,com:food:101127:84dd42f44cb6cb60
food_venue,Sinjeon,31 Blackwood Street NORTH MELBOURNE VIC 3051,-37.80067768,144.955200107,"{""census_year"":2024,""industry_code"":""4511"",""industry_description"":""Cafes and Restaurants"",""seats"":{""Seats - Indoor"":20},""total_seats"":20}",City of Melbourne,com:food:103811:b971b8eac0ae06ae
food_venue,Sinjeon K Street Food Cbd,288 Little Lonsdale Street MELBOURNE VIC 3000,-37.81131628,144.960948366,"{""census_year"":2024,""industry_code"":""4511"",""industry_description"":""Cafes and Restaurants"",""seats"":{""Seats - Indoor"":32},""total_seats"":32}",City of Melbourne,com:food:650594:54a75110d9545a3e
food_venue,Sir Osborn,Part Ground 1 Nicholson Street EAST MELBOURNE VIC 3002,-37.80899046,144.973522327,"{""census_year"":2024,""industry_code"":""4511"",""industry_description"":""Cafes and Restaurants"",""seats"":{""Seats - Outdoor"":40,""Seats - Indoor"":85},""total_seats"":125}",City of Melbourne,com:food:106917:a2cf8338dfd46f5a
food_venue,Slate Restaurant Bar,"Tenancy 9, 515 Little Bourke Street MELBOURNE VIC 3000",-37.81531863,144.957392295,"{""census_year"":2024,""industry_code"":""4511"",""industry_description"":""Cafes and Restaurants"",""seats"":{""Seats - Indoor"":80,""Seats - Outdoor"":50},""total_seats"":130}",City of Melbourne,com:food:111282:40a2257e06bc8308
food_venue,Slater St Bench,"Suite 8, Ground 431 St Kilda Road MELBOURNE VIC 3004",-37.83854242,144.977193113,"{""census_year"":2024,""industry_code"":""4511"",""industry_description"":""Cafes and Restaurants"",""seats"":{""Seats - Outdoor"":32,""Seats - Indoor"":6},""total_seats"":38}",City of Melbourne,com:food:108629:dddef9da4ce1822d
food_venue,Sloppy Joes Deli,"Shop 2, Ground 190 Queen Street MELBOURNE VIC 3000",-37.81402844,144.96068037,"{""census_year"":2024,""industry_code"":""4512"",""industry_description"":""Takeaway Food Services"",""seats"":{""Seats - Outdoor"":4,""Seats - Indoor"":12},""total_seats"":16}",City of Melbourne,com:food:108104:428feba5fef5e38b
food_venue,Smile Thai Cuisine,357 Victoria Street WEST MELBOURNE VIC 3003,-37.80538852,144.94963128,"{""census_year"":2024,""industry_code"":""4511"",""industry_description"":""Cafes and Restaurants"",""seats"":{""Seats - Outdoor"":4,""Seats - Indoor"":22},""total_seats"":26}",City of Melbourne,com:food:109719:6ebe73750747503c
food_venue,Smith Kebabs,233 Exhibition Street MELBOURNE VIC 3000,-37.81051104,144.969520605,"{""census_year"":2024,""industry_code"":""4512"",""industry_description"":""Takeaway Food Services"",""seats"":{""Seats - Indoor"":10},""total_seats"":10}",City of Melbourne,com:food:103605:bd46fc86966f1890
food_venue,Snax Cafe,81 Errol Street NORTH MELBOURNE VIC 3051,-37.80323404,144.94928705,"{""census_year"":2024,""industry_code"":""4511"",""industry_description"":""Cafes and Restaurants"",""seats"":{""Seats - Outdoor"":18,""Seats - Indoor"":36},""total_seats"":54}",City of Melbourne,com:food:103419:ba8b603f9391b421
food_venue,Snow Moon,"Shop 6-7, 306 Little Collins Street MELBOURNE VIC 3000",-37.81473293,144.964348552,"{""census_year"":2024,""industry_code"":""4511"",""industry_description"":""Cafes and Restaurants"",""seats"":{""Seats - Outdoor"":10,""Seats - Indoor"":17},""total_seats"":27}",City of Melbourne,com:food:105961:2413645f885b88f3
food_venue,So Good Food,Part Ground 183-189 A'Beckett Street MELBOURNE VIC 3000,-37.81040796,144.958058159,"{""census_year"":2024,""industry_code"":""4512"",""industry_description"":""Takeaway Food Services"",""seats"":{""Seats - Indoor"":12},""total_seats"":12}",City of Melbourne,com:food:100157:a6cc082569b71dec
food_venue,So Thai Tapas & Street Food,Ground 27-31 Peel Street WEST MELBOURNE VIC 3003,-37.80759351,144.955351089,"{""census_year"":2024,""industry_code"":""4511"",""industry_description"":""Cafes and Restaurants"",""seats"":{""Seats - Indoor"":55},""total_seats"":55}",City of Melbourne,com:food:107473:ced946a8a74e41c2
food_venue,Sobo Japanese,323 Grattan Street MELBOURNE VIC 3000,-37.80009421,144.956578445,"{""census_year"":2024,""industry_code"":""4511"",""industry_description"":""Cafes and Restaurants"",""seats"":{""Seats - Indoor"":44},""total_seats"":44}",City of Melbourne,com:food:103256:da839bf89b678cec
food_venue,Sofi's Lounge,Part Level 1 25-45 Collins Street MELBOURNE VIC 3000,-37.81430615,144.972628037,"{""census_year"":2024,""industry_code"":""4511"",""industry_description"":""Cafes and Restaurants"",""seats"":{""Seats - Indoor"":80},""total_seats"":80}",City of Melbourne,com:food:102061:88045c044811bf37
food_venue,Soho Restaurant & Bar,Part Ground 4 Riverside Quay SOUTHBANK VIC 3006,-37.82092509,144.963375778,"{""census_year"":2024,""industry_code"":""4511"",""industry_description"":""Cafes and Restaurants"",""seats"":{""Seats - Outdoor"":60,""Seats - Indoor"":60},""total_seats"":120}",City of Melbourne,com:food:110326:84da6241b302dba0
food_venue,Soi 38,Shop 34 Little Collins Street MELBOURNE VIC 3000,-37.81246632,144.971918925,"{""census_year"":2024,""industry_code"":""4511"",""industry_description"":""Cafes and Restaurants"",""seats"":{""Seats - Indoor"":168},""total_seats"":168}",City of Melbourne,com:food:105969:166e9573da14ee62
food_venue,Solah,Part Ground 250 Victoria Parade EAST MELBOURNE VIC 3002,-37.80919457,144.979979104,"{""census_year"":2024,""industry_code"":""4511"",""industry_description"":""Cafes and Restaurants"",""seats"":{""Seats - Indoor"":44,""Seats - Outdoor"":12},""total_seats"":56}",City of Melbourne,com:food:109655:7704dc93c5cf5197
food_venue,Son In Law The Pad,"Tenancy 81, Ground 360 Elizabeth Street MELBOURNE VIC 3000",-37.81084464,144.962061274,"{""census_year"":2024,""industry_code"":""4512"",""industry_description"":""Takeaway Food Services"",""seats"":{""Seats - Outdoor"":6,""Seats - Indoor"":8},""total_seats"":14}",City of Melbourne,com:food:103311:e087502b2f32666d
food_venue,Sool Tong,207 Queen Street MELBOURNE VIC 3000,-37.81386745,144.959907268,"{""census_year"":2024,""industry_code"":""4511"",""industry_description"":""Cafes and Restaurants"",""seats"":{""Seats - Indoor"":35,""Seats - Outdoor"":6},""total_seats"":41}",City of Melbourne,com:food:108076:ba66b8e27946ff9e
food_venue,Sopranos,"Suite 9-11, 89-91 City Road SOUTHBANK VIC 3006",-37.8225552,144.965113147,"{""census_year"":2024,""industry_code"":""4511"",""industry_description"":""Cafes and Restaurants"",""seats"":{""Seats - Indoor"":50},""total_seats"":50}",City of Melbourne,com:food:110361:7e5051f99080c7b9
food_venue,Sosta Cucina,12-14 Errol Street NORTH MELBOURNE VIC 3051,-37.80483255,144.949568839,"{""census_year"":2024,""industry_code"":""4511"",""industry_description"":""Cafes and Restaurants"",""seats"":{""Seats - Indoor"":60,""Seats - Outdoor"":22},""total_seats"":82}",City of Melbourne,com:food:103525:e65c472ca8d1ac56
food_venue,sot,98 Bourke Street MELBOURNE VIC 3000,-37.81194604,144.970170292,"{""census_year"":2024,""industry_code"":""4511"",""industry_description"":""Cafes and Restaurants"",""seats"":{""Seats - Indoor"":70},""total_seats"":70}",City of Melbourne,com:food:101220:f902658f970565a9
food_venue,Soul Cafe,"Shop 8, 195 Swanston Street MELBOURNE VIC 3000",-37.81309229,144.964999303,"{""census_year"":2024,""industry_code"":""4511"",""industry_description"":""Cafes and Restaurants"",""seats"":{""Seats - Outdoor"":24,""Seats - Indoor"":30},""total_seats"":54}",City of Melbourne,com:food:109284:47f1253c6a302e02
food_venue,Soul Origin,"Shop 70, LwrGround 300 Lonsdale Street MELBOURNE VIC 3000",-37.81073331,144.963018917,"{""census_year"":2024,""industry_code"":""4512"",""industry_description"":""Takeaway Food Services"",""seats"":{""Seats - Indoor"":34},""total_seats"":34}",City of Melbourne,com:food:105746:982188c75415e081
food_venue,Soul Soul Cafe,"Shop 1, Level 1 158 Victoria Street CARLTON VIC 3053",-37.80614561,144.961940792,"{""census_year"":2024,""industry_code"":""4511"",""industry_description"":""Cafes and Restaurants"",""seats"":{""Seats - Indoor"":60},""total_seats"":60}",City of Melbourne,com:food:644814:c4658be2ff1a6a41
food_venue,Souperman Cafe and Kitchen,Shop 11 Level 4 Concourse 744 Bourke Street DOCKLANDS VIC 3008,-37.81817241,144.947217029,"{""census_year"":2024,""industry_code"":""4511"",""industry_description"":""Cafes and Restaurants"",""seats"":{""Seats - Indoor"":14,""Seats - Outdoor"":20},""total_seats"":34}",City of Melbourne,com:food:599505:3792ec8f4cc22e7f
food_venue,Southbank Noodle Bar,"Suite 12, Ground 89-91 City Road SOUTHBANK VIC 3006",-37.8225552,144.965113147,"{""census_year"":2024,""industry_code"":""4512"",""industry_description"":""Takeaway Food Services"",""seats"":{""Seats - Outdoor"":11},""total_seats"":11}",City of Melbourne,com:food:110361:abb5104bd9c8c35a
food_venue,Southern Xross Kebabs,102 Spencer Street MELBOURNE VIC 3000,-37.81867544,144.954350485,"{""census_year"":2024,""industry_code"":""4511"",""industry_description"":""Cafes and Restaurants"",""seats"":{""Seats - Indoor"":20},""total_seats"":20}",City of Melbourne,com:food:102109:65ebc5b2709c4d8b
food_venue,Southside Coffee Co,Rear 26 Power Street SOUTHBANK VIC 3006,-37.82382191,144.961891785,"{""census_year"":2024,""industry_code"":""4512"",""industry_description"":""Takeaway Food Services"",""seats"":{""Seats - Indoor"":4,""Seats - Outdoor"":16},""total_seats"":20}",City of Melbourne,com:food:110385:ca687f1e6531a1f7
food_venue,Southside On St Kilda,"Unit 1, Ground 437 St Kilda Road MELBOURNE VIC 3004",-37.83909862,144.977535477,"{""census_year"":2024,""industry_code"":""4511"",""industry_description"":""Cafes and Restaurants"",""seats"":{""Seats - Indoor"":64,""Seats - Outdoor"":24},""total_seats"":88}",City of Melbourne,com:food:108631:51abf64f3fdfbd60
food_venue,Souvs On Spencer,655 Spencer Street WEST MELBOURNE VIC 3003,-37.80643135,144.944905055,"{""census_year"":2024,""industry_code"":""4511"",""industry_description"":""Cafes and Restaurants"",""seats"":{""Seats - Indoor"":28,""Seats - Outdoor"":4},""total_seats"":32}",City of Melbourne,com:food:108885:383becc138c06bb9
food_venue,Spaghetti Tree,Ground 59-63 Bourke Street MELBOURNE VIC 3000,-37.81212537,144.971565871,"{""census_year"":2024,""industry_code"":""4511"",""industry_description"":""Cafes and Restaurants"",""seats"":{""Seats - Indoor"":280},""total_seats"":280}",City of Melbourne,com:food:101113:c3f8831464060bc2
food_venue,Speck Cafe,"Shop 2, Ground 221 Queen Street MELBOURNE VIC 3000",-37.81355361,144.959754236,"{""census_year"":2024,""industry_code"":""4511"",""industry_description"":""Cafes and Restaurants"",""seats"":{""Seats - Indoor"":20,""Seats - Outdoor"":12},""total_seats"":32}",City of Melbourne,com:food:108079:330c329555f6850f
food_venue,Spence & Larder,403A St Kilda Road MELBOURNE VIC 3004,-37.83587066,144.975941929,"{""census_year"":2024,""industry_code"":""4512"",""industry_description"":""Takeaway Food Services"",""seats"":{""Seats - Indoor"":8},""total_seats"":8}",City of Melbourne,com:food:108622:f64a9330c5ac30b1
food_venue,Spencer Heritage,Part Ground 355 Spencer Street WEST MELBOURNE VIC 3003,-37.81191139,144.950434294,"{""census_year"":2024,""industry_code"":""4512"",""industry_description"":""Takeaway Food Services"",""seats"":{""Seats - Indoor"":8},""total_seats"":8}",City of Melbourne,com:food:598605:b3a65a85762dc946
food_venue,Spice Temple,"Shop 7, Ground 8 Whiteman Street SOUTHBANK VIC 3006",-37.82312164,144.958660189,"{""census_year"":2024,""industry_code"":""4511"",""industry_description"":""Cafes and Restaurants"",""seats"":{""Seats - Indoor"":415},""total_seats"":415}",City of Melbourne,com:food:111175:9b7101aa5e5079da
food_venue,Spice World Melbourne,172-176 Little Bourke Street MELBOURNE VIC 3000,-37.8118553,144.967129981,"{""census_year"":2024,""industry_code"":""4511"",""industry_description"":""Cafes and Restaurants"",""seats"":{""Seats - Indoor"":100},""total_seats"":100}",City of Melbourne,com:food:105890:0dcc67fc7bef6feb
food_venue,Spicy Korea,"Unit 39A, Ground 601 Little Collins Street MELBOURNE VIC 3000",-37.81802782,144.954905366,"{""census_year"":2024,""industry_code"":""4511"",""industry_description"":""Cafes and Restaurants"",""seats"":{""Seats - Outdoor"":12,""Seats - Indoor"":46},""total_seats"":58}",City of Melbourne,com:food:105945:e69bcde7e3865e4f
food_venue,Spin Coffee,Part Ground 607 Bourke Street MELBOURNE VIC 3000,-37.81677365,144.955552859,"{""census_year"":2024,""industry_code"":""4511"",""industry_description"":""Cafes and Restaurants"",""seats"":{""Seats - Indoor"":25,""Seats - Outdoor"":30},""total_seats"":55}",City of Melbourne,com:food:101159:9e6f2473a4a3a2e8
food_venue,Spleen Central,41 Bourke Street MELBOURNE VIC 3000,-37.81193572,144.97204722,"{""census_year"":2024,""industry_code"":""4520"",""industry_description"":""Pubs, Taverns and Bars"",""seats"":{""Seats - Outdoor"":12,""Seats - Indoor"":54},""total_seats"":66}",City of Melbourne,com:food:101109:e24e02cdd650bd37
food_venue,SPQR Pizzeria,"Unit 7, 43 Little Bourke Street MELBOURNE VIC 3000",-37.81092017,144.971362998,"{""census_year"":2024,""industry_code"":""4511"",""industry_description"":""Cafes and Restaurants"",""seats"":{""Seats - Indoor"":45},""total_seats"":45}",City of Melbourne,com:food:105830:fe2f1b3fb67feb00
food_venue,Springrock,Level 1 & Rooftop 87 Bourke Street MELBOURNE VIC 3000,-37.812234,144.970902899,"{""census_year"":2024,""industry_code"":""4511"",""industry_description"":""Cafes and Restaurants"",""seats"":{""Seats - Indoor"":105},""total_seats"":105}",City of Melbourne,com:food:101117:0b56cdf8fcdacfac
food_venue,Spud Bar Little Bourke,Part Ground 394-400 Little Bourke Street MELBOURNE VIC 3000,-37.81365679,144.960900331,"{""census_year"":2024,""industry_code"":""4512"",""industry_description"":""Takeaway Food Services"",""seats"":{""Seats - Indoor"":16},""total_seats"":16}",City of Melbourne,com:food:105868:e23ce0e2bf51e200
food_venue,Spudbar @ Chevron,11 Commercial Road MELBOURNE VIC 3004,-37.8455379,144.979819038,"{""census_year"":2024,""industry_code"":""4512"",""industry_description"":""Takeaway Food Services"",""seats"":{""Seats - Indoor"":9,""Seats - Outdoor"":12},""total_seats"":21}",City of Melbourne,com:food:108646:88a5b4a74850126e
food_venue,Spudbar Bourke Place,"Shop 3, LwrGround 600 Bourke Street MELBOURNE VIC 3000",-37.81571392,144.95610726,"{""census_year"":2024,""industry_code"":""4512"",""industry_description"":""Takeaway Food Services"",""seats"":{""Seats - Indoor"":10},""total_seats"":10}",City of Melbourne,com:food:101172:d33cbf2e6de7fa1f
food_venue,Spudbar Collins Street 567,"Tenancy 7B, Ground 567 Collins Street MELBOURNE VIC 3000",-37.81902044,144.955727469,"{""census_year"":2024,""industry_code"":""4511"",""industry_description"":""Cafes and Restaurants"",""seats"":{""Seats - Indoor"":16},""total_seats"":16}",City of Melbourne,com:food:579252:9cd9978767103c65
food_venue,Spudbar Emporium,"Shop 321, Level 3 287 Lonsdale Street MELBOURNE VIC 3000",-37.81245199,144.963838585,"{""census_year"":2024,""industry_code"":""4512"",""industry_description"":""Takeaway Food Services"",""seats"":{""Seats - Indoor"":16},""total_seats"":16}",City of Melbourne,com:food:105698:8e16d643cebcd4c6
food_venue,Square & Compass,222 Clarendon Street EAST MELBOURNE VIC 3002,-37.80970434,144.984112154,"{""census_year"":2024,""industry_code"":""4511"",""industry_description"":""Cafes and Restaurants"",""seats"":{""Seats - Outdoor"":13,""Seats - Indoor"":51},""total_seats"":64}",City of Melbourne,com:food:102002:d99b5901b520ce73
food_venue,Square One,"Shop 1, Podium 525 Collins Street MELBOURNE VIC 3000",-37.81866171,144.957538457,"{""census_year"":2024,""industry_code"":""4511"",""industry_description"":""Cafes and Restaurants"",""seats"":{""Seats - Indoor"":120},""total_seats"":120}",City of Melbourne,com:food:705123:86214144fe5eebb5
food_venue,Squires Loft Dockland,"Shop 1, 818 Bourke Street DOCKLANDS VIC 3008",-37.81927362,144.943968986,"{""census_year"":2024,""industry_code"":""4511"",""industry_description"":""Cafes and Restaurants"",""seats"":{""Seats - Indoor"":96,""Seats - Outdoor"":34},""total_seats"":130}",City of Melbourne,com:food:604124:1c12d0d8240aef02
food_venue,Squiseato,Part 294-312 Bourke Street MELBOURNE VIC 3000,-37.81330938,144.964398413,"{""census_year"":2024,""industry_code"":""4511"",""industry_description"":""Cafes and Restaurants"",""seats"":{""Seats - Indoor"":40},""total_seats"":40}",City of Melbourne,com:food:101195:bf85262a284023d0
food_venue,Ssam Korean Bbq,189-191 King Street MELBOURNE VIC 3000,-37.81569596,144.95508151,"{""census_year"":2024,""industry_code"":""4511"",""industry_description"":""Cafes and Restaurants"",""seats"":{""Seats - Indoor"":110},""total_seats"":110}",City of Melbourne,com:food:105306:6b04caef45ff65a3
food_venue,St Ali & The Queen,1 Dhanga Djeembana Walk MELBOURNE VIC 3000,-37.80788769,144.958461316,"{""census_year"":2024,""industry_code"":""4511"",""industry_description"":""Cafes and Restaurants"",""seats"":{""Seats - Indoor"":20},""total_seats"":20}",City of Melbourne,com:food:109493:3f5ac604d7f1e443
food_venue,St Ali Canteen,Part Ground 30 Collins Street MELBOURNE VIC 3000,-37.81346244,144.972472392,"{""census_year"":2024,""industry_code"":""4511"",""industry_description"":""Cafes and Restaurants"",""seats"":{""Seats - Outdoor"":14,""Seats - Indoor"":28},""total_seats"":42}",City of Melbourne,com:food:102167:7779b1ec0c2126d2
food_venue,St Brew,Shop Part Level 5 700 Collins Street DOCKLANDS VIC 3008,-37.81949296,144.950870472,"{""census_year"":2024,""industry_code"":""4511"",""industry_description"":""Cafes and Restaurants"",""seats"":{""Seats - Outdoor"":69,""Seats - Indoor"":128},""total_seats"":197}",City of Melbourne,com:food:578095:2d1e3f625f62d99b
food_venue,St Cooper Cafe,27 Blackwood Street NORTH MELBOURNE VIC 3051,-37.80067768,144.955200107,"{""census_year"":2024,""industry_code"":""4512"",""industry_description"":""Takeaway Food Services"",""seats"":{""Seats - Indoor"":12,""Seats - Outdoor"":9},""total_seats"":21}",City of Melbourne,com:food:103811:3453e29d08bcea9f
food_venue,Stalactites Restaurant,177-183 Lonsdale Street MELBOURNE VIC 3000,-37.81111923,144.96703692,"{""census_year"":2024,""industry_code"":""4511"",""industry_description"":""Cafes and Restaurants"",""seats"":{""Seats - Outdoor"":15,""Seats - Indoor"":150},""total_seats"":165}",City of Melbourne,com:food:108555:a0744994bf40e3e5
food_venue,Standing Room,Part MSD Building 133 230 Grattan Street PARKVILLE VIC 3010,-37.79738772,144.961258672,"{""census_year"":2024,""industry_code"":""4512"",""industry_description"":""Takeaway Food Services"",""seats"":{""Seats - Outdoor"":17},""total_seats"":17}",City of Melbourne,com:food:664662:8d70bd87273074a4
food_venue,Starbase Cafe,Part Ground 43-51 Queen Street MELBOURNE VIC 3000,-37.81773812,144.961614304,"{""census_year"":2024,""industry_code"":""4511"",""industry_description"":""Cafes and Restaurants"",""seats"":{""Seats - Indoor"":22},""total_seats"":22}",City of Melbourne,com:food:108062:191778d456cdb009
food_venue,Starbucks,"Shop 201-203, Level 1 201 Spencer Street DOCKLANDS VIC 3008",-37.81501701,144.951186966,"{""census_year"":2024,""industry_code"":""4511"",""industry_description"":""Cafes and Restaurants"",""seats"":{""Seats - Indoor"":53,""Seats - Outdoor"":16},""total_seats"":69}",City of Melbourne,com:food:110843:9397a213fd30ab43
food_venue,Starbucks,117 Swanston Street MELBOURNE VIC 3000,-37.81507697,144.965777332,"{""census_year"":2024,""industry_code"":""4511"",""industry_description"":""Cafes and Restaurants"",""seats"":{""Seats - Indoor"":16,""Seats - Outdoor"":16},""total_seats"":32}",City of Melbourne,com:food:109268:2d95bf308201592f
food_venue,Starbucks,"Tenancy 2, Ground 168 Exhibition Street MELBOURNE VIC 3000",-37.81151587,144.970733249,"{""census_year"":2024,""industry_code"":""4512"",""industry_description"":""Takeaway Food Services"",""seats"":{""Seats - Indoor"":38},""total_seats"":38}",City of Melbourne,com:food:103622:b9a9d8cb3ff79e27
food_venue,Starbucks,Shop E25 385 Bourke Street MELBOURNE VIC 3000,-37.81491502,144.962944195,"{""census_year"":2024,""industry_code"":""4511"",""industry_description"":""Cafes and Restaurants"",""seats"":{""Seats - Indoor"":42},""total_seats"":42}",City of Melbourne,com:food:597186:6771bc1cd42c8a02
food_venue,Starbucks,"Shop 151, Level 1 300 Lonsdale Street MELBOURNE VIC 3000",-37.81073331,144.963018917,"{""census_year"":2024,""industry_code"":""4511"",""industry_description"":""Cafes and Restaurants"",""seats"":{""Seats - Indoor"":58},""total_seats"":58}",City of Melbourne,com:food:105746:0b4382c4e243b17d
food_venue,Starbucks,Ground 295 Swanston Street MELBOURNE VIC 3000,-37.81122709,144.964263714,"{""census_year"":2024,""industry_code"":""4511"",""industry_description"":""Cafes and Restaurants"",""seats"":{""Seats - Outdoor"":6,""Seats - Indoor"":90},""total_seats"":96}",City of Melbourne,com:food:109303:4cad114707414560
food_venue,State Netball & Hockey Centre Cafe,Part State Netball Hockey Centre 10 Brens Drive PARKVILLE VIC 3052,-37.78541877,144.947631929,"{""census_year"":2024,""industry_code"":""4511"",""industry_description"":""Cafes and Restaurants"",""seats"":{""Seats - Indoor"":60},""total_seats"":60}",City of Melbourne,com:food:107427:4877e6bfb4f20aa7
food_venue,State Of Grace,"Basement, Ground, Mezzanine & Level 5 27 King Street MELBOURNE VIC 3000",-37.81975559,144.956948504,"{""census_year"":2024,""industry_code"":""4511"",""industry_description"":""Cafes and Restaurants"",""seats"":{""Seats - Indoor"":174,""Seats - Outdoor"":123},""total_seats"":297}",City of Melbourne,com:food:105294:54c019f3f7091ca0
food_venue,Steakhouse Grill 66,66 Newquay Promenade DOCKLANDS VIC 3008,-37.8149263,144.940659333,"{""census_year"":2024,""industry_code"":""4511"",""industry_description"":""Cafes and Restaurants"",""seats"":{""Seats - Indoor"":100,""Seats - Outdoor"":34},""total_seats"":134}",City of Melbourne,com:food:573327:16c3caa6d8db83cd
food_venue,Stella,"Shop 2, Ground 500 Bourke Street MELBOURNE VIC 3000",-37.81494883,144.95876067,"{""census_year"":2024,""industry_code"":""4511"",""industry_description"":""Cafes and Restaurants"",""seats"":{""Seats - Indoor"":80},""total_seats"":80}",City of Melbourne,com:food:101176:751c62aebe2395fd
food_venue,Sticksies Australia,344 Lygon Street CARLTON VIC 3053,-37.79900008,144.967504255,"{""census_year"":2024,""industry_code"":""4512"",""industry_description"":""Takeaway Food Services"",""seats"":{""Seats - Indoor"":10},""total_seats"":10}",City of Melbourne,com:food:106200:0d4d94afb048978b
food_venue,Stockroom567,"Tenancy 10, Ground 567 Collins Street MELBOURNE VIC 3000",-37.81902044,144.955727469,"{""census_year"":2024,""industry_code"":""4511"",""industry_description"":""Cafes and Restaurants"",""seats"":{""Seats - Indoor"":90},""total_seats"":90}",City of Melbourne,com:food:579252:b5a7be5978c2e1d7
food_venue,Stories Of Nooool,151 Queensberry Street CARLTON VIC 3053,-37.80493297,144.963920625,"{""census_year"":2024,""industry_code"":""4511"",""industry_description"":""Cafes and Restaurants"",""seats"":{""Seats - Indoor"":90},""total_seats"":90}",City of Melbourne,com:food:107867:3e9d424b3ee9cb67
food_venue,Story Coffee & Foodstore,Shop 3 Concourse 700 Bourke Street DOCKLANDS VIC 3008,-37.81733573,144.949373281,"{""census_year"":2024,""industry_code"":""4511"",""industry_description"":""Cafes and Restaurants"",""seats"":{""Seats - Outdoor"":12,""Seats - Indoor"":16},""total_seats"":28}",City of Melbourne,com:food:573401:753a5f6ca7ab2a3a
food_venue,Story So Far,8B Dorcas Street SOUTHBANK VIC 3006,-37.82981139,144.97021525,"{""census_year"":2024,""industry_code"":""4511"",""industry_description"":""Cafes and Restaurants"",""seats"":{""Seats - Outdoor"":16,""Seats - Indoor"":16},""total_seats"":32}",City of Melbourne,com:food:110433:59c167e99ca23727
food_venue,Stovetop,Cafe 108-128 Leicester Street CARLTON VIC 3053,-37.80335267,144.960971679,"{""census_year"":2024,""industry_code"":""4511"",""industry_description"":""Cafes and Restaurants"",""seats"":{""Seats - Indoor"":70,""Seats - Outdoor"":16},""total_seats"":86}",City of Melbourne,com:food:105523:13c18e2175231566
food_venue,Straight Outta Saigon,Ground 138-144 Russell Street MELBOURNE VIC 3000,-37.81298798,144.96841676,"{""census_year"":2024,""industry_code"":""4511"",""industry_description"":""Cafes and Restaurants"",""seats"":{""Seats - Indoor"":47},""total_seats"":47}",City of Melbourne,com:food:101126:c374d2de4c91a489
food_venue,Strangers Corridor,Level 1 160 Spring Street EAST MELBOURNE VIC 3002,-37.81087579,144.974119012,"{""census_year"":2024,""industry_code"":""4511"",""industry_description"":""Cafes and Restaurants"",""seats"":{""Seats - Indoor"":60},""total_seats"":60}",City of Melbourne,com:food:110742:323a0531c020620d
food_venue,STREAT,Part Level 2 Building 10 - Casey Building RMIT University 392 Swanston Street MELBOURNE VIC 3000,-37.80818156,144.964543533,"{""census_year"":2024,""industry_code"":""4512"",""industry_description"":""Takeaway Food Services"",""seats"":{""Seats - Outdoor"":40},""total_seats"":40}",City of Melbourne,com:food:606648:1b770fe00f628ef2
food_venue,STREAT,Part Ground 900 Park Street PARKVILLE VIC 3052,-37.77749378,144.944996037,"{""census_year"":2024,""industry_code"":""4511"",""industry_description"":""Cafes and Restaurants"",""seats"":{""Seats - Indoor"":40,""Seats - Outdoor"":12},""total_seats"":52}",City of Melbourne,com:food:107424:e36193576d272b79
food_venue,Streat Cafe At VIC Market,"Stall 26-27, Shed F Queen Victoria Market 66 Peel Street MELBOURNE VIC 3000",-37.80765748,144.957205484,"{""census_year"":2024,""industry_code"":""4512"",""industry_description"":""Takeaway Food Services"",""seats"":{""Seats - Outdoor"":8},""total_seats"":8}",City of Melbourne,com:food:110679:c1137dccc555e513
food_venue,Street Taste,136 Elizabeth Street MELBOURNE VIC 3000,-37.81484304,144.963742996,"{""census_year"":2024,""industry_code"":""4511"",""industry_description"":""Cafes and Restaurants"",""seats"":{""Seats - Indoor"":24,""Seats - Outdoor"":7},""total_seats"":31}",City of Melbourne,com:food:103315:56a96a5636842b2e
food_venue,Streetfood Market,"Shop 3, Ground 422-440 Elizabeth Street MELBOURNE VIC 3000",-37.8086289,144.961006966,"{""census_year"":2024,""industry_code"":""4512"",""industry_description"":""Takeaway Food Services"",""seats"":{""Seats - Indoor"":12},""total_seats"":12}",City of Melbourne,com:food:103302:710adb2af5f023a1
food_venue,Strike Bowling,245-247 Little Lonsdale Street MELBOURNE VIC 3000,-37.810658,144.965703374,"{""census_year"":2024,""industry_code"":""9113"",""industry_description"":""Sports and Physical Recreation Venues, Grounds and Facilities Operation"",""seats"":{""Seats - Indoor"":116},""total_seats"":116}",City of Melbourne,com:food:589841:bc0cdc01a07e0fb1
food_venue,Strike Bowling Melbourne Central / Strike Escape Rooms Melbourne Central,"Shop 305, Level 3 300 Lonsdale Street MELBOURNE VIC 3000",-37.81073331,144.963018917,"{""census_year"":2024,""industry_code"":""9113"",""industry_description"":""Sports and Physical Recreation Venues, Grounds and Facilities Operation"",""seats"":{""Seats - Indoor"":28},""total_seats"":28}",City of Melbourne,com:food:105746:c6221e5a50e1c97e
food_venue,Strozzi Restaurant,Part Ground 333 Collins Street MELBOURNE VIC 3000,-37.81706704,144.963253733,"{""census_year"":2024,""industry_code"":""4511"",""industry_description"":""Cafes and Restaurants"",""seats"":{""Seats - Indoor"":90,""Seats - Outdoor"":32},""total_seats"":122}",City of Melbourne,com:food:102089:e04dd3eb3699ba21
food_venue,Stubborn Pig,Ground 370-372 Lonsdale Street MELBOURNE VIC 3000,-37.81220274,144.961456084,"{""census_year"":2024,""industry_code"":""4511"",""industry_description"":""Cafes and Restaurants"",""seats"":{""Seats - Indoor"":32},""total_seats"":32}",City of Melbourne,com:food:105742:3c957f0c086a940d
food_venue,Stubby Cafe Bar & Restaurant,Lobby 16 Spencer Street MELBOURNE VIC 3000,-37.82050677,144.955242109,"{""census_year"":2024,""industry_code"":""4511"",""industry_description"":""Cafes and Restaurants"",""seats"":{""Seats - Indoor"":50},""total_seats"":50}",City of Melbourne,com:food:108972:0515ce5ca3a83e3d
food_venue,Studio Coffee,Shop F6 20 Convention Centre Place SOUTH WHARF VIC 3006,-37.82539976,144.952378154,"{""census_year"":2024,""industry_code"":""4511"",""industry_description"":""Cafes and Restaurants"",""seats"":{""Seats - Indoor"":100},""total_seats"":100}",City of Melbourne,com:food:110542:e708f58284595a94
food_venue,Stuzzichino,Ground 169 Lygon Street CARLTON VIC 3053,-37.80171819,144.966456885,"{""census_year"":2024,""industry_code"":""4511"",""industry_description"":""Cafes and Restaurants"",""seats"":{""Seats - Indoor"":24,""Seats - Outdoor"":30},""total_seats"":54}",City of Melbourne,com:food:106101:346d388a80136225
food_venue,Sublime cafe,16 Errol Street NORTH MELBOURNE VIC 3051,-37.80471334,144.949646583,"{""census_year"":2024,""industry_code"":""4512"",""industry_description"":""Takeaway Food Services"",""seats"":{""Seats - Outdoor"":12,""Seats - Indoor"":8},""total_seats"":20}",City of Melbourne,com:food:103524:2647bca657e5eb45
food_venue,Subway,"Shop 6, 15 William Street MELBOURNE VIC 3000",-37.8192157,144.959187534,"{""census_year"":2024,""industry_code"":""4512"",""industry_description"":""Takeaway Food Services"",""seats"":{""Seats - Outdoor"":9},""total_seats"":9}",City of Melbourne,com:food:110091:8d70346a728f974a
food_venue,Subway,Ground 465 Elizabeth Street MELBOURNE VIC 3000,-37.80806541,144.960007475,"{""census_year"":2024,""industry_code"":""4512"",""industry_description"":""Takeaway Food Services"",""seats"":{""Seats - Indoor"":16},""total_seats"":16}",City of Melbourne,com:food:562692:70e8950bf3e7e634
food_venue,Subway,407B St Kilda Road MELBOURNE VIC 3004,-37.836275,144.976209572,"{""census_year"":2024,""industry_code"":""4512"",""industry_description"":""Takeaway Food Services"",""seats"":{""Seats - Outdoor"":8},""total_seats"":8}",City of Melbourne,com:food:108625:0e606f59a13c9574
food_venue,Subway,Ground 173 Queen Street MELBOURNE VIC 3000,-37.81467989,144.960224297,"{""census_year"":2024,""industry_code"":""4511"",""industry_description"":""Cafes and Restaurants"",""seats"":{""Seats - Indoor"":30},""total_seats"":30}",City of Melbourne,com:food:108072:8b40f557a50a8ef3
food_venue,Subway,235 Exhibition Street MELBOURNE VIC 3000,-37.81044353,144.969484353,"{""census_year"":2024,""industry_code"":""4512"",""industry_description"":""Takeaway Food Services"",""seats"":{""Seats - Indoor"":18},""total_seats"":18}",City of Melbourne,com:food:110654:68b85c11bfa55f86
food_venue,Subway,"Unit 5, 1 Phillip Court PORT MELBOURNE VIC 3207",-37.82600955,144.920988022,"{""census_year"":2024,""industry_code"":""4511"",""industry_description"":""Cafes and Restaurants"",""seats"":{""Seats - Outdoor"":12,""Seats - Indoor"":16},""total_seats"":28}",City of Melbourne,com:food:602733:3315eaee5b2f86f4
food_venue,Subway,"Shop 6R, 3 Freshwater Place SOUTHBANK VIC 3006",-37.82167833,144.962153946,"{""census_year"":2024,""industry_code"":""4512"",""industry_description"":""Takeaway Food Services"",""seats"":{""Seats - Outdoor"":10},""total_seats"":10}",City of Melbourne,com:food:575820:a69b547223c446a2
food_venue,Subway,Ground 221 Spencer Street DOCKLANDS VIC 3008,-37.81501701,144.951186966,"{""census_year"":2024,""industry_code"":""4512"",""industry_description"":""Takeaway Food Services"",""seats"":{""Seats - Indoor"":18,""Seats - Outdoor"":20},""total_seats"":38}",City of Melbourne,com:food:110843:3e8b0cc33b60f8d4
food_venue,Subway,38 Batmans Hill Drive DOCKLANDS VIC 3008,-37.82089145,144.94943448,"{""census_year"":2024,""industry_code"":""4511"",""industry_description"":""Cafes and Restaurants"",""seats"":{""Seats - Indoor"":24},""total_seats"":24}",City of Melbourne,com:food:628714:8176d7498d69f155
food_venue,Subway,Shop G06 9 Star Circus DOCKLANDS VIC 3008,-37.8131707,144.937857365,"{""census_year"":2024,""industry_code"":""4511"",""industry_description"":""Cafes and Restaurants"",""seats"":{""Seats - Indoor"":6,""Seats - Outdoor"":40},""total_seats"":46}",City of Melbourne,com:food:620312:47183a50ebc34ad6
food_venue,Subway,"Unit 3, Ground 1 Elizabeth Street MELBOURNE VIC 3000",-37.81805665,144.964607913,"{""census_year"":2024,""industry_code"":""4512"",""industry_description"":""Takeaway Food Services"",""seats"":{""Seats - Indoor"":12},""total_seats"":12}",City of Melbourne,com:food:103165:05c500c94075b7e9
food_venue,Subway,"Shop 3, Ground 37 Swanston Street MELBOURNE VIC 3000",-37.81674222,144.966704047,"{""census_year"":2024,""industry_code"":""4511"",""industry_description"":""Cafes and Restaurants"",""seats"":{""Seats - Indoor"":28},""total_seats"":28}",City of Melbourne,com:food:109263:5e1344761ff72241
food_venue,Subway,Part Ground 175-177 King Street MELBOURNE VIC 3000,-37.81602499,144.955232209,"{""census_year"":2024,""industry_code"":""4512"",""industry_description"":""Takeaway Food Services"",""seats"":{""Seats - Indoor"":16},""total_seats"":16}",City of Melbourne,com:food:105301:876600f048641a71
food_venue,Subway,Part Ground 187-193 Elizabeth Street MELBOURNE VIC 3000,-37.81388737,144.962707826,"{""census_year"":2024,""industry_code"":""4512"",""industry_description"":""Takeaway Food Services"",""seats"":{""Seats - Indoor"":12,""Seats - Outdoor"":8},""total_seats"":20}",City of Melbourne,com:food:103180:9b099afadc0c9dfc
food_venue,Subway,"Shop 106, Level 1 27 Whiteman Street SOUTHBANK VIC 3006",-37.82559018,144.958342688,"{""census_year"":2024,""industry_code"":""4511"",""industry_description"":""Cafes and Restaurants"",""seats"":{""Seats - Indoor"":30},""total_seats"":30}",City of Melbourne,com:food:110343:d35b9330e0a8b1e7
food_venue,Subway Carlton,672 Swanston Street CARLTON VIC 3053,-37.80099105,144.964288533,"{""census_year"":2024,""industry_code"":""4512"",""industry_description"":""Takeaway Food Services"",""seats"":{""Seats - Outdoor"":9,""Seats - Indoor"":30},""total_seats"":39}",City of Melbourne,com:food:110987:7634600347514c7b
food_venue,Subway Swanson Street,341 Swanston Street MELBOURNE VIC 3000,-37.8103651,144.963750616,"{""census_year"":2024,""industry_code"":""4512"",""industry_description"":""Takeaway Food Services"",""seats"":{""Seats - Indoor"":22},""total_seats"":22}",City of Melbourne,com:food:109311:80d3396102759888
food_venue,Subway Vic Harbour,836 Bourke Street DOCKLANDS VIC 3008,-37.81977079,144.943118818,"{""census_year"":2024,""industry_code"":""4512"",""industry_description"":""Takeaway Food Services"",""seats"":{""Seats - Indoor"":10},""total_seats"":10}",City of Melbourne,com:food:604118:5f58a2dc979a0edc
food_venue,Sud Food & Wine,"Shop 1, Ground 555 Lonsdale Street MELBOURNE VIC 3000",-37.81439357,144.956213508,"{""census_year"":2024,""industry_code"":""4511"",""industry_description"":""Cafes and Restaurants"",""seats"":{""Seats - Indoor"":48},""total_seats"":48}",City of Melbourne,com:food:105713:aba5260f9b2310b9
food_venue,Sulbing Dessert Bar,Ground 168 Lonsdale Street MELBOURNE VIC 3000,-37.8105674,144.967369629,"{""census_year"":2024,""industry_code"":""4511"",""industry_description"":""Cafes and Restaurants"",""seats"":{""Seats - Indoor"":35},""total_seats"":35}",City of Melbourne,com:food:105751:9680553a3dc96a2d
food_venue,Sulhwa,347A Little Collins Street MELBOURNE VIC 3000,-37.81554941,144.963293794,"{""census_year"":2024,""industry_code"":""4511"",""industry_description"":""Cafes and Restaurants"",""seats"":{""Seats - Outdoor"":6,""Seats - Indoor"":20},""total_seats"":26}",City of Melbourne,com:food:105929:880662b0e4b42dc2
food_venue,Sultan's Express Curries,142 Rathdowne Street CARLTON VIC 3053,-37.7960463,144.97104054,"{""census_year"":2024,""industry_code"":""4512"",""industry_description"":""Takeaway Food Services"",""seats"":{""Seats - Indoor"":10},""total_seats"":10}",City of Melbourne,com:food:108239:3afd56abcf55dab1
food_venue,Sunda,18-20 Punch Lane MELBOURNE VIC 3000,-37.81043132,144.971108187,"{""census_year"":2024,""industry_code"":""4511"",""industry_description"":""Cafes and Restaurants"",""seats"":{""Seats - Indoor"":66},""total_seats"":66}",City of Melbourne,com:food:107767:b4c2018eb5cdb71a
food_venue,Sunhands,Ground 169 Elgin Street CARLTON VIC 3053,-37.79757961,144.969295009,"{""census_year"":2024,""industry_code"":""4511"",""industry_description"":""Cafes and Restaurants"",""seats"":{""Seats - Indoor"":30,""Seats - Outdoor"":22},""total_seats"":52}",City of Melbourne,com:food:103101:ccfe6cb7ec91ac4c
food_venue,Sunny's Deli,"Shop 24, Level 4 717 Bourke Street DOCKLANDS VIC 3008",-37.81864991,144.950258352,"{""census_year"":2024,""industry_code"":""4511"",""industry_description"":""Cafes and Restaurants"",""seats"":{""Seats - Indoor"":14,""Seats - Outdoor"":16},""total_seats"":30}",City of Melbourne,com:food:578096:cb4065e40912b1b8
food_venue,Supagrind,"Tenancy 1, Ground 222 Exhibition Street MELBOURNE VIC 3000",-37.81055707,144.97049616,"{""census_year"":2024,""industry_code"":""4511"",""industry_description"":""Cafes and Restaurants"",""seats"":{""Seats - Indoor"":35},""total_seats"":35}",City of Melbourne,com:food:103620:205ab278056d256e
food_venue,Supagrind,"Shop 1, 664 Collins Street DOCKLANDS VIC 3008",-37.81815357,144.952339293,"{""census_year"":2024,""industry_code"":""4511"",""industry_description"":""Cafes and Restaurants"",""seats"":{""Seats - Indoor"":40},""total_seats"":40}",City of Melbourne,com:food:108973:61f1e96ddf8bc73e
food_venue,Super 8,303 Grattan Street MELBOURNE VIC 3000,-37.80009421,144.956578445,"{""census_year"":2024,""industry_code"":""4511"",""industry_description"":""Cafes and Restaurants"",""seats"":{""Seats - Outdoor"":40,""Seats - Indoor"":200},""total_seats"":240}",City of Melbourne,com:food:103256:ffd108bef1c1639f
food_venue,Super Norma,140 Rathdowne Street CARLTON VIC 3053,-37.7960463,144.97104054,"{""census_year"":2024,""industry_code"":""4512"",""industry_description"":""Takeaway Food Services"",""seats"":{""Seats - Indoor"":12},""total_seats"":12}",City of Melbourne,com:food:108239:ce07c6dc1f19dc02
food_venue,Superhiro,211-213 Swanston Street MELBOURNE VIC 3000,-37.81284647,144.965015724,"{""census_year"":2024,""industry_code"":""4511"",""industry_description"":""Cafes and Restaurants"",""seats"":{""Seats - Indoor"":98},""total_seats"":98}",City of Melbourne,com:food:109286:d5f77570d0352338
food_venue,Supernormal,180 Flinders Lane MELBOURNE VIC 3000,-37.81563788,144.968289135,"{""census_year"":2024,""industry_code"":""4511"",""industry_description"":""Cafes and Restaurants"",""seats"":{""Seats - Indoor"":170},""total_seats"":170}",City of Melbourne,com:food:102074:04dd369d46611447
food_venue,Supernova Coffee,"Shop 3, 364 Little Collins Street MELBOURNE VIC 3000",-37.81510975,144.962207824,"{""census_year"":2024,""industry_code"":""4512"",""industry_description"":""Takeaway Food Services"",""seats"":{""Seats - Indoor"":12},""total_seats"":12}",City of Melbourne,com:food:101147:a96f2c4d9d79ab3d
food_venue,Supersede Coffee,519-521 Elizabeth Street MELBOURNE VIC 3000,-37.80765748,144.957205484,"{""census_year"":2024,""industry_code"":""4511"",""industry_description"":""Cafes and Restaurants"",""seats"":{""Seats - Indoor"":23,""Seats - Outdoor"":30},""total_seats"":53}",City of Melbourne,com:food:110690:46135ccda9299667
food_venue,Supper Inn Chinese Restaurant,15-17 Celestial Avenue MELBOURNE VIC 3000,-37.81188094,144.96613017,"{""census_year"":2024,""industry_code"":""4511"",""industry_description"":""Cafes and Restaurants"",""seats"":{""Seats - Indoor"":70},""total_seats"":70}",City of Melbourne,com:food:101783:ca946f9412988f02
food_venue,Sura Korean BBQ,26-30 Artemis Lane MELBOURNE VIC 3000,-37.810658,144.965703374,"{""census_year"":2024,""industry_code"":""4511"",""industry_description"":""Cafes and Restaurants"",""seats"":{""Seats - Outdoor"":20,""Seats - Indoor"":112},""total_seats"":132}",City of Melbourne,com:food:589841:ff149687f1343095
food_venue,Surasang,55-59 A'Beckett Street MELBOURNE VIC 3000,-37.80913331,144.961953762,"{""census_year"":2024,""industry_code"":""4511"",""industry_description"":""Cafes and Restaurants"",""seats"":{""Seats - Indoor"":250},""total_seats"":250}",City of Melbourne,com:food:500332:4ada8f9a1ecff49c
food_venue,Sushi & Nori,"Tenancy 42B, LwrGround 18 Batmans Hill Drive DOCKLANDS VIC 3008",-37.82131456,144.949832512,"{""census_year"":2024,""industry_code"":""4511"",""industry_description"":""Cafes and Restaurants"",""seats"":{""Seats - Indoor"":24},""total_seats"":24}",City of Melbourne,com:food:640970:da916c811bc89a60
food_venue,Sushi & Nori Melbourne,"Shop 6, 360 Collins Street MELBOURNE VIC 3000",-37.81615528,144.962184393,"{""census_year"":2024,""industry_code"":""4511"",""industry_description"":""Cafes and Restaurants"",""seats"":{""Seats - Indoor"":29},""total_seats"":29}",City of Melbourne,com:food:102133:938c5f1b63f94699
food_venue,Sushi Hotaru,"Shop 118, Level 1 194-200 Bourke Street MELBOURNE VIC 3000",-37.81244678,144.967282791,"{""census_year"":2024,""industry_code"":""4511"",""industry_description"":""Cafes and Restaurants"",""seats"":{""Seats - Indoor"":32},""total_seats"":32}",City of Melbourne,com:food:101204:9377d574964c7687
food_venue,Sushi Hub,"Shop 152B, Level 1 300 Lonsdale Street MELBOURNE VIC 3000",-37.81073331,144.963018917,"{""census_year"":2024,""industry_code"":""4512"",""industry_description"":""Takeaway Food Services"",""seats"":{""Seats - Indoor"":22},""total_seats"":22}",City of Melbourne,com:food:105746:b8c34500dff3ea8b
food_venue,SUSHI HUB,"Shop 18, LwrGround 300 Lonsdale Street MELBOURNE VIC 3000",-37.81073331,144.963018917,"{""census_year"":2024,""industry_code"":""4512"",""industry_description"":""Takeaway Food Services"",""seats"":{""Seats - Indoor"":28},""total_seats"":28}",City of Melbourne,com:food:105746:2d46ecd35cd91e14
food_venue,Sushi Hub Elizabeth 2,"Shop 2, 475 Elizabeth Street MELBOURNE VIC 3000",-37.80781933,144.959752929,"{""census_year"":2024,""industry_code"":""4512"",""industry_description"":""Takeaway Food Services"",""seats"":{""Seats - Indoor"":24,""Seats - Outdoor"":12},""total_seats"":36}",City of Melbourne,com:food:103231:2d1cc071e740bc5d
food_venue,Sushi Hub Elizabeth Street,Part 26 Elizabeth Street MELBOURNE VIC 3000,-37.81763649,144.96509495,"{""census_year"":2024,""industry_code"":""4512"",""industry_description"":""Takeaway Food Services"",""seats"":{""Seats - Indoor"":6},""total_seats"":6}",City of Melbourne,com:food:103328:7a6e02b4ed3d6077
food_venue,Sushi Hub Swanston,51 Swanston Street MELBOURNE VIC 3000,-37.8163275,144.966622741,"{""census_year"":2024,""industry_code"":""4512"",""industry_description"":""Takeaway Food Services"",""seats"":{""Seats - Indoor"":42},""total_seats"":42}",City of Melbourne,com:food:109264:1007166d2e7dc3a6
food_venue,Sushi Hub Swanston 2,155 Swanston Street MELBOURNE VIC 3000,-37.81414396,144.965613817,"{""census_year"":2024,""industry_code"":""4511"",""industry_description"":""Cafes and Restaurants"",""seats"":{""Seats - Indoor"":68},""total_seats"":68}",City of Melbourne,com:food:109278:43c5241f640a94db
food_venue,Sushi Hut,"Shop 6A, 353 Little Collins Street MELBOURNE VIC 3000",-37.81570426,144.962984348,"{""census_year"":2024,""industry_code"":""4512"",""industry_description"":""Takeaway Food Services"",""seats"":{""Seats - Indoor"":6,""Seats - Outdoor"":8},""total_seats"":14}",City of Melbourne,com:food:110669:765fbbb42e542ec3
food_venue,Sushi Jiro,"Shop 76, Ground 300 Lonsdale Street MELBOURNE VIC 3000",-37.81073331,144.963018917,"{""census_year"":2024,""industry_code"":""4511"",""industry_description"":""Cafes and Restaurants"",""seats"":{""Seats - Indoor"":32},""total_seats"":32}",City of Melbourne,com:food:105746:ae42c6644471b4da
food_venue,Sushi Jiro Express,"Shop 357, Level 3 287 Lonsdale Street MELBOURNE VIC 3000",-37.81245199,144.963838585,"{""census_year"":2024,""industry_code"":""4512"",""industry_description"":""Takeaway Food Services"",""seats"":{""Seats - Indoor"":56},""total_seats"":56}",City of Melbourne,com:food:105698:dcad200c98a0e1f4
food_venue,Sushi Jiro QV,Shop QS001 1-7 QV Square MELBOURNE VIC 3000,-37.810658,144.965703374,"{""census_year"":2024,""industry_code"":""4511"",""industry_description"":""Cafes and Restaurants"",""seats"":{""Seats - Indoor"":64,""Seats - Outdoor"":12},""total_seats"":76}",City of Melbourne,com:food:589841:2cce0db851eb8a1d
food_venue,Sushi Land,"Shop 5F, 84 Flinders Lane MELBOURNE VIC 3000",-37.81492031,144.970749785,"{""census_year"":2024,""industry_code"":""4512"",""industry_description"":""Takeaway Food Services"",""seats"":{""Seats - Indoor"":10,""Seats - Outdoor"":10},""total_seats"":20}",City of Melbourne,com:food:102067:b87da9cbdc092b06
food_venue,Sushi Lian,"Shop 2, Ground 2 Queen Street MELBOURNE VIC 3000",-37.81858716,144.962709758,"{""census_year"":2024,""industry_code"":""4511"",""industry_description"":""Cafes and Restaurants"",""seats"":{""Seats - Indoor"":27},""total_seats"":27}",City of Melbourne,com:food:104003:891043a442465c41
food_venue,Sushi Mura,"Shop 5, 280 King Street MELBOURNE VIC 3000",-37.81349786,144.954822177,"{""census_year"":2024,""industry_code"":""4512"",""industry_description"":""Takeaway Food Services"",""seats"":{""Seats - Outdoor"":8},""total_seats"":8}",City of Melbourne,com:food:105375:007208d1d21f4960
food_venue,Sushi N Poke,"Shop 8R, 3 Freshwater Place SOUTHBANK VIC 3006",-37.82167833,144.962153946,"{""census_year"":2024,""industry_code"":""4512"",""industry_description"":""Takeaway Food Services"",""seats"":{""Seats - Indoor"":12},""total_seats"":12}",City of Melbourne,com:food:575820:b69007cd3e68d28a
food_venue,Sushi on little bourke,"Shop 3, 500 Bourke Street MELBOURNE VIC 3000",-37.81494883,144.95876067,"{""census_year"":2024,""industry_code"":""4511"",""industry_description"":""Cafes and Restaurants"",""seats"":{""Seats - Indoor"":44},""total_seats"":44}",City of Melbourne,com:food:101176:92f9d7e7915141e7
food_venue,Sushi Sushi,"Shop 2, Ground 697 Collins Street DOCKLANDS VIC 3008",-37.820697,144.951808421,"{""census_year"":2024,""industry_code"":""4512"",""industry_description"":""Takeaway Food Services"",""seats"":{""Seats - Indoor"":4},""total_seats"":4}",City of Melbourne,com:food:692621:e2cfe25a5203b97b
food_venue,Sushi Ten,178 Rathdowne Street CARLTON VIC 3053,-37.79518777,144.97118345,"{""census_year"":2024,""industry_code"":""4511"",""industry_description"":""Cafes and Restaurants"",""seats"":{""Seats - Indoor"":24,""Seats - Outdoor"":8},""total_seats"":32}",City of Melbourne,com:food:108229:f36226db8bd01119
food_venue,Sushi Yuzen,Shop G01 535 Little Collins Street MELBOURNE VIC 3000,-37.81767359,144.956834754,"{""census_year"":2024,""industry_code"":""4512"",""industry_description"":""Takeaway Food Services"",""seats"":{""Seats - Indoor"":8},""total_seats"":8}",City of Melbourne,com:food:102115:8390cdf5eb377c70
food_venue,Sushi Yuzen,"Shop 18A, Ground 90 Waterfront Way DOCKLANDS VIC 3008",-37.81220918,144.939410985,"{""census_year"":2024,""industry_code"":""4511"",""industry_description"":""Cafes and Restaurants"",""seats"":{""Seats - Indoor"":31},""total_seats"":31}",City of Melbourne,com:food:593729:e436daafc5128bc8
food_venue,Sushi-Ya,"Shop E3, 12 Southern Cross Lane MELBOURNE VIC 3000",-37.81281453,144.970109211,"{""census_year"":2024,""industry_code"":""4511"",""industry_description"":""Cafes and Restaurants"",""seats"":{""Seats - Indoor"":56,""Seats - Outdoor"":24},""total_seats"":80}",City of Melbourne,com:food:602997:f115b97d2bbb7cbc
food_venue,Swanston Halal Food Centre,Part 61 Swanston Street MELBOURNE VIC 3000,-37.8163275,144.966622741,"{""census_year"":2024,""industry_code"":""4512"",""industry_description"":""Takeaway Food Services"",""seats"":{""Seats - Indoor"":8},""total_seats"":8}",City of Melbourne,com:food:109264:bce58c3d7dd50a9f
food_venue,Sweet Canteen,"Shop 3, 8 Driver Lane MELBOURNE VIC 3000",-37.81292437,144.963127568,"{""census_year"":2024,""industry_code"":""4129"",""industry_description"":""Other Specialised Food Retailing"",""seats"":{""Seats - Indoor"":13,""Seats - Outdoor"":12},""total_seats"":25}",City of Melbourne,com:food:105875:1ca6b9b9f79a7f0d
food_venue,Sweetie And Moustache Dessert Lounge,Floor 3-4 207 Russell Street MELBOURNE VIC 3000,-37.81169847,144.967298399,"{""census_year"":2024,""industry_code"":""4511"",""industry_description"":""Cafes and Restaurants"",""seats"":{""Seats - Indoor"":80},""total_seats"":80}",City of Melbourne,com:food:108548:3793999c5a1bd738
food_venue,Swiss Club Restaurant,Part Level 1 87 Flinders Lane MELBOURNE VIC 3000,-37.81542975,144.971392515,"{""census_year"":2024,""industry_code"":""4511"",""industry_description"":""Cafes and Restaurants"",""seats"":{""Seats - Indoor"":100},""total_seats"":100}",City of Melbourne,com:food:103920:1f6007b28cfd3a64
food_venue,T Theory,190 Queensberry Street CARLTON VIC 3053,-37.80429344,144.962784486,"{""census_year"":2024,""industry_code"":""4512"",""industry_description"":""Takeaway Food Services"",""seats"":{""Seats - Indoor"":15},""total_seats"":15}",City of Melbourne,com:food:108029:df1349a456050eda
food_venue,Tabouli,189 Lygon Street CARLTON VIC 3053,-37.8011904,144.966488036,"{""census_year"":2024,""industry_code"":""4511"",""industry_description"":""Cafes and Restaurants"",""seats"":{""Seats - Indoor"":45,""Seats - Outdoor"":20},""total_seats"":65}",City of Melbourne,com:food:106107:78fa13f76d1d9dbd
food_venue,Taco Bill Collins Street,Basement 412 Collins Street MELBOURNE VIC 3000,-37.81698961,144.960488995,"{""census_year"":2024,""industry_code"":""4511"",""industry_description"":""Cafes and Restaurants"",""seats"":{""Seats - Indoor"":80},""total_seats"":80}",City of Melbourne,com:food:102127:93a4c812d638fa5c
food_venue,Taco Bill Mexican Restaurant,Part Level 1 142 Russell Street MELBOURNE VIC 3000,-37.81298798,144.96841676,"{""census_year"":2024,""industry_code"":""4511"",""industry_description"":""Cafes and Restaurants"",""seats"":{""Seats - Indoor"":50},""total_seats"":50}",City of Melbourne,com:food:101126:081de5e0830531c7
food_venue,Taco Bill Mexican Restaurant,"Shop 1, 50 Bourke Street MELBOURNE VIC 3000",-37.81137727,144.971688988,"{""census_year"":2024,""industry_code"":""4511"",""industry_description"":""Cafes and Restaurants"",""seats"":{""Seats - Indoor"":81,""Seats - Outdoor"":12},""total_seats"":93}",City of Melbourne,com:food:101231:fceaacb3eb2396fb
food_venue,Tadka Hut Indian Cuisine,Ground 82 Wellington Parade EAST MELBOURNE VIC 3002,-37.8163489,144.98730737,"{""census_year"":2024,""industry_code"":""4511"",""industry_description"":""Cafes and Restaurants"",""seats"":{""Seats - Indoor"":40},""total_seats"":40}",City of Melbourne,com:food:110006:aa7a9759f4e1c3f7
food_venue,Taiwan Cafe Melbourne,67-69 Stanley Street WEST MELBOURNE VIC 3003,-37.80844834,144.949379147,"{""census_year"":2024,""industry_code"":""4511"",""industry_description"":""Cafes and Restaurants"",""seats"":{""Seats - Indoor"":20},""total_seats"":20}",City of Melbourne,com:food:109005:bc159b938b5db317
food_venue,Taiwan village,"Shop 4, 280 King Street MELBOURNE VIC 3000",-37.81349786,144.954822177,"{""census_year"":2024,""industry_code"":""4511"",""industry_description"":""Cafes and Restaurants"",""seats"":{""Seats - Indoor"":26},""total_seats"":26}",City of Melbourne,com:food:105375:25fe6637815e5085
food_venue,Taketori Fusion Japanese,Part Gnd & Flr1 267-271 King Street MELBOURNE VIC 3000,-37.81392013,144.954298289,"{""census_year"":2024,""industry_code"":""4511"",""industry_description"":""Cafes and Restaurants"",""seats"":{""Seats - Indoor"":40},""total_seats"":40}",City of Melbourne,com:food:105315:fa3e9b59aa32cea9
food_venue,Tami Sweet Lonsdale,145 Lonsdale Street MELBOURNE VIC 3000,-37.81081665,144.968152905,"{""census_year"":2024,""industry_code"":""4511"",""industry_description"":""Cafes and Restaurants"",""seats"":{""Seats - Indoor"":12,""Seats - Outdoor"":8},""total_seats"":20}",City of Melbourne,com:food:105681:ac1be0f22de0f22f
food_venue,Tan Hot Pot,Gnd & Bmt 130 Bourke Street MELBOURNE VIC 3000,-37.81223835,144.969182314,"{""census_year"":2024,""industry_code"":""4511"",""industry_description"":""Cafes and Restaurants"",""seats"":{""Seats - Indoor"":76},""total_seats"":76}",City of Melbourne,com:food:101215:fb7d4a6f912271f6
food_venue,Tap 831,829-831A Bourke Street DOCKLANDS VIC 3008,-37.82044557,144.943459922,"{""census_year"":2024,""industry_code"":""4511"",""industry_description"":""Cafes and Restaurants"",""seats"":{""Seats - Outdoor"":58,""Seats - Indoor"":118},""total_seats"":176}",City of Melbourne,com:food:609480:2e1d44b6ba1bd42a
food_venue,Tapenade Melbourne,1A-3 Commercial Road MELBOURNE VIC 3004,-37.8455379,144.979819038,"{""census_year"":2024,""industry_code"":""4511"",""industry_description"":""Cafes and Restaurants"",""seats"":{""Seats - Indoor"":30,""Seats - Outdoor"":8},""total_seats"":38}",City of Melbourne,com:food:108646:6050b1cd63126dab
food_venue,Taquito,350-352 Drummond Street CARLTON VIC 3053,-37.79771074,144.969271206,"{""census_year"":2024,""industry_code"":""4520"",""industry_description"":""Pubs, Taverns and Bars"",""seats"":{""Seats - Outdoor"":32,""Seats - Indoor"":76},""total_seats"":108}",City of Melbourne,com:food:102714:ac0c79c09563d2f2
food_venue,Taste Hunan,280 Little Lonsdale Street MELBOURNE VIC 3000,-37.81131628,144.960948366,"{""census_year"":2024,""industry_code"":""4511"",""industry_description"":""Cafes and Restaurants"",""seats"":{""Seats - Indoor"":16},""total_seats"":16}",City of Melbourne,com:food:650593:098ac59d79e2bcba
food_venue,Taste Of China,256 Flinders Street MELBOURNE VIC 3000,-37.8176078,144.965626331,"{""census_year"":2024,""industry_code"":""4512"",""industry_description"":""Takeaway Food Services"",""seats"":{""Seats - Indoor"":10},""total_seats"":10}",City of Melbourne,com:food:104010:ba6f11674f132fdc
food_venue,Tavistock House Cafe,"Shop 3, 387 Flinders Lane MELBOURNE VIC 3000",-37.81825093,144.961389009,"{""census_year"":2024,""industry_code"":""4511"",""industry_description"":""Cafes and Restaurants"",""seats"":{""Seats - Indoor"":35,""Seats - Outdoor"":40},""total_seats"":75}",City of Melbourne,com:food:103954:1c30c58832365283
food_venue,Taxi Kitchen,"Tenancy 29, Level 1 2 Swanston Street MELBOURNE VIC 3000",-37.81784465,144.969917465,"{""census_year"":2024,""industry_code"":""4511"",""industry_description"":""Cafes and Restaurants"",""seats"":{""Seats - Indoor"":160},""total_seats"":160}",City of Melbourne,com:food:578324:b3e62d9f687e5a97
food_venue,Tazio,Basement & Ground - Lvl 1 91 Flinders Lane MELBOURNE VIC 3000,-37.81543505,144.971222799,"{""census_year"":2024,""industry_code"":""4511"",""industry_description"":""Cafes and Restaurants"",""seats"":{""Seats - Outdoor"":20,""Seats - Indoor"":302},""total_seats"":322}",City of Melbourne,com:food:103921:159b1e161e4e1e0e
food_venue,Teaser Carlton,163 Grattan Street CARLTON VIC 3053,-37.80059737,144.963420578,"{""census_year"":2024,""industry_code"":""4512"",""industry_description"":""Takeaway Food Services"",""seats"":{""Seats - Indoor"":5},""total_seats"":5}",City of Melbourne,com:food:104453:2c4712e288e6c8ad
food_venue,Teaser Feng Cha,195 Russell Street MELBOURNE VIC 3000,-37.81199728,144.967404098,"{""census_year"":2024,""industry_code"":""4129"",""industry_description"":""Other Specialised Food Retailing"",""seats"":{""Seats - Indoor"":10},""total_seats"":10}",City of Melbourne,com:food:108546:5c18d389b0eedafd
food_venue,Teatro,Part 100 St Kilda Road SOUTHBANK VIC 3006,-37.82094494,144.968224607,"{""census_year"":2024,""industry_code"":""4511"",""industry_description"":""Cafes and Restaurants"",""seats"":{""Seats - Outdoor"":60,""Seats - Indoor"":100},""total_seats"":160}",City of Melbourne,com:food:110734:f82aaf7451ea6071
food_venue,Teej,760 Bourke Street DOCKLANDS VIC 3008,-37.81817241,144.947217029,"{""census_year"":2024,""industry_code"":""4512"",""industry_description"":""Takeaway Food Services"",""seats"":{""Seats - Indoor"":3,""Seats - Outdoor"":4},""total_seats"":7}",City of Melbourne,com:food:599505:8bbfffb3815cc2ab
food_venue,Teeny Tiny Cafe,858 Collins Street DOCKLANDS VIC 3008,-37.82092615,144.943788121,"{""census_year"":2024,""industry_code"":""4511"",""industry_description"":""Cafes and Restaurants"",""seats"":{""Seats - Indoor"":24},""total_seats"":24}",City of Melbourne,com:food:609481:8deab043f7b2c637
food_venue,Temple Arden,135 Arden Street NORTH MELBOURNE VIC 3051,-37.80085798,144.945468682,"{""census_year"":2024,""industry_code"":""4511"",""industry_description"":""Cafes and Restaurants"",""seats"":{""Seats - Indoor"":40},""total_seats"":40}",City of Melbourne,com:food:100483:97e31898aed4cabc
food_venue,Ten BBQ & Hotpot Buffet,143 City Road SOUTHBANK VIC 3006,-37.82376393,144.963252968,"{""census_year"":2024,""industry_code"":""4511"",""industry_description"":""Cafes and Restaurants"",""seats"":{""Seats - Indoor"":110},""total_seats"":110}",City of Melbourne,com:food:110364:4ee23db3f2ae0d5b
food_venue,Ten Square Cafe,118-120 Hardware Street MELBOURNE VIC 3000,-37.81194755,144.960703187,"{""census_year"":2024,""industry_code"":""4511"",""industry_description"":""Cafes and Restaurants"",""seats"":{""Seats - Outdoor"":20,""Seats - Indoor"":47},""total_seats"":67}",City of Melbourne,com:food:104664:9518dc5450c8d32d
food_venue,Tengu Poke,431 Little Collins Street MELBOURNE VIC 3000,-37.81629333,144.960396821,"{""census_year"":2024,""industry_code"":""4511"",""industry_description"":""Cafes and Restaurants"",""seats"":{""Seats - Indoor"":26},""total_seats"":26}",City of Melbourne,com:food:105935:c6d05087873120ea
food_venue,Tenten Stick Pty Ltd,"Shop 4, 28 Bouverie Street CARLTON VIC 3053",-37.80568588,144.961947969,"{""census_year"":2024,""industry_code"":""4512"",""industry_description"":""Takeaway Food Services"",""seats"":{""Seats - Indoor"":12},""total_seats"":12}",City of Melbourne,com:food:661088:c14b31cf1634a8ca
food_venue,Teppanyaki Inn,"Rear Shop 2, Ground 182 Collins Street MELBOURNE VIC 3000",-37.81479918,144.967453704,"{""census_year"":2024,""industry_code"":""4511"",""industry_description"":""Cafes and Restaurants"",""seats"":{""Seats - Indoor"":70},""total_seats"":70}",City of Melbourne,com:food:102149:80f73780432b9c44
food_venue,Terrace Deli,Part Ground 459 Little Collins Street MELBOURNE VIC 3000,-37.81660734,144.959550019,"{""census_year"":2024,""industry_code"":""4511"",""industry_description"":""Cafes and Restaurants"",""seats"":{""Seats - Indoor"":82,""Seats - Outdoor"":32},""total_seats"":114}",City of Melbourne,com:food:105938:2f21c4e63778fdeb
food_venue,Tetsujin,"Shop M4, Level 4, 287 Lonsdale Street MELBOURNE VIC 3000",-37.81245199,144.963838585,"{""census_year"":2024,""industry_code"":""4511"",""industry_description"":""Cafes and Restaurants"",""seats"":{""Seats - Indoor"":100},""total_seats"":100}",City of Melbourne,com:food:105698:a13182bad85e2169
food_venue,TGI Fridays Restaurant & Bar,"Shop 313, Level 3 300 Lonsdale Street MELBOURNE VIC 3000",-37.81073331,144.963018917,"{""census_year"":2024,""industry_code"":""4511"",""industry_description"":""Cafes and Restaurants"",""seats"":{""Seats - Indoor"":330},""total_seats"":330}",City of Melbourne,com:food:105746:01e1d100c7b2071d
food_venue,Thai 29 Carlton,176 Rathdowne Street CARLTON VIC 3053,-37.79523278,144.971174478,"{""census_year"":2024,""industry_code"":""4511"",""industry_description"":""Cafes and Restaurants"",""seats"":{""Seats - Indoor"":50,""Seats - Outdoor"":8},""total_seats"":58}",City of Melbourne,com:food:108230:70d45148996ee4c3
food_venue,Thai City Restaurant,124 Lygon Street CARLTON VIC 3053,-37.80443778,144.966699249,"{""census_year"":2024,""industry_code"":""4511"",""industry_description"":""Cafes and Restaurants"",""seats"":{""Seats - Indoor"":90,""Seats - Outdoor"":20},""total_seats"":110}",City of Melbourne,com:food:111060:f6423db08ea3b516
food_venue,Thai Social,Shop LG09 287 Lonsdale Street MELBOURNE VIC 3000,-37.81245199,144.963838585,"{""census_year"":2024,""industry_code"":""4511"",""industry_description"":""Cafes and Restaurants"",""seats"":{""Seats - Indoor"":78},""total_seats"":78}",City of Melbourne,com:food:105698:8524c5d515b24ea0
food_venue,Thai Thani Docklands,"Tenancy 3, 851 Collins Street DOCKLANDS VIC 3008",-37.82163103,144.943933222,"{""census_year"":2024,""industry_code"":""4511"",""industry_description"":""Cafes and Restaurants"",""seats"":{""Seats - Indoor"":53,""Seats - Outdoor"":14},""total_seats"":67}",City of Melbourne,com:food:667598:82741246eda0e289
food_venue,Thai Tide,171 Bourke Street MELBOURNE VIC 3000,-37.81296416,144.96849715,"{""census_year"":2024,""industry_code"":""4511"",""industry_description"":""Cafes and Restaurants"",""seats"":{""Seats - Indoor"":100},""total_seats"":100}",City of Melbourne,com:food:101125:603e3d31332dc423
food_venue,Thai Town Melbourne,25 Artemis Lane MELBOURNE VIC 3000,-37.810658,144.965703374,"{""census_year"":2024,""industry_code"":""4511"",""industry_description"":""Cafes and Restaurants"",""seats"":{""Seats - Indoor"":200},""total_seats"":200}",City of Melbourne,com:food:589841:df64d71828f4b3dc
food_venue,Thaibaan,51 Bourke Street MELBOURNE VIC 3000,-37.81200666,144.97179666,"{""census_year"":2024,""industry_code"":""4511"",""industry_description"":""Cafes and Restaurants"",""seats"":{""Seats - Indoor"":70},""total_seats"":70}",City of Melbourne,com:food:101111:f79dd33b509a5556
food_venue,Thailander Riverside Quay,Part Ground 4 Riverside Quay SOUTHBANK VIC 3006,-37.82092509,144.963375778,"{""census_year"":2024,""industry_code"":""4511"",""industry_description"":""Cafes and Restaurants"",""seats"":{""Seats - Indoor"":52},""total_seats"":52}",City of Melbourne,com:food:110326:19f23205e5afef0d
food_venue,Thailicious,"Unit 1, 355-357 Exhibition Street MELBOURNE VIC 3000",-37.80752222,144.968173143,"{""census_year"":2024,""industry_code"":""4511"",""industry_description"":""Cafes and Restaurants"",""seats"":{""Seats - Indoor"":52},""total_seats"":52}",City of Melbourne,com:food:103617:d9e53bb010afcee3
food_venue,The Adelphi Hotel,Gnd-Lvl 7 187 Flinders Lane MELBOURNE VIC 3000,-37.81635789,144.96837507,"{""census_year"":2024,""industry_code"":""4400"",""industry_description"":""Accommodation"",""seats"":{""Seats - Indoor"":80},""total_seats"":80}",City of Melbourne,com:food:103938:7a16bae24f574ae2
food_venue,The Alley Edition,20 Howey Place MELBOURNE VIC 3000,-37.81507549,144.965225481,"{""census_year"":2024,""industry_code"":""4512"",""industry_description"":""Takeaway Food Services"",""seats"":{""Seats - Indoor"":6,""Seats - Outdoor"":8},""total_seats"":14}",City of Melbourne,com:food:105923:48eefd6cca907f13
food_venue,The Atlantic Group,Gardens House Royal Botanic Gardens Birdwood Avenue MELBOURNE VIC 3004,-37.83016975,144.980372356,"{""census_year"":2024,""industry_code"":""4513"",""industry_description"":""Catering Services"",""seats"":{""Seats - Outdoor"":200,""Seats - Indoor"":86},""total_seats"":286}",City of Melbourne,com:food:101100:d6238e645b10b29c
food_venue,The Atlantic Restaurant,"Shop 18, Ground 8 Whiteman Street SOUTHBANK VIC 3006",-37.82312164,144.958660189,"{""census_year"":2024,""industry_code"":""4511"",""industry_description"":""Cafes and Restaurants"",""seats"":{""Seats - Indoor"":180},""total_seats"":180}",City of Melbourne,com:food:111175:5731913a4ecd4a57
food_venue,The Atrium on 35,Part Level 35 35 Collins Street MELBOURNE VIC 3000,-37.81430615,144.972628037,"{""census_year"":2024,""industry_code"":""4511"",""industry_description"":""Cafes and Restaurants"",""seats"":{""Seats - Indoor"":150},""total_seats"":150}",City of Melbourne,com:food:102061:da60475650cecf85
food_venue,The Australian Club,98-110 William Street MELBOURNE VIC 3000,-37.81674542,144.959121743,"{""census_year"":2024,""industry_code"":""9559"",""industry_description"":""Other Interest Group Services n.e.c."",""seats"":{""Seats - Indoor"":202},""total_seats"":202}",City of Melbourne,com:food:110148:3c7125cf1ac43b44
food_venue,The Bank On Collins,Mezzanine 394 Collins Street MELBOURNE VIC 3000,-37.81666775,144.961045391,"{""census_year"":2024,""industry_code"":""4511"",""industry_description"":""Cafes and Restaurants"",""seats"":{""Seats - Indoor"":100},""total_seats"":100}",City of Melbourne,com:food:102131:fb21bbf48d65e758
food_venue,The Beast CBD,Part Gnd & Bmt 231 Swanston Street MELBOURNE VIC 3000,-37.8125239,144.964839484,"{""census_year"":2024,""industry_code"":""4511"",""industry_description"":""Cafes and Restaurants"",""seats"":{""Seats - Indoor"":50},""total_seats"":50}",City of Melbourne,com:food:109289:54dc61a2da072ea9
food_venue,The Best Guilin Rice Noodles,72 Victoria Street CARLTON VIC 3053,-37.80670799,144.965421152,"{""census_year"":2024,""industry_code"":""4511"",""industry_description"":""Cafes and Restaurants"",""seats"":{""Seats - Indoor"":30},""total_seats"":30}",City of Melbourne,com:food:109852:f8d1cc4e8dfc61fb
food_venue,The Black Prince Pub And Restaurant,45-47 Bourke Street MELBOURNE VIC 3000,-37.8119837,144.971905259,"{""census_year"":2024,""industry_code"":""4520"",""industry_description"":""Pubs, Taverns and Bars"",""seats"":{""Seats - Outdoor"":8,""Seats - Indoor"":70},""total_seats"":78}",City of Melbourne,com:food:101110:021071164566bce4
food_venue,The Boatbuilders Yard,23 South Wharf Promenade SOUTH WHARF VIC 3006,-37.82437522,144.953499517,"{""census_year"":2024,""industry_code"":""4511"",""industry_description"":""Cafes and Restaurants"",""seats"":{""Seats - Outdoor"":336,""Seats - Indoor"":150},""total_seats"":486}",City of Melbourne,com:food:110537:a75f0380461976d8
food_venue,The Bottom End,577-583 Little Collins Street MELBOURNE VIC 3000,-37.81782672,144.955605948,"{""census_year"":2024,""industry_code"":""4520"",""industry_description"":""Pubs, Taverns and Bars"",""seats"":{""Seats - Indoor"":70},""total_seats"":70}",City of Melbourne,com:food:105941:11dc0770e51747d2
food_venue,The Bowen St Cafe,Part Level 2 Building 12 RMIT University 394-412 Swanston Street MELBOURNE VIC 3000,-37.80818156,144.964543533,"{""census_year"":2024,""industry_code"":""4511"",""industry_description"":""Cafes and Restaurants"",""seats"":{""Seats - Indoor"":20},""total_seats"":20}",City of Melbourne,com:food:606671:fd1083726e58fed1
food_venue,The Brick Lane Market,466 Queen Street MELBOURNE VIC 3000,-37.80788769,144.958461316,"{""census_year"":2024,""industry_code"":""4511"",""industry_description"":""Cafes and Restaurants"",""seats"":{""Seats - Outdoor"":25,""Seats - Indoor"":105},""total_seats"":130}",City of Melbourne,com:food:109493:57c6cf0bdae6df22
food_venue,The Budapest Cafe,498 Swanston Street CARLTON VIC 3053,-37.80521815,144.963716758,"{""census_year"":2024,""industry_code"":""4511"",""industry_description"":""Cafes and Restaurants"",""seats"":{""Seats - Indoor"":32},""total_seats"":32}",City of Melbourne,com:food:109380:f726e15b5378df47
food_venue,THE BUND FOOD CO,77 Victoria Street MELBOURNE VIC 3000,-37.80765748,144.957205484,"{""census_year"":2024,""industry_code"":""4512"",""industry_description"":""Takeaway Food Services"",""seats"":{""Seats - Outdoor"":9,""Seats - Indoor"":12},""total_seats"":21}",City of Melbourne,com:food:110688:c479379441804bf5
food_venue,The Butchers Diner And Spring Street Events,Ground 10 Bourke Street MELBOURNE VIC 3000,-37.81123539,144.97255541,"{""census_year"":2024,""industry_code"":""4511"",""industry_description"":""Cafes and Restaurants"",""seats"":{""Seats - Indoor"":20,""Seats - Outdoor"":24},""total_seats"":44}",City of Melbourne,com:food:101237:10e21e87c151bd0b
food_venue,The Butter Room,16 Katherine Place MELBOURNE VIC 3000,-37.81988483,144.956601666,"{""census_year"":2024,""industry_code"":""1174"",""industry_description"":""Bakery Product Manufacturing (Non-factory based)"",""seats"":{""Seats - Indoor"":20},""total_seats"":20}",City of Melbourne,com:food:103957:9efec6635987200b
food_venue,The Carlton Hotel / Hasti Bala Bar / Palmz at the Carlton,"Levels 1-4 & Rooftop, 193-199 Bourke Street MELBOURNE VIC 3000",-37.81320485,144.967645202,"{""census_year"":2024,""industry_code"":""4520"",""industry_description"":""Pubs, Taverns and Bars"",""seats"":{""Seats - Indoor"":140},""total_seats"":140}",City of Melbourne,com:food:101130:10a4ef234167f054
food_venue,The Carlton Wine Room,Ground 172-174 Faraday Street CARLTON VIC 3053,-37.79858383,144.968585611,"{""census_year"":2024,""industry_code"":""4511"",""industry_description"":""Cafes and Restaurants"",""seats"":{""Seats - Outdoor"":20,""Seats - Indoor"":140},""total_seats"":160}",City of Melbourne,com:food:103711:750e3a98747cf787
food_venue,The Castle Hotel,56-58 Courtney Street NORTH MELBOURNE VIC 3051,-37.8008985,144.953034953,"{""census_year"":2024,""industry_code"":""4520"",""industry_description"":""Pubs, Taverns and Bars"",""seats"":{""Seats - Indoor"":160,""Seats - Outdoor"":57},""total_seats"":217}",City of Melbourne,com:food:102236:c290e77857fb19f1
food_venue,The Catholic Leadership Centre,Catholic Leadership Centre 576 Victoria Parade EAST MELBOURNE VIC 3002,-37.81061362,144.990551089,"{""census_year"":2024,""industry_code"":""9540"",""industry_description"":""Religious Services"",""seats"":{""Seats - Indoor"":600},""total_seats"":600}",City of Melbourne,com:food:109604:610707d0854e5bdf
food_venue,The Charles Dickens Tavern,Part Basement 290 Collins Street MELBOURNE VIC 3000,-37.81561893,144.964428319,"{""census_year"":2024,""industry_code"":""4520"",""industry_description"":""Pubs, Taverns and Bars"",""seats"":{""Seats - Indoor"":225},""total_seats"":225}",City of Melbourne,com:food:102141:1abcffe6b90a8850
food_venue,The Chef's Jungle,Ground 115 Lonsdale Street MELBOURNE VIC 3000,-37.81059803,144.968925697,"{""census_year"":2024,""industry_code"":""4511"",""industry_description"":""Cafes and Restaurants"",""seats"":{""Seats - Indoor"":38},""total_seats"":38}",City of Melbourne,com:food:105676:9fb2f1400474f6e6
food_venue,The Coffee Club,Ground 3 Star Circus DOCKLANDS VIC 3008,-37.8131707,144.937857365,"{""census_year"":2024,""industry_code"":""4511"",""industry_description"":""Cafes and Restaurants"",""seats"":{""Seats - Indoor"":50,""Seats - Outdoor"":100},""total_seats"":150}",City of Melbourne,com:food:620314:59dfeb226dcb9803
food_venue,The Coffee Club,"Shop 213, Level 1 201 Spencer Street DOCKLANDS VIC 3008",-37.81501701,144.951186966,"{""census_year"":2024,""industry_code"":""4511"",""industry_description"":""Cafes and Restaurants"",""seats"":{""Seats - Indoor"":70},""total_seats"":70}",City of Melbourne,com:food:110843:9b246fb6a6bb14c9
food_venue,The Comics Lounge,Part Level 1 26 Errol Street NORTH MELBOURNE VIC 3051,-37.80459297,144.949917927,"{""census_year"":2024,""industry_code"":""4530"",""industry_description"":""Clubs (Hospitality)"",""seats"":{""Seats - Indoor"":350},""total_seats"":350}",City of Melbourne,com:food:103523:f3c99ec3be1f8289
food_venue,The Common VU,Part Level 10 364-378 Little Lonsdale Street MELBOURNE VIC 3000,-37.81200376,144.958430331,"{""census_year"":2024,""industry_code"":""4511"",""industry_description"":""Cafes and Restaurants"",""seats"":{""Seats - Indoor"":78},""total_seats"":78}",City of Melbourne,com:food:106036:cc45c92e623cc8ab
food_venue,The Courthouse Hotel North Melbourne,Court House Hotel 86-90 Errol Street NORTH MELBOURNE VIC 3051,-37.80287732,144.949955701,"{""census_year"":2024,""industry_code"":""4520"",""industry_description"":""Pubs, Taverns and Bars"",""seats"":{""Seats - Indoor"":100},""total_seats"":100}",City of Melbourne,com:food:103507:85f82147df270122
food_venue,The Crafty Squire,115-127 Russell Street MELBOURNE VIC 3000,-37.81367449,144.968188234,"{""census_year"":2024,""industry_code"":""4520"",""industry_description"":""Pubs, Taverns and Bars"",""seats"":{""Seats - Indoor"":100,""Seats - Outdoor"":40},""total_seats"":140}",City of Melbourne,com:food:108536:97ca65ed0cf7d153
food_venue,The Crane,212 Little Bourke Street MELBOURNE VIC 3000,-37.81203584,144.966279121,"{""census_year"":2024,""industry_code"":""4511"",""industry_description"":""Cafes and Restaurants"",""seats"":{""Seats - Indoor"":80},""total_seats"":80}",City of Melbourne,com:food:105882:c0f0e3c061b08e11
food_venue,The Cupcake Queens,Part Ground 417 St Kilda Road MELBOURNE VIC 3004,-37.83774552,144.977042736,"{""census_year"":2024,""industry_code"":""4512"",""industry_description"":""Takeaway Food Services"",""seats"":{""Seats - Indoor"":4,""Seats - Outdoor"":20},""total_seats"":24}",City of Melbourne,com:food:108627:31881d475a191a1f
food_venue,The Cupcake Queens,32 Hardware Lane MELBOURNE VIC 3000,-37.81416355,144.961756204,"{""census_year"":2024,""industry_code"":""4511"",""industry_description"":""Cafes and Restaurants"",""seats"":{""Seats - Indoor"":6,""Seats - Outdoor"":8},""total_seats"":14}",City of Melbourne,com:food:101187:58c035fecc29a086
food_venue,The Curtin,John Curtin Hotel 27-31 Lygon Street CARLTON VIC 3053,-37.80619915,144.96569878,"{""census_year"":2024,""industry_code"":""4520"",""industry_description"":""Pubs, Taverns and Bars"",""seats"":{""Seats - Indoor"":71,""Seats - Outdoor"":16},""total_seats"":87}",City of Melbourne,com:food:106081:12fb86b072d4a2ed
food_venue,The Daughters Arms,"Part Ground 19 Little Bourke Street, MELBOURNE VIC 3000",-37.81074304,144.971990272,"{""census_year"":2024,""industry_code"":""4511"",""industry_description"":""Cafes and Restaurants"",""seats"":{""Seats - Indoor"":81,""Seats - Outdoor"":12},""total_seats"":93}",City of Melbourne,com:food:105828:16f23a08d0157047
food_venue,The Deck,"Shop 1-2, Upper Lvl 3 Southgate Avenue SOUTHBANK VIC 3006",-37.82066924,144.966262253,"{""census_year"":2024,""industry_code"":""4511"",""industry_description"":""Cafes and Restaurants"",""seats"":{""Seats - Outdoor"":20,""Seats - Indoor"":30},""total_seats"":50}",City of Melbourne,com:food:110606:d6900a584f75cd0d
food_venue,The Dispensa,377 King Street WEST MELBOURNE VIC 3003,-37.81166257,144.953251433,"{""census_year"":2024,""industry_code"":""4511"",""industry_description"":""Cafes and Restaurants"",""seats"":{""Seats - Outdoor"":6,""Seats - Indoor"":19},""total_seats"":25}",City of Melbourne,com:food:105325:5c0f483f346f74da
food_venue,The Drum,Part Level 5 Building 10 - Casey Building RMIT University 392 Swanston Street MELBOURNE VIC 3000,-37.80818156,144.964543533,"{""census_year"":2024,""industry_code"":""4511"",""industry_description"":""Cafes and Restaurants"",""seats"":{""Seats - Indoor"":88},""total_seats"":88}",City of Melbourne,com:food:606648:5b515445bf58b315
food_venue,The Drunken Poet,Ground 65 Peel Street WEST MELBOURNE VIC 3003,-37.8066672,144.955497945,"{""census_year"":2024,""industry_code"":""4520"",""industry_description"":""Pubs, Taverns and Bars"",""seats"":{""Seats - Outdoor"":16,""Seats - Indoor"":50},""total_seats"":66}",City of Melbourne,com:food:107481:e7eb6429fe6458f8
food_venue,The Duke Of Wellington,Ground & Level 1-2 142-148 Flinders Street MELBOURNE VIC 3000,-37.81640747,144.970086295,"{""census_year"":2024,""industry_code"":""4520"",""industry_description"":""Pubs, Taverns and Bars"",""seats"":{""Seats - Indoor"":360,""Seats - Outdoor"":80},""total_seats"":440}",City of Melbourne,com:food:104021:e3374b98451a8a62
food_venue,The Dumplings & Tea Co,"Room G25, Pt Ground 723 Swanston Street CARLTON VIC 3053",-37.80087264,144.963414226,"{""census_year"":2024,""industry_code"":""4511"",""industry_description"":""Cafes and Restaurants"",""seats"":{""Seats - Indoor"":18,""Seats - Outdoor"":19},""total_seats"":37}",City of Melbourne,com:food:109329:676beb935016881e
food_venue,The Elephant and Wheelbarrow,94-96 Bourke Street MELBOURNE VIC 3000,-37.81191057,144.970248459,"{""census_year"":2024,""industry_code"":""4520"",""industry_description"":""Pubs, Taverns and Bars"",""seats"":{""Seats - Outdoor"":90,""Seats - Indoor"":240},""total_seats"":330}",City of Melbourne,com:food:101221:34c855ab8da7170a
food_venue,The Espressonist,Part 108 River Esplanade DOCKLANDS VIC 3008,-37.82438863,144.943550585,"{""census_year"":2024,""industry_code"":""4511"",""industry_description"":""Cafes and Restaurants"",""seats"":{""Seats - Outdoor"":70,""Seats - Indoor"":100},""total_seats"":170}",City of Melbourne,com:food:611696:968c0533e72e1514
food_venue,The Essoign Club Ltd,Part Level 1 205 William Street MELBOURNE VIC 3000,-37.81427717,144.957144577,"{""census_year"":2024,""industry_code"":""4530"",""industry_description"":""Clubs (Hospitality)"",""seats"":{""Seats - Indoor"":200},""total_seats"":200}",City of Melbourne,com:food:110100:da290ddb014c9e1e
food_venue,The European,Ground 161 Spring Street MELBOURNE VIC 3000,-37.81095129,144.972429029,"{""census_year"":2024,""industry_code"":""4511"",""industry_description"":""Cafes and Restaurants"",""seats"":{""Seats - Indoor"":65,""Seats - Outdoor"":18},""total_seats"":83}",City of Melbourne,com:food:108986:51a477b37777e824
food_venue,The Fair Trader Cafe,Part Ground 11 Exhibition Street MELBOURNE VIC 3000,-37.81546152,144.971726206,"{""census_year"":2024,""industry_code"":""4511"",""industry_description"":""Cafes and Restaurants"",""seats"":{""Seats - Indoor"":100},""total_seats"":100}",City of Melbourne,com:food:103592:29e4dbac249659ac
food_venue,The Famished Wolf,Part 330 Arden Street KENSINGTON VIC 3031,-37.79900382,144.934941083,"{""census_year"":2024,""industry_code"":""4512"",""industry_description"":""Takeaway Food Services"",""seats"":{""Seats - Indoor"":12},""total_seats"":12}",City of Melbourne,com:food:100508:f56c53acea4237ba
food_venue,The Farmacy Restaurant,Tenancy 18.02 Ground 48 Flemington Road PARKVILLE VIC 3052,-37.79372054,144.949547006,"{""census_year"":2024,""industry_code"":""4511"",""industry_description"":""Cafes and Restaurants"",""seats"":{""Seats - Indoor"":86},""total_seats"":86}",City of Melbourne,com:food:103908:ac0ac18f58547f8f
food_venue,The Flour Melbourne,Ground 199 Victoria Street WEST MELBOURNE VIC 3003,-37.8059984,144.954768041,"{""census_year"":2024,""industry_code"":""4511"",""industry_description"":""Cafes and Restaurants"",""seats"":{""Seats - Indoor"":24},""total_seats"":24}",City of Melbourne,com:food:109687:48fef4dcf42f40c7
food_venue,The French Brasserie,2 Malthouse Lane MELBOURNE VIC 3000,-37.81546152,144.971726206,"{""census_year"":2024,""industry_code"":""4511"",""industry_description"":""Cafes and Restaurants"",""seats"":{""Seats - Indoor"":85,""Seats - Outdoor"":15},""total_seats"":100}",City of Melbourne,com:food:103592:471d44a01a894738
food_venue,The French Lettuce Patisserie and Bakery,Ground 237 Nicholson Street CARLTON VIC 3053,-37.79439894,144.975134466,"{""census_year"":2024,""industry_code"":""1174"",""industry_description"":""Bakery Product Manufacturing (Non-factory based)"",""seats"":{""Seats - Outdoor"":12,""Seats - Indoor"":5},""total_seats"":17}",City of Melbourne,com:food:106969:eb94f79705441912
food_venue,The Fresh Collective,"Tenancy 8, Alfred Deakin Building Federation Square 2 Swanston Street MELBOURNE VIC 3000",-37.81784465,144.969917465,"{""census_year"":2024,""industry_code"":""4511"",""industry_description"":""Cafes and Restaurants"",""seats"":{""Seats - Outdoor"":60,""Seats - Indoor"":120},""total_seats"":180}",City of Melbourne,com:food:578319:4510372c5596fabb
food_venue,The Galbi,270 Victoria Street NORTH MELBOURNE VIC 3051,-37.80580455,144.957390153,"{""census_year"":2024,""industry_code"":""4511"",""industry_description"":""Cafes and Restaurants"",""seats"":{""Seats - Indoor"":45},""total_seats"":45}",City of Melbourne,com:food:109837:2054c7226ff95fe7
food_venue,The General Assembly,29 South Wharf Promenade SOUTH WHARF VIC 3006,-37.82409302,144.95033362,"{""census_year"":2024,""industry_code"":""4511"",""industry_description"":""Cafes and Restaurants"",""seats"":{""Seats - Outdoor"":162,""Seats - Indoor"":152},""total_seats"":314}",City of Melbourne,com:food:110988:882f9387750401d2
food_venue,The George on Collins,"Shop B1, Basement 162 Collins Street MELBOURNE VIC 3000",-37.81450301,144.967847532,"{""census_year"":2024,""industry_code"":""4520"",""industry_description"":""Pubs, Taverns and Bars"",""seats"":{""Seats - Indoor"":150},""total_seats"":150}",City of Melbourne,com:food:102152:c6e36164d992c028
food_venue,The Glasshouse Eatery,Part The Glasshouse Olympic Park 20 Olympic Boulevard MELBOURNE VIC 3004,-37.82487805,144.982385438,"{""census_year"":2024,""industry_code"":""4511"",""industry_description"":""Cafes and Restaurants"",""seats"":{""Seats - Indoor"":70,""Seats - Outdoor"":46},""total_seats"":116}",City of Melbourne,com:food:646982:5920ac21106e4bfa
food_venue,The Golden Triangle Restaurant,Level 1 123C Park Street SOUTH YARRA VIC 3141,-37.83435079,144.982267428,"{""census_year"":2024,""industry_code"":""4511"",""industry_description"":""Cafes and Restaurants"",""seats"":{""Seats - Indoor"":60},""total_seats"":60}",City of Melbourne,com:food:102507:486a51aa75e01530
food_venue,The Grand BBQ,"Shop 6, 236 Bourke Street MELBOURNE VIC 3000",-37.81272047,144.966295166,"{""census_year"":2024,""industry_code"":""4511"",""industry_description"":""Cafes and Restaurants"",""seats"":{""Seats - Indoor"":30},""total_seats"":30}",City of Melbourne,com:food:101200:e84f10c81f8b57b0
food_venue,The Grazing Paddock Cafe,"Part Block A, Racing Victoria Centre 400 Epsom Road FLEMINGTON VIC 3031",-37.78417751,144.916890323,"{""census_year"":2024,""industry_code"":""4511"",""industry_description"":""Cafes and Restaurants"",""seats"":{""Seats - Indoor"":38},""total_seats"":38}",City of Melbourne,com:food:613981:b6903381740524bc
food_venue,The Grey Smith,"Part Unit 1, Ground 126 Wellington Parade EAST MELBOURNE VIC 3002",-37.81609348,144.985988908,"{""census_year"":2024,""industry_code"":""4511"",""industry_description"":""Cafes and Restaurants"",""seats"":{""Seats - Indoor"":28,""Seats - Outdoor"":6},""total_seats"":34}",City of Melbourne,com:food:109998:c7f7ce4703a24e42
food_venue,The Harbour Kitchen,"Tenancy 1, 800 Bourke Street DOCKLANDS VIC 3008",-37.81888389,144.945122417,"{""census_year"":2024,""industry_code"":""4513"",""industry_description"":""Catering Services"",""seats"":{""Seats - Outdoor"":100,""Seats - Indoor"":200},""total_seats"":300}",City of Melbourne,com:food:573414:a3fa26f58175366c
food_venue,The Hardware Club,Ground 43-49 Hardware Lane MELBOURNE VIC 3000,-37.81359799,144.961073493,"{""census_year"":2024,""industry_code"":""4511"",""industry_description"":""Cafes and Restaurants"",""seats"":{""Seats - Indoor"":55},""total_seats"":55}",City of Melbourne,com:food:105869:3ae91530bf796364
food_venue,The Hardware Societe,10 Katherine Place MELBOURNE VIC 3000,-37.81988483,144.956601666,"{""census_year"":2024,""industry_code"":""4511"",""industry_description"":""Cafes and Restaurants"",""seats"":{""Seats - Indoor"":70},""total_seats"":70}",City of Melbourne,com:food:103957:cf34456c105c51d1
food_venue,The Heart Of Carlton,"Shop 1, Ground 189 Elgin Street CARLTON VIC 3053",-37.79746832,144.968209904,"{""census_year"":2024,""industry_code"":""4512"",""industry_description"":""Takeaway Food Services"",""seats"":{""Seats - Outdoor"":10,""Seats - Indoor"":5},""total_seats"":15}",City of Melbourne,com:food:103107:610be47c96e7adcf
food_venue,The Hof Downtown,Part Ground 737 Bourke Street DOCKLANDS VIC 3008,-37.81914692,144.948951865,"{""census_year"":2024,""industry_code"":""4511"",""industry_description"":""Cafes and Restaurants"",""seats"":{""Seats - Outdoor"":40,""Seats - Indoor"":153},""total_seats"":193}",City of Melbourne,com:food:609487:e3f9b7183981e170
food_venue,The Hot Poppy,Ground 9 Errol Street NORTH MELBOURNE VIC 3051,-37.80473151,144.948970536,"{""census_year"":2024,""industry_code"":""4511"",""industry_description"":""Cafes and Restaurants"",""seats"":{""Seats - Outdoor"":30,""Seats - Indoor"":16},""total_seats"":46}",City of Melbourne,com:food:103394:b73db27a2e230d63
food_venue,The Humble Goat,11 Boundary Road NORTH MELBOURNE VIC 3051,-37.79589356,144.938522996,"{""census_year"":2024,""industry_code"":""4511"",""industry_description"":""Cafes and Restaurants"",""seats"":{""Seats - Indoor"":15,""Seats - Outdoor"":4},""total_seats"":19}",City of Melbourne,com:food:101104:6c5ac69b5e65eca1
food_venue,The Irish Times,Gnd & Flr1 427 Little Collins Street MELBOURNE VIC 3000,-37.81625419,144.960535372,"{""census_year"":2024,""industry_code"":""4520"",""industry_description"":""Pubs, Taverns and Bars"",""seats"":{""Seats - Indoor"":100},""total_seats"":100}",City of Melbourne,com:food:105933:fe1c3267a89831af
food_venue,The Jazz Corner Cafe,Part 352 William Street MELBOURNE VIC 3000,-37.81124427,144.956578269,"{""census_year"":2024,""industry_code"":""4511"",""industry_description"":""Cafes and Restaurants"",""seats"":{""Seats - Indoor"":36,""Seats - Outdoor"":8},""total_seats"":44}",City of Melbourne,com:food:110140:1d6810ec611bfb2f
food_venue,The Joint Bar,Level 1-2 35 Elizabeth Street MELBOURNE VIC 3000,-37.81741877,144.964331538,"{""census_year"":2024,""industry_code"":""4520"",""industry_description"":""Pubs, Taverns and Bars"",""seats"":{""Seats - Indoor"":88,""Seats - Outdoor"":46},""total_seats"":134}",City of Melbourne,com:food:103172:08ae9abe9b667ff6
food_venue,The Journal Cafe,Part Ground 253-265 Flinders Lane MELBOURNE VIC 3000,-37.81706291,144.965902771,"{""census_year"":2024,""industry_code"":""4511"",""industry_description"":""Cafes and Restaurants"",""seats"":{""Seats - Outdoor"":14,""Seats - Indoor"":83},""total_seats"":97}",City of Melbourne,com:food:103942:821eafc7f5121535
food_venue,The Kathmandu Cottage,Ground 349 Victoria Street WEST MELBOURNE VIC 3003,-37.80539371,144.949792546,"{""census_year"":2024,""industry_code"":""4511"",""industry_description"":""Cafes and Restaurants"",""seats"":{""Seats - Outdoor"":20,""Seats - Indoor"":60},""total_seats"":80}",City of Melbourne,com:food:109716:6e54937e0abd35f6
food_venue,The King Hotel,Part Ground 120 King Street MELBOURNE VIC 3000,-37.81703156,144.9564078,"{""census_year"":2024,""industry_code"":""4520"",""industry_description"":""Pubs, Taverns and Bars"",""seats"":{""Seats - Indoor"":200},""total_seats"":200}",City of Melbourne,com:food:105392:b0c84b039ed7aeea
food_venue,The Last Jar,Royal Artillery Hotel 614-616 Elizabeth Street MELBOURNE VIC 3000,-37.80389369,144.958938676,"{""census_year"":2024,""industry_code"":""4520"",""industry_description"":""Pubs, Taverns and Bars"",""seats"":{""Seats - Indoor"":90,""Seats - Outdoor"":60},""total_seats"":150}",City of Melbourne,com:food:103276:cfef46036d0a715f
food_venue,The League of Honest Coffee,110 Little Lonsdale Street MELBOURNE VIC 3000,-37.80913993,144.968446286,"{""census_year"":2024,""industry_code"":""4511"",""industry_description"":""Cafes and Restaurants"",""seats"":{""Seats - Indoor"":60},""total_seats"":60}",City of Melbourne,com:food:106056:4d9452b574e7e241
food_venue,THE LINCOLN ARMS PRIVATE DINING ROOMS,Shop Ground 138 Queensberry Street CARLTON VIC 3053,-37.80444613,144.964294786,"{""census_year"":2024,""industry_code"":""4511"",""industry_description"":""Cafes and Restaurants"",""seats"":{""Seats - Indoor"":35},""total_seats"":35}",City of Melbourne,com:food:111305:4f1f51bf4959c226
food_venue,The Loft @ VCCC,Part Level 7 305 Grattan Street MELBOURNE VIC 3000,-37.80009421,144.956578445,"{""census_year"":2024,""industry_code"":""4511"",""industry_description"":""Cafes and Restaurants"",""seats"":{""Seats - Indoor"":70,""Seats - Outdoor"":100},""total_seats"":170}",City of Melbourne,com:food:103256:e620a4161a5c25b8
food_venue,The Longing Flavour,804 Swanston Street CARLTON VIC 3053,-37.79780844,144.965164004,"{""census_year"":2024,""industry_code"":""4511"",""industry_description"":""Cafes and Restaurants"",""seats"":{""Seats - Indoor"":50},""total_seats"":50}",City of Melbourne,com:food:109359:fd754cf8fe3f445c
food_venue,The Louden Kitchen & Grill,Part Level 1 265-279 Little Bourke Street MELBOURNE VIC 3000,-37.81288667,144.964646875,"{""census_year"":2024,""industry_code"":""4511"",""industry_description"":""Cafes and Restaurants"",""seats"":{""Seats - Indoor"":160},""total_seats"":160}",City of Melbourne,com:food:105840:c4f2e8802d2c1a76
food_venue,The Lucky Guys Cafe,"Shop 13, 236 Bourke Street MELBOURNE VIC 3000",-37.81272047,144.966295166,"{""census_year"":2024,""industry_code"":""4511"",""industry_description"":""Cafes and Restaurants"",""seats"":{""Seats - Indoor"":40},""total_seats"":40}",City of Melbourne,com:food:101200:ddb3621a1c337649
food_venue,The Luwow,212 Little Collins Street MELBOURNE VIC 3000,-37.81384227,144.96715672,"{""census_year"":2024,""industry_code"":""4520"",""industry_description"":""Pubs, Taverns and Bars"",""seats"":{""Seats - Indoor"":50},""total_seats"":50}",City of Melbourne,com:food:105963:8d00d19bfc09933b
food_venue,The Lyceum Club,2-18 Ridgway Place MELBOURNE VIC 3000,-37.81314962,144.972595191,"{""census_year"":2024,""industry_code"":""4530"",""industry_description"":""Clubs (Hospitality)"",""seats"":{""Seats - Indoor"":85},""total_seats"":85}",City of Melbourne,com:food:108274:44b4e74012f03add
food_venue,The Meat & Wine Co,"Shop 2R, 3 Freshwater Place SOUTHBANK VIC 3006",-37.82167833,144.962153946,"{""census_year"":2024,""industry_code"":""4511"",""industry_description"":""Cafes and Restaurants"",""seats"":{""Seats - Indoor"":280},""total_seats"":280}",City of Melbourne,com:food:575820:d6fcdbf0fff1040f
food_venue,The Melbourne Club,The Melbourne Club 36-50 Collins Street MELBOURNE VIC 3000,-37.81324913,144.972117213,"{""census_year"":2024,""industry_code"":""4530"",""industry_description"":""Clubs (Hospitality)"",""seats"":{""Seats - Indoor"":137},""total_seats"":137}",City of Melbourne,com:food:102166:2fcf5c291c5e37f3
food_venue,The Melbourne Supper Club,Level 1 161 Spring Street MELBOURNE VIC 3000,-37.81095129,144.972429029,"{""census_year"":2024,""industry_code"":""4511"",""industry_description"":""Cafes and Restaurants"",""seats"":{""Seats - Indoor"":90},""total_seats"":90}",City of Melbourne,com:food:108986:954e771f3556c055
food_venue,The Mill,Ground 67 Hardware Lane MELBOURNE VIC 3000,-37.8132345,144.960907958,"{""census_year"":2024,""industry_code"":""4511"",""industry_description"":""Cafes and Restaurants"",""seats"":{""Seats - Indoor"":100,""Seats - Outdoor"":40},""total_seats"":140}",City of Melbourne,com:food:104659:dd5e07001b061dae
food_venue,The Mint Bar & Restaurant,Northern Guardhouse Royal Mint 318 William Street MELBOURNE VIC 3000,-37.81209045,144.957360919,"{""census_year"":2024,""industry_code"":""4511"",""industry_description"":""Cafes and Restaurants"",""seats"":{""Seats - Indoor"":36,""Seats - Outdoor"":90},""total_seats"":126}",City of Melbourne,com:food:110759:944d98c2ec65bca1
food_venue,The Moat Bar & Cafe,Basement 176 Little Lonsdale Street MELBOURNE VIC 3000,-37.80976881,144.965306017,"{""census_year"":2024,""industry_code"":""4511"",""industry_description"":""Cafes and Restaurants"",""seats"":{""Seats - Indoor"":74,""Seats - Outdoor"":30},""total_seats"":104}",City of Melbourne,com:food:109388:39ec23a9d1c83715
food_venue,The Moghals,369-371 King Street WEST MELBOURNE VIC 3003,-37.81166257,144.953251433,"{""census_year"":2024,""industry_code"":""4511"",""industry_description"":""Cafes and Restaurants"",""seats"":{""Seats - Indoor"":26},""total_seats"":26}",City of Melbourne,com:food:105325:96a8f813bc207da6
food_venue,The Next Hotel Melbourne,103 Little Collins Street MELBOURNE VIC 3000,-37.81360963,144.970722603,"{""census_year"":2024,""industry_code"":""4400"",""industry_description"":""Accommodation"",""seats"":{""Seats - Indoor"":80},""total_seats"":80}",City of Melbourne,com:food:709874:a26bc8a472cf62bb
food_venue,The Nixon Hotel,749 Bourke Street DOCKLANDS VIC 3008,-37.81925128,144.947975341,"{""census_year"":2024,""industry_code"":""4520"",""industry_description"":""Pubs, Taverns and Bars"",""seats"":{""Seats - Indoor"":150,""Seats - Outdoor"":60},""total_seats"":210}",City of Melbourne,com:food:576024:4e7f1ef13c2d6274
food_venue,The Olive Jar,168-170 Rathdowne Street CARLTON VIC 3053,-37.7953809,144.971149742,"{""census_year"":2024,""industry_code"":""4511"",""industry_description"":""Cafes and Restaurants"",""seats"":{""Seats - Indoor"":55,""Seats - Outdoor"":20},""total_seats"":75}",City of Melbourne,com:food:108233:424eec724f07f431
food_venue,The Other Brother,"Shop G1, 839 Collins Street DOCKLANDS VIC 3008",-37.82163103,144.943933222,"{""census_year"":2024,""industry_code"":""4511"",""industry_description"":""Cafes and Restaurants"",""seats"":{""Seats - Indoor"":112},""total_seats"":112}",City of Melbourne,com:food:667598:82b69868125c89ef
food_venue,The Pancake Parlour,"Shop 5, Level 1 120 Pearl River Road DOCKLANDS VIC 3008",-37.81174852,144.93675199,"{""census_year"":2024,""industry_code"":""4511"",""industry_description"":""Cafes and Restaurants"",""seats"":{""Seats - Indoor"":163},""total_seats"":163}",City of Melbourne,com:food:620301:4e2ba730e2f2e7a8
food_venue,The Pancake Parlour (Melbourne Central),"Shop 319, Level 3 300 Lonsdale Street MELBOURNE VIC 3000",-37.81073331,144.963018917,"{""census_year"":2024,""industry_code"":""4511"",""industry_description"":""Cafes and Restaurants"",""seats"":{""Seats - Indoor"":160},""total_seats"":160}",City of Melbourne,com:food:105746:4fc75542e109b59e
food_venue,The Park Pantry,119 Park Street SOUTH YARRA VIC 3141,-37.83435079,144.982267428,"{""census_year"":2024,""industry_code"":""4512"",""industry_description"":""Takeaway Food Services"",""seats"":{""Seats - Indoor"":20},""total_seats"":20}",City of Melbourne,com:food:102507:3cd040b78d6431fd
food_venue,The Parkmore Hotel,419-443 Royal Parade PARKVILLE VIC 3052,-37.78289944,144.958804,"{""census_year"":2024,""industry_code"":""4400"",""industry_description"":""Accommodation"",""seats"":{""Seats - Indoor"":40},""total_seats"":40}",City of Melbourne,com:food:556742:bfa282d6a7b0bcee
food_venue,The Pink Rabbit,"Level 1, 1-2 1 Star Circus DOCKLANDS VIC 3008",-37.8131707,144.937857365,"{""census_year"":2024,""industry_code"":""4511"",""industry_description"":""Cafes and Restaurants"",""seats"":{""Seats - Indoor"":50},""total_seats"":50}",City of Melbourne,com:food:620313:da722cb7e6727d85
food_venue,The Potter Espresso Bar,Part Ground Ian Potter Museum of Art Building 136 230 Grattan Street PARKVILLE VIC 3010,-37.79738772,144.961258672,"{""census_year"":2024,""industry_code"":""4511"",""industry_description"":""Cafes and Restaurants"",""seats"":{""Seats - Indoor"":18,""Seats - Outdoor"":66},""total_seats"":84}",City of Melbourne,com:food:620791:a81873a9417df26e
food_venue,The Premises Espresso,202 Bellair Street KENSINGTON VIC 3031,-37.79426147,144.93017684,"{""census_year"":2024,""industry_code"":""4511"",""industry_description"":""Cafes and Restaurants"",""seats"":{""Seats - Indoor"":70,""Seats - Outdoor"":16},""total_seats"":86}",City of Melbourne,com:food:616022:214f74e763acbd94
food_venue,the Prince Alfred Rooftop and Bar,Prince Alfred Hotel 191-197 Grattan Street CARLTON VIC 3053,-37.80045792,144.962208963,"{""census_year"":2024,""industry_code"":""4520"",""industry_description"":""Pubs, Taverns and Bars"",""seats"":{""Seats - Indoor"":120},""total_seats"":120}",City of Melbourne,com:food:104461:e03d4742b16af88c
food_venue,The Print Room Cafe,Part Ground 8 Exhibition Street MELBOURNE VIC 3000,-37.8154618,144.972720907,"{""census_year"":2024,""industry_code"":""4511"",""industry_description"":""Cafes and Restaurants"",""seats"":{""Seats - Indoor"":80},""total_seats"":80}",City of Melbourne,com:food:111071:dce5147cddfc3714
food_venue,The Quarter,27-31 Degraves Street MELBOURNE VIC 3000,-37.81710105,144.965484351,"{""census_year"":2024,""industry_code"":""4511"",""industry_description"":""Cafes and Restaurants"",""seats"":{""Seats - Indoor"":45,""Seats - Outdoor"":28},""total_seats"":73}",City of Melbourne,com:food:103943:2ad00840d56a0c9d
food_venue,The Quiet Man Irishman Pub,The Quiet Man Hotel 265-271 Racecourse Road KENSINGTON VIC 3031,-37.78860982,144.932355831,"{""census_year"":2024,""industry_code"":""4520"",""industry_description"":""Pubs, Taverns and Bars"",""seats"":{""Seats - Indoor"":150,""Seats - Outdoor"":81},""total_seats"":231}",City of Melbourne,com:food:616160:2f99bd5a44c2bba5
food_venue,The Rice Cooker,27 Flemington Road NORTH MELBOURNE VIC 3051,-37.80067768,144.955200107,"{""census_year"":2024,""industry_code"":""4511"",""industry_description"":""Cafes and Restaurants"",""seats"":{""Seats - Outdoor"":10,""Seats - Indoor"":50},""total_seats"":60}",City of Melbourne,com:food:103811:b4e6d1ebaa2afdfe
food_venue,The Ritz-Carlton,650 Lonsdale Street MELBOURNE VIC 3000,-37.81437529,144.952954607,"{""census_year"":2024,""industry_code"":""4400"",""industry_description"":""Accommodation"",""seats"":{""Seats - Indoor"":949},""total_seats"":949}",City of Melbourne,com:food:711415:0897ab7acea3f063
food_venue,The Royal Melbourne Hotel,621-633 Bourke Street MELBOURNE VIC 3000,-37.81686695,144.95522794,"{""census_year"":2024,""industry_code"":""4520"",""industry_description"":""Pubs, Taverns and Bars"",""seats"":{""Seats - Indoor"":200,""Seats - Outdoor"":72},""total_seats"":272}",City of Melbourne,com:food:101160:bf41f303224ab6e3
food_venue,The Salon,Part Level 1 314-336 Bourke Street MELBOURNE VIC 3000,-37.81344503,144.963829469,"{""census_year"":2024,""industry_code"":""4511"",""industry_description"":""Cafes and Restaurants"",""seats"":{""Seats - Indoor"":54},""total_seats"":54}",City of Melbourne,com:food:101194:476462ad6341897d
food_venue,The Savoy Hotel Melbourne,Vibe Savoy Hotel Melbourne 626-630 Little Collins Street MELBOURNE VIC 3000,-37.81777221,144.953929289,"{""census_year"":2024,""industry_code"":""4400"",""industry_description"":""Accommodation"",""seats"":{""Seats - Indoor"":130},""total_seats"":130}",City of Melbourne,com:food:108966:19483b193b2ce7aa
food_venue,The Secret Recipe,495-497 Spencer Street WEST MELBOURNE VIC 3003,-37.80897146,144.948789522,"{""census_year"":2024,""industry_code"":""4511"",""industry_description"":""Cafes and Restaurants"",""seats"":{""Seats - Indoor"":32},""total_seats"":32}",City of Melbourne,com:food:108861:9f9e2005d957f06a
food_venue,The Sri Lounge,Ground 116 Newquay Promenade DOCKLANDS VIC 3008,-37.81518961,144.93905572,"{""census_year"":2024,""industry_code"":""4511"",""industry_description"":""Cafes and Restaurants"",""seats"":{""Seats - Outdoor"":80,""Seats - Indoor"":120},""total_seats"":200}",City of Melbourne,com:food:601810:91406fe9e1f53334
food_venue,The Studio Beans,"Shop A, Ground 700 Swanston Street CARLTON VIC 3053",-37.7999972,144.96482819,"{""census_year"":2024,""industry_code"":""4511"",""industry_description"":""Cafes and Restaurants"",""seats"":{""Seats - Indoor"":20},""total_seats"":20}",City of Melbourne,com:food:104469:9a4eee97cc01b577
food_venue,The Studio Beans,197 Rosslyn Street WEST MELBOURNE VIC 3003,-37.81025507,144.948450986,"{""census_year"":2024,""industry_code"":""4511"",""industry_description"":""Cafes and Restaurants"",""seats"":{""Seats - Outdoor"":6,""Seats - Indoor"":30},""total_seats"":36}",City of Melbourne,com:food:714410:176b298493013b24
food_venue,The Tea Room,Part Level 1 180 St Kilda Road SOUTHBANK VIC 3006,-37.82281706,144.968633818,"{""census_year"":2024,""industry_code"":""4511"",""industry_description"":""Cafes and Restaurants"",""seats"":{""Seats - Indoor"":60},""total_seats"":60}",City of Melbourne,com:food:110736:ff86b0adfb34c28f
food_venue,The Tea Rooms 1892,"Shop 1-2, 282-284 Collins Street MELBOURNE VIC 3000",-37.81561893,144.964428319,"{""census_year"":2024,""industry_code"":""4511"",""industry_description"":""Cafes and Restaurants"",""seats"":{""Seats - Indoor"":50,""Seats - Outdoor"":24},""total_seats"":74}",City of Melbourne,com:food:102141:0911a965af7a12a1
food_venue,The Terrace,Cafe Royal Botanic Gardens Alexandra Avenue MELBOURNE VIC 3004,-37.83016975,144.980372356,"{""census_year"":2024,""industry_code"":""4511"",""industry_description"":""Cafes and Restaurants"",""seats"":{""Seats - Indoor"":200,""Seats - Outdoor"":75},""total_seats"":275}",City of Melbourne,com:food:101100:b7dcfcf61d9d27bd
food_venue,The Tigers Den,"Kiosk 10, Ground 300 Lonsdale Street MELBOURNE VIC 3000",-37.81073331,144.963018917,"{""census_year"":2024,""industry_code"":""4512"",""industry_description"":""Takeaway Food Services"",""seats"":{""Seats - Indoor"":16},""total_seats"":16}",City of Melbourne,com:food:105746:d5e57824f58933ec
food_venue,The Tippler & Co,58 Wellington Parade EAST MELBOURNE VIC 3002,-37.81638513,144.988253221,"{""census_year"":2024,""industry_code"":""4520"",""industry_description"":""Pubs, Taverns and Bars"",""seats"":{""Seats - Indoor"":140,""Seats - Outdoor"":54},""total_seats"":194}",City of Melbourne,com:food:110012:18dfa91e20448222
food_venue,The Trust,405-411 Flinders Lane MELBOURNE VIC 3000,-37.81864584,144.960420557,"{""census_year"":2024,""industry_code"":""4511"",""industry_description"":""Cafes and Restaurants"",""seats"":{""Seats - Indoor"":537,""Seats - Outdoor"":40},""total_seats"":577}",City of Melbourne,com:food:106435:9d8831890b4b0bae
food_venue,The Turf Accountants,"Unit 1, LwrGround 131 Queen Street MELBOURNE VIC 3000",-37.81549904,144.960540869,"{""census_year"":2024,""industry_code"":""4520"",""industry_description"":""Pubs, Taverns and Bars"",""seats"":{""Seats - Indoor"":60},""total_seats"":60}",City of Melbourne,com:food:108069:b6b34360ccbf04a9
food_venue,The Victoria Hotel Melbourne,The Victoria Hotel 215 Little Collins Street MELBOURNE VIC 3000,-37.81447237,144.967094279,"{""census_year"":2024,""industry_code"":""4400"",""industry_description"":""Accommodation"",""seats"":{""Seats - Indoor"":120},""total_seats"":120}",City of Melbourne,com:food:105917:b4b48cc8faf9ba35
food_venue,The Vine Coffee Roasters,"Tenancy 11, Level 2 435-457 Swanston Street MELBOURNE VIC 3000",-37.80826292,144.962693205,"{""census_year"":2024,""industry_code"":""4511"",""industry_description"":""Cafes and Restaurants"",""seats"":{""Seats - Indoor"":40},""total_seats"":40}",City of Melbourne,com:food:109318:e227b050f6ab9b29
food_venue,The Wharf Bakehouse,"Unit 1, 34 Wirraway Drive PORT MELBOURNE VIC 3207",-37.82673498,144.909560007,"{""census_year"":2024,""industry_code"":""1174"",""industry_description"":""Bakery Product Manufacturing (Non-factory based)"",""seats"":{""Seats - Outdoor"":16,""Seats - Indoor"":21},""total_seats"":37}",City of Melbourne,com:food:626609:004c180144a2f872
food_venue,The Wharf Hotel,"Shop 17, Ground 18-38 Siddeley Street DOCKLANDS VIC 3008",-37.82273183,144.953818379,"{""census_year"":2024,""industry_code"":""4520"",""industry_description"":""Pubs, Taverns and Bars"",""seats"":{""Seats - Indoor"":164,""Seats - Outdoor"":139},""total_seats"":303}",City of Melbourne,com:food:103978:3747d576b2655228
food_venue,The Whisky Boutique / Ms Collins,Ground & Mezzanine 425 Collins Street MELBOURNE VIC 3000,-37.81752881,144.960653096,"{""census_year"":2024,""industry_code"":""4520"",""industry_description"":""Pubs, Taverns and Bars"",""seats"":{""Seats - Indoor"":150},""total_seats"":150}",City of Melbourne,com:food:102099:197eea7876439fd7
food_venue,The Workers Food Room,472 Little Lonsdale Street MELBOURNE VIC 3000,-37.81299012,144.955503857,"{""census_year"":2024,""industry_code"":""4511"",""industry_description"":""Cafes and Restaurants"",""seats"":{""Seats - Indoor"":38},""total_seats"":38}",City of Melbourne,com:food:106033:7e3709fb578f7bdf
food_venue,The Workers Foodroom,349 Little Collins Street MELBOURNE VIC 3000,-37.81554941,144.963293794,"{""census_year"":2024,""industry_code"":""4511"",""industry_description"":""Cafes and Restaurants"",""seats"":{""Seats - Indoor"":8,""Seats - Outdoor"":16},""total_seats"":24}",City of Melbourne,com:food:105929:c8f418d58fbf1dd3
food_venue,Them Authentic Vietnamese Cuisine & Rolls,"Part Unit 13, Ground 60 Siddeley Street DOCKLANDS VIC 3008",-37.82290352,144.952548545,"{""census_year"":2024,""industry_code"":""4511"",""industry_description"":""Cafes and Restaurants"",""seats"":{""Seats - Outdoor"":34,""Seats - Indoor"":18},""total_seats"":52}",City of Melbourne,com:food:103980:3a357670d9e4a78d
food_venue,Theory,Ground 19-23 Meyers Place MELBOURNE VIC 3000,-37.8121518,144.972107737,"{""census_year"":2024,""industry_code"":""4520"",""industry_description"":""Pubs, Taverns and Bars"",""seats"":{""Seats - Outdoor"":30,""Seats - Indoor"":60},""total_seats"":90}",City of Melbourne,com:food:503031:8c96e09244b9206d
food_venue,Thong Thai,18 Bourke Street MELBOURNE VIC 3000,-37.811289,144.972362677,"{""census_year"":2024,""industry_code"":""4511"",""industry_description"":""Cafes and Restaurants"",""seats"":{""Seats - Indoor"":38},""total_seats"":38}",City of Melbourne,com:food:101234:e3d053e0d8e14910
food_venue,Three Crowns Hotel,361-365 Victoria Street WEST MELBOURNE VIC 3003,-37.80539923,144.949466316,"{""census_year"":2024,""industry_code"":""4520"",""industry_description"":""Pubs, Taverns and Bars"",""seats"":{""Seats - Outdoor"":96,""Seats - Indoor"":189},""total_seats"":285}",City of Melbourne,com:food:109721:6ca85e64d473cd06
food_venue,Three Drops Espresso,"Shop 6, Ground 227 Collins Street MELBOURNE VIC 3000",-37.81584476,144.966330378,"{""census_year"":2024,""industry_code"":""4511"",""industry_description"":""Cafes and Restaurants"",""seats"":{""Seats - Indoor"":6,""Seats - Outdoor"":25},""total_seats"":31}",City of Melbourne,com:food:102079:800116ce286996e4
food_venue,Thyme Square,Part Ground 243-251 Flemington Road NORTH MELBOURNE VIC 3051,-37.79358681,144.946696043,"{""census_year"":2024,""industry_code"":""4511"",""industry_description"":""Cafes and Restaurants"",""seats"":{""Seats - Indoor"":58},""total_seats"":58}",City of Melbourne,com:food:103859:95e97fb5c22869cb
food_venue,Tia To Vietnamese Restaurant,"Shop 83, Ground 8 Whiteman Street SOUTHBANK VIC 3006",-37.82312164,144.958660189,"{""census_year"":2024,""industry_code"":""4511"",""industry_description"":""Cafes and Restaurants"",""seats"":{""Seats - Indoor"":112},""total_seats"":112}",City of Melbourne,com:food:111175:865637ae097cec79
food_venue,Tiamo,303 Lygon Street CARLTON VIC 3053,-37.79822136,144.967089764,"{""census_year"":2024,""industry_code"":""4511"",""industry_description"":""Cafes and Restaurants"",""seats"":{""Seats - Outdoor"":30,""Seats - Indoor"":45},""total_seats"":75}",City of Melbourne,com:food:106143:40c30b5369031bcf
food_venue,Tiamo,305 Lygon Street CARLTON VIC 3053,-37.79817948,144.967079227,"{""census_year"":2024,""industry_code"":""4511"",""industry_description"":""Cafes and Restaurants"",""seats"":{""Seats - Indoor"":60,""Seats - Outdoor"":45},""total_seats"":105}",City of Melbourne,com:food:106144:e4ce352403ad2718
food_venue,Tiamo,307 Lygon Street CARLTON VIC 3053,-37.79812248,144.966981693,"{""census_year"":2024,""industry_code"":""4511"",""industry_description"":""Cafes and Restaurants"",""seats"":{""Seats - Indoor"":30,""Seats - Outdoor"":30},""total_seats"":60}",City of Melbourne,com:food:106145:d72c26a41e40b611
food_venue,Tian38,"Tenancy 4, 350 Flinders Lane MELBOURNE VIC 3000",-37.81728432,144.96244181,"{""census_year"":2024,""industry_code"":""4511"",""industry_description"":""Cafes and Restaurants"",""seats"":{""Seats - Indoor"":80},""total_seats"":80}",City of Melbourne,com:food:102092:2d742fcb344b76f1
food_venue,Tim Ho Wan,"Shop 15-17, Ground 206 Bourke Street MELBOURNE VIC 3000",-37.81259409,144.966876772,"{""census_year"":2024,""industry_code"":""4511"",""industry_description"":""Cafes and Restaurants"",""seats"":{""Seats - Indoor"":90},""total_seats"":90}",City of Melbourne,com:food:101202:e3eb1c806a4712ef
food_venue,Time Out Fed Square,"Tenancy 30, The Square Federation Square 2 Swanston Street MELBOURNE VIC 3000",-37.81784465,144.969917465,"{""census_year"":2024,""industry_code"":""4511"",""industry_description"":""Cafes and Restaurants"",""seats"":{""Seats - Indoor"":60,""Seats - Outdoor"":140},""total_seats"":200}",City of Melbourne,com:food:578323:f2787f44fb02a3af
food_venue,Time-Lapse Brewers,"Shop 5-6, 540 Little Collins Street MELBOURNE VIC 3000",-37.81695942,144.956773974,"{""census_year"":2024,""industry_code"":""4511"",""industry_description"":""Cafes and Restaurants"",""seats"":{""Seats - Indoor"":21},""total_seats"":21}",City of Melbourne,com:food:105949:638d4ab57d1c33cd
food_venue,Tina's Noodle Kitchen,237 Swanston Street MELBOURNE VIC 3000,-37.81244693,144.96480429,"{""census_year"":2024,""industry_code"":""4511"",""industry_description"":""Cafes and Restaurants"",""seats"":{""Seats - Indoor"":80},""total_seats"":80}",City of Melbourne,com:food:109290:17c93a424f98ead4
food_venue,Tinto For Coffee Lovers,"Unit 2A, Ground 446-452 Collins Street MELBOURNE VIC 3000",-37.81730302,144.959442005,"{""census_year"":2024,""industry_code"":""4512"",""industry_description"":""Takeaway Food Services"",""seats"":{""Seats - Indoor"":4,""Seats - Outdoor"":9},""total_seats"":13}",City of Melbourne,com:food:102123:08ba8ddd94c44afe
food_venue,Tipo 00,Ground 361 Little Bourke Street MELBOURNE VIC 3000,-37.81358648,144.961992587,"{""census_year"":2024,""industry_code"":""4511"",""industry_description"":""Cafes and Restaurants"",""seats"":{""Seats - Outdoor"":16,""Seats - Indoor"":42},""total_seats"":58}",City of Melbourne,com:food:105844:c842015140f93624
food_venue,Toast Kitchen Cafe,Ground 13 Errol Street NORTH MELBOURNE VIC 3051,-37.80463699,144.94904224,"{""census_year"":2024,""industry_code"":""4511"",""industry_description"":""Cafes and Restaurants"",""seats"":{""Seats - Outdoor"":24,""Seats - Indoor"":34},""total_seats"":58}",City of Melbourne,com:food:103396:f5bf621c71f8ada0
food_venue,Toffee Cafe,Part Ground 196 Flinders Street MELBOURNE VIC 3000,-37.81673488,144.968143252,"{""census_year"":2024,""industry_code"":""4511"",""industry_description"":""Cafes and Restaurants"",""seats"":{""Seats - Indoor"":20},""total_seats"":20}",City of Melbourne,com:food:104017:d876b4b4db346951
food_venue,Tokui Sushi,260 Lonsdale Street MELBOURNE VIC 3000,-37.81143223,144.964359259,"{""census_year"":2024,""industry_code"":""4512"",""industry_description"":""Takeaway Food Services"",""seats"":{""Seats - Indoor"":10},""total_seats"":10}",City of Melbourne,com:food:109302:f38dec7cfad4fd4c
food_venue,Tokyo 7 Japanese Restaurant,7 Frederick Way MELBOURNE VIC 3000,-37.81015871,144.956601159,"{""census_year"":2024,""industry_code"":""4511"",""industry_description"":""Cafes and Restaurants"",""seats"":{""Seats - Indoor"":46},""total_seats"":46}",City of Melbourne,com:food:621414:a74528ba4552f04a
food_venue,Tokyo Lamington,258 Elgin Street CARLTON VIC 3053,-37.79670704,144.965533876,"{""census_year"":2024,""industry_code"":""4511"",""industry_description"":""Cafes and Restaurants"",""seats"":{""Seats - Indoor"":24},""total_seats"":24}",City of Melbourne,com:food:103123:231d572b842c9df4
food_venue,Tokyo Maki,547 Flinders Street MELBOURNE VIC 3000,-37.82099397,144.956518441,"{""census_year"":2024,""industry_code"":""4511"",""industry_description"":""Cafes and Restaurants"",""seats"":{""Seats - Indoor"":47},""total_seats"":47}",City of Melbourne,com:food:611394:f19a013a3c38542c
food_venue,Tokyo Motto,"Shop 23A, Ground 194-200 Bourke Street MELBOURNE VIC 3000",-37.81244678,144.967282791,"{""census_year"":2024,""industry_code"":""4512"",""industry_description"":""Takeaway Food Services"",""seats"":{""Seats - Indoor"":13},""total_seats"":13}",City of Melbourne,com:food:101204:25509c70dcca83db
food_venue,Tokyo Sushi Kitchen St Kilda,Part Ground 417 St Kilda Road MELBOURNE VIC 3004,-37.83774552,144.977042736,"{""census_year"":2024,""industry_code"":""4511"",""industry_description"":""Cafes and Restaurants"",""seats"":{""Seats - Outdoor"":10,""Seats - Indoor"":28},""total_seats"":38}",City of Melbourne,com:food:108627:d5ab0460de1a21d0
food_venue,tokyo yokocho,Part Level 2 Building 14 RMIT University 414-418 Swanston Street MELBOURNE VIC 3000,-37.80818156,144.964543533,"{""census_year"":2024,""industry_code"":""4511"",""industry_description"":""Cafes and Restaurants"",""seats"":{""Seats - Indoor"":48},""total_seats"":48}",City of Melbourne,com:food:606672:b67965839cd067ef
food_venue,Tom Thumb Espresso,55 Flinders Lane MELBOURNE VIC 3000,-37.81485549,144.972835247,"{""census_year"":2024,""industry_code"":""4511"",""industry_description"":""Cafes and Restaurants"",""seats"":{""Seats - Indoor"":15,""Seats - Outdoor"":10},""total_seats"":25}",City of Melbourne,com:food:111021:9c1b569b03ba75b3
food_venue,Tong Fu Garden Melbourne,661-663 Spencer Street WEST MELBOURNE VIC 3003,-37.80624547,144.944447036,"{""census_year"":2024,""industry_code"":""4511"",""industry_description"":""Cafes and Restaurants"",""seats"":{""Seats - Indoor"":60,""Seats - Outdoor"":36},""total_seats"":96}",City of Melbourne,com:food:568593:847d3870d9ae4b10
food_venue,Tonka Bar & Restaurant,20 Duckboard Place MELBOURNE VIC 3000,-37.81589712,144.971473485,"{""census_year"":2024,""industry_code"":""4511"",""industry_description"":""Cafes and Restaurants"",""seats"":{""Seats - Indoor"":120},""total_seats"":120}",City of Melbourne,com:food:104028:83f14d9c3e6e09f9
food_venue,Tono On Borsari,201-203 Lygon Street CARLTON VIC 3053,-37.80089707,144.966672476,"{""census_year"":2024,""industry_code"":""4511"",""industry_description"":""Cafes and Restaurants"",""seats"":{""Seats - Outdoor"":58,""Seats - Indoor"":70},""total_seats"":128}",City of Melbourne,com:food:106110:0bfcb27ffdafe376
food_venue,Top Juice,"Kiosk 1, Level 2 300 Lonsdale Street MELBOURNE VIC 3000",-37.81073331,144.963018917,"{""census_year"":2024,""industry_code"":""4512"",""industry_description"":""Takeaway Food Services"",""seats"":{""Seats - Indoor"":9},""total_seats"":9}",City of Melbourne,com:food:105746:b26276f83659996e
food_venue,Top Tea,"Shop 2, 413-417 Elizabeth Street MELBOURNE VIC 3000",-37.80918797,144.960522599,"{""census_year"":2024,""industry_code"":""4511"",""industry_description"":""Cafes and Restaurants"",""seats"":{""Seats - Outdoor"":8,""Seats - Indoor"":15},""total_seats"":23}",City of Melbourne,com:food:103219:5a46de826983e8d8
food_venue,Tori's Melbourne,28 Niagara Lane MELBOURNE VIC 3000,-37.81291055,144.961464779,"{""census_year"":2024,""industry_code"":""4511"",""industry_description"":""Cafes and Restaurants"",""seats"":{""Seats - Indoor"":20},""total_seats"":20}",City of Melbourne,com:food:105704:cf806fd556b5bbe4
food_venue,Torino Aperitivo,2 Driver Lane MELBOURNE VIC 3000,-37.81292437,144.963127568,"{""census_year"":2024,""industry_code"":""4511"",""industry_description"":""Cafes and Restaurants"",""seats"":{""Seats - Indoor"":75,""Seats - Outdoor"":20},""total_seats"":95}",City of Melbourne,com:food:105875:471fd935c7dff9ee
food_venue,Torissong,143 Queensberry Street CARLTON VIC 3053,-37.80493297,144.963920625,"{""census_year"":2024,""industry_code"":""4511"",""industry_description"":""Cafes and Restaurants"",""seats"":{""Seats - Indoor"":16},""total_seats"":16}",City of Melbourne,com:food:107867:bfd8f86463bc7f37
food_venue,Toss'D,7 Buckley Walk DOCKLANDS VIC 3008,-37.81993674,144.944683539,"{""census_year"":2024,""industry_code"":""4511"",""industry_description"":""Cafes and Restaurants"",""seats"":{""Seats - Outdoor"":15},""total_seats"":15}",City of Melbourne,com:food:611366:47990d2437955afd
food_venue,Townhall Hotel North Melbourne,33 Errol Street NORTH MELBOURNE VIC 3051,-37.80414139,144.948906749,"{""census_year"":2024,""industry_code"":""4520"",""industry_description"":""Pubs, Taverns and Bars"",""seats"":{""Seats - Outdoor"":34,""Seats - Indoor"":56},""total_seats"":90}",City of Melbourne,com:food:103402:b8425e60ace8e4f2
food_venue,Tradeblock Cafe,Part Ground 597 St Kilda Road MELBOURNE VIC 3004,-37.84971031,144.981958874,"{""census_year"":2024,""industry_code"":""4511"",""industry_description"":""Cafes and Restaurants"",""seats"":{""Seats - Indoor"":30,""Seats - Outdoor"":20},""total_seats"":50}",City of Melbourne,com:food:108652:b65fcefebd40e26d
food_venue,Tram Cafe,"Shop 1, Ground 555 La Trobe Street MELBOURNE VIC 3000",-37.81327282,144.952896203,"{""census_year"":2024,""industry_code"":""4511"",""industry_description"":""Cafes and Restaurants"",""seats"":{""Seats - Outdoor"":15,""Seats - Indoor"":60},""total_seats"":75}",City of Melbourne,com:food:561680:776d4317f016ad65
food_venue,Transit Rooftop Bar,"Tenancy 29, Level 2 2 Swanston Street MELBOURNE VIC 3000",-37.81784465,144.969917465,"{""census_year"":2024,""industry_code"":""4520"",""industry_description"":""Pubs, Taverns and Bars"",""seats"":{""Seats - Outdoor"":100,""Seats - Indoor"":70},""total_seats"":170}",City of Melbourne,com:food:578324:6e7af5813b05219f
food_venue,Transport Hotel,"Tenancy 29, Ground 2 Swanston Street MELBOURNE VIC 3000",-37.81784465,144.969917465,"{""census_year"":2024,""industry_code"":""4520"",""industry_description"":""Pubs, Taverns and Bars"",""seats"":{""Seats - Indoor"":200,""Seats - Outdoor"":100},""total_seats"":300}",City of Melbourne,com:food:578324:4832bdb236667800
food_venue,Trattoria Emilia,Part Ground & Rear 360 Little Collins Street MELBOURNE VIC 3000,-37.81528248,144.962638812,"{""census_year"":2024,""industry_code"":""4511"",""industry_description"":""Cafes and Restaurants"",""seats"":{""Seats - Indoor"":75},""total_seats"":75}",City of Melbourne,com:food:105959:5d5ade87ea682806
food_venue,Traveller,14 Crossley Street MELBOURNE VIC 3000,-37.81137241,144.971206498,"{""census_year"":2024,""industry_code"":""4512"",""industry_description"":""Takeaway Food Services"",""seats"":{""Seats - Indoor"":4,""Seats - Outdoor"":2},""total_seats"":6}",City of Melbourne,com:food:102272:24a2505f3a8cbc87
food_venue,Travelodge Hotel Melbourne Docklands,Travelodge Docklands 66 Aurora Lane DOCKLANDS VIC 3008,-37.81864991,144.950258352,"{""census_year"":2024,""industry_code"":""4400"",""industry_description"":""Accommodation"",""seats"":{""Seats - Outdoor"":70,""Seats - Indoor"":95},""total_seats"":165}",City of Melbourne,com:food:578096:2d4b5a3d068087c0
food_venue,Treviso,Basement 8 Bank Place MELBOURNE VIC 3000,-37.81669009,144.960642239,"{""census_year"":2024,""industry_code"":""4511"",""industry_description"":""Cafes and Restaurants"",""seats"":{""Seats - Indoor"":85,""Seats - Outdoor"":26},""total_seats"":111}",City of Melbourne,com:food:100731:e78421e7912a6918
food_venue,Triim,"Shop 3, 35 Hardware Lane MELBOURNE VIC 3000",-37.81385129,144.961204259,"{""census_year"":2024,""industry_code"":""4511"",""industry_description"":""Cafes and Restaurants"",""seats"":{""Seats - Indoor"":60,""Seats - Outdoor"":40},""total_seats"":100}",City of Melbourne,com:food:105851:d535459e2cb4c644
food_venue,Trinket,Part Gnd & Bmt 87 Flinders Lane MELBOURNE VIC 3000,-37.81542975,144.971392515,"{""census_year"":2024,""industry_code"":""4511"",""industry_description"":""Cafes and Restaurants"",""seats"":{""Seats - Indoor"":80},""total_seats"":80}",City of Melbourne,com:food:103920:d8433189f77b0344
food_venue,Trio Pastry Sweets Nuts,339 Lygon Street CARLTON VIC 3053,-37.79734681,144.967228741,"{""census_year"":2024,""industry_code"":""4129"",""industry_description"":""Other Specialised Food Retailing"",""seats"":{""Seats - Indoor"":6,""Seats - Outdoor"":6},""total_seats"":12}",City of Melbourne,com:food:106154:1fcd3f348ed9554b
food_venue,Troika Bar,Ground 106 Little Lonsdale Street MELBOURNE VIC 3000,-37.80915359,144.968590014,"{""census_year"":2024,""industry_code"":""4520"",""industry_description"":""Pubs, Taverns and Bars"",""seats"":{""Seats - Indoor"":60,""Seats - Outdoor"":8},""total_seats"":68}",City of Melbourne,com:food:106057:1cee16f3e53d3002
food_venue,Tropicana Juice Bar,213 Elizabeth Street MELBOURNE VIC 3000,-37.81354034,144.962547924,"{""census_year"":2024,""industry_code"":""4511"",""industry_description"":""Cafes and Restaurants"",""seats"":{""Seats - Outdoor"":20,""Seats - Indoor"":6},""total_seats"":26}",City of Melbourne,com:food:103184:95b9cf21ba943462
food_venue,Tropicana Juice Bar Swanston,Part 61 Swanston Street MELBOURNE VIC 3000,-37.8163275,144.966622741,"{""census_year"":2024,""industry_code"":""4129"",""industry_description"":""Other Specialised Food Retailing"",""seats"":{""Seats - Indoor"":12},""total_seats"":12}",City of Melbourne,com:food:109264:fdab7c97bd9e1283
food_venue,Tsindos Greek Restaurant,Gnd & Flr1 197 Lonsdale Street MELBOURNE VIC 3000,-37.81128456,144.966576483,"{""census_year"":2024,""industry_code"":""4511"",""industry_description"":""Cafes and Restaurants"",""seats"":{""Seats - Outdoor"":16,""Seats - Indoor"":80},""total_seats"":96}",City of Melbourne,com:food:105688:b113aed7ea8c44c2
food_venue,Tsukino Snizuku,817 Bourke Street DOCKLANDS VIC 3008,-37.81993674,144.944683539,"{""census_year"":2024,""industry_code"":""4511"",""industry_description"":""Cafes and Restaurants"",""seats"":{""Seats - Indoor"":20,""Seats - Outdoor"":15},""total_seats"":35}",City of Melbourne,com:food:611366:398d6f934958fae9
food_venue,Tsuru,25 Little Collins Street MELBOURNE VIC 3000,-37.8129051,144.972706442,"{""census_year"":2024,""industry_code"":""4511"",""industry_description"":""Cafes and Restaurants"",""seats"":{""Seats - Indoor"":50},""total_seats"":50}",City of Melbourne,com:food:105910:06a2c2ad1fd3ff55
food_venue,Tukk & Co,Shop 8 Concourse 720 Bourke Street DOCKLANDS VIC 3008,-37.81792089,144.949017581,"{""census_year"":2024,""industry_code"":""4511"",""industry_description"":""Cafes and Restaurants"",""seats"":{""Seats - Indoor"":20},""total_seats"":20}",City of Melbourne,com:food:632898:7070b924767e6066
food_venue,Tutto Bene,"Shop 24-28, Mid Lvl 3 Southgate Avenue SOUTHBANK VIC 3006",-37.82066924,144.966262253,"{""census_year"":2024,""industry_code"":""4511"",""industry_description"":""Cafes and Restaurants"",""seats"":{""Seats - Outdoor"":100,""Seats - Indoor"":35},""total_seats"":135}",City of Melbourne,com:food:110606:b91a21d1f9a8118d
food_venue,Tutto Premium Frozen Yogurt and Dessert,81 Grattan Street CARLTON VIC 3053,-37.8011023,144.966132514,"{""census_year"":2024,""industry_code"":""4512"",""industry_description"":""Takeaway Food Services"",""seats"":{""Seats - Outdoor"":20,""Seats - Indoor"":16},""total_seats"":36}",City of Melbourne,com:food:104447:8d9083ed6989a0ba
food_venue,Twenty & Six Espresso,594 Queensberry Street NORTH MELBOURNE VIC 3051,-37.80257071,144.947539147,"{""census_year"":2024,""industry_code"":""4511"",""industry_description"":""Cafes and Restaurants"",""seats"":{""Seats - Outdoor"":20,""Seats - Indoor"":17},""total_seats"":37}",City of Melbourne,com:food:107981:49e850b1145cc3b2
food_venue,Two Conversations,26 Equitable Place MELBOURNE VIC 3000,-37.81554941,144.963293794,"{""census_year"":2024,""industry_code"":""4512"",""industry_description"":""Takeaway Food Services"",""seats"":{""Seats - Outdoor"":8,""Seats - Indoor"":6},""total_seats"":14}",City of Melbourne,com:food:105929:f2bc3ff9ed334f67
food_venue,Two Peck Crispy Chicken,"Shop 18, Ground 194-200 Bourke Street MELBOURNE VIC 3000",-37.81244678,144.967282791,"{""census_year"":2024,""industry_code"":""4512"",""industry_description"":""Takeaway Food Services"",""seats"":{""Seats - Indoor"":5},""total_seats"":5}",City of Melbourne,com:food:101204:0e5df3b62dec96cd
food_venue,Two Pillars Espresso,"Tenancy 1, Ground 477 Collins Street MELBOURNE VIC 3000",-37.8184145,144.958548349,"{""census_year"":2024,""industry_code"":""4511"",""industry_description"":""Cafes and Restaurants"",""seats"":{""Seats - Indoor"":46},""total_seats"":46}",City of Melbourne,com:food:102102:4ed118a850fdc693
food_venue,Udom House,Ground 343 Victoria Street WEST MELBOURNE VIC 3003,-37.80547842,144.950026368,"{""census_year"":2024,""industry_code"":""4511"",""industry_description"":""Cafes and Restaurants"",""seats"":{""Seats - Indoor"":26},""total_seats"":26}",City of Melbourne,com:food:109713:65a1e77aeeba2c7b
food_venue,Udon Izakaya Maedaya,Part Ground 168 Bourke Street MELBOURNE VIC 3000,-37.81251216,144.968247927,"{""census_year"":2024,""industry_code"":""4511"",""industry_description"":""Cafes and Restaurants"",""seats"":{""Seats - Indoor"":50},""total_seats"":50}",City of Melbourne,com:food:101209:fab13d2109ff7b04
food_venue,Udon Yasan,Ground 186 Bourke Street MELBOURNE VIC 3000,-37.81267583,144.967688805,"{""census_year"":2024,""industry_code"":""4511"",""industry_description"":""Cafes and Restaurants"",""seats"":{""Seats - Indoor"":35},""total_seats"":35}",City of Melbourne,com:food:101207:9ad78e903b0d6f13
food_venue,Unabara/Gyoza Gyoza,"Shop 157, Level 1 300 Lonsdale Street MELBOURNE VIC 3000",-37.81073331,144.963018917,"{""census_year"":2024,""industry_code"":""4511"",""industry_description"":""Cafes and Restaurants"",""seats"":{""Seats - Outdoor"":44,""Seats - Indoor"":30},""total_seats"":74}",City of Melbourne,com:food:105746:bd268c8322f54cd3
food_venue,Uncle Noodle,"Unit 1C, Ground 416-420 Collins Street MELBOURNE VIC 3000",-37.8169991,144.96031189,"{""census_year"":2024,""industry_code"":""4511"",""industry_description"":""Cafes and Restaurants"",""seats"":{""Seats - Indoor"":20},""total_seats"":20}",City of Melbourne,com:food:102126:4341eb5b53e3b37a
food_venue,Uncle Yoon Korean Restaurant,Gnd & Flr1 207 Russell Street MELBOURNE VIC 3000,-37.81169847,144.967298399,"{""census_year"":2024,""industry_code"":""4511"",""industry_description"":""Cafes and Restaurants"",""seats"":{""Seats - Indoor"":55},""total_seats"":55}",City of Melbourne,com:food:108548:945636fd1d39f313
food_venue,Undercover Roasters,543 Little Collins Street MELBOURNE VIC 3000,-37.81767359,144.956834754,"{""census_year"":2024,""industry_code"":""4511"",""industry_description"":""Cafes and Restaurants"",""seats"":{""Seats - Indoor"":20},""total_seats"":20}",City of Melbourne,com:food:102115:11a319b52a0b5496
food_venue,Union Kiosk,10-12 Howey Place MELBOURNE VIC 3000,-37.81507549,144.965225481,"{""census_year"":2024,""industry_code"":""4512"",""industry_description"":""Takeaway Food Services"",""seats"":{""Seats - Outdoor"":12,""Seats - Indoor"":30},""total_seats"":42}",City of Melbourne,com:food:105923:b433d67771fd0248
food_venue,Universal Restaurant,139-141 Lygon Street CARLTON VIC 3053,-37.80384773,144.966086487,"{""census_year"":2024,""industry_code"":""4511"",""industry_description"":""Cafes and Restaurants"",""seats"":{""Seats - Indoor"":150,""Seats - Outdoor"":90},""total_seats"":240}",City of Melbourne,com:food:106091:d39fc10908c186d6
food_venue,University Cafe / Universita Bar Restaurant,255 Lygon Street CARLTON VIC 3053,-37.79947744,144.966838206,"{""census_year"":2024,""industry_code"":""4511"",""industry_description"":""Cafes and Restaurants"",""seats"":{""Seats - Indoor"":120,""Seats - Outdoor"":56},""total_seats"":176}",City of Melbourne,com:food:106130:bc1626bd847de635
food_venue,University House Club,University House Building 112 230 Grattan Street PARKVILLE VIC 3010,-37.79738772,144.961258672,"{""census_year"":2024,""industry_code"":""4530"",""industry_description"":""Clubs (Hospitality)"",""seats"":{""Seats - Indoor"":421},""total_seats"":421}",City of Melbourne,com:food:579293:058527feecbed2c8
food_venue,Upstairs 360,Level 1 360 La Trobe Street MELBOURNE VIC 3000,-37.8107204,144.959136749,"{""census_year"":2024,""industry_code"":""4511"",""industry_description"":""Cafes and Restaurants"",""seats"":{""Seats - Indoor"":50},""total_seats"":50}",City of Melbourne,com:food:105480:7d477bcef1f3f563
food_venue,Upstanding Citizens,Part Ground South Tower 485 La Trobe Street MELBOURNE VIC 3000,-37.81275166,144.95495139,"{""census_year"":2024,""industry_code"":""4511"",""industry_description"":""Cafes and Restaurants"",""seats"":{""Seats - Indoor"":30},""total_seats"":30}",City of Melbourne,com:food:105460:004756c4ae38f227
food_venue,Upstanding Citizens,Lobby 2 Southbank Boulevard SOUTHBANK VIC 3006,-37.82221927,144.962642984,"{""census_year"":2024,""industry_code"":""4511"",""industry_description"":""Cafes and Restaurants"",""seats"":{""Seats - Indoor"":70},""total_seats"":70}",City of Melbourne,com:food:575821:e4e4c68bb42ce991
food_venue,Upstanding Citizens,30 Batmans Hill Drive DOCKLANDS VIC 3008,-37.82089145,144.94943448,"{""census_year"":2024,""industry_code"":""4511"",""industry_description"":""Cafes and Restaurants"",""seats"":{""Seats - Indoor"":56},""total_seats"":56}",City of Melbourne,com:food:628714:2a659a01e5b86705
food_venue,Upstanding Citizens Flinders,"Shop 3-4, Ground 452 Flinders Street MELBOURNE VIC 3000",-37.81946849,144.958601136,"{""census_year"":2024,""industry_code"":""4511"",""industry_description"":""Cafes and Restaurants"",""seats"":{""Seats - Indoor"":40},""total_seats"":40}",City of Melbourne,com:food:103998:b34aa6ff66a2422c
food_venue,Urban Alley Brewery,Shop G09 12 Star Circus DOCKLANDS VIC 3008,-37.8131707,144.937857365,"{""census_year"":2024,""industry_code"":""4520"",""industry_description"":""Pubs, Taverns and Bars"",""seats"":{""Seats - Indoor"":300,""Seats - Outdoor"":200},""total_seats"":500}",City of Melbourne,com:food:620312:46d02bf91f8e9432
food_venue,Urban Deli,"Shop 8, Gnd & Mezz 121 Exhibition Street MELBOURNE VIC 3000",-37.81281453,144.970109211,"{""census_year"":2024,""industry_code"":""4511"",""industry_description"":""Cafes and Restaurants"",""seats"":{""Seats - Outdoor"":100,""Seats - Indoor"":100},""total_seats"":200}",City of Melbourne,com:food:602997:7919a70da5bd6382
food_venue,URBAN FOODIES PTY LTD,Part Ground 64 Sutton Street NORTH MELBOURNE VIC 3051,-37.79165579,144.937871966,"{""census_year"":2024,""industry_code"":""4511"",""industry_description"":""Cafes and Restaurants"",""seats"":{""Seats - Indoor"":28},""total_seats"":28}",City of Melbourne,com:food:616892:ea1b04a2e8acaa07
food_venue,Urban Hub,4 South Wharf Drive DOCKLANDS VIC 3008,-37.82354217,144.941274287,"{""census_year"":2024,""industry_code"":""4110"",""industry_description"":""Supermarket and Grocery Stores"",""seats"":{""Seats - Outdoor"":4},""total_seats"":4}",City of Melbourne,com:food:579363:8a3d121d580f1683
food_venue,V P R Vietnamese Pork Roll,"Part Shop 19R, 3 Freshwater Place SOUTHBANK VIC 3006",-37.82167833,144.962153946,"{""census_year"":2024,""industry_code"":""4512"",""industry_description"":""Takeaway Food Services"",""seats"":{""Seats - Indoor"":12},""total_seats"":12}",City of Melbourne,com:food:575820:1aee8fae31321515
food_venue,Vacation Cafe,"Shop 2, 76 Flinders Street MELBOURNE VIC 3000",-37.81584246,144.97204113,"{""census_year"":2024,""industry_code"":""4511"",""industry_description"":""Cafes and Restaurants"",""seats"":{""Seats - Indoor"":23},""total_seats"":23}",City of Melbourne,com:food:103591:c9f675f0a91dd21b
food_venue,Vapiano,"Tenancy 3-5, 332-340 Flinders Lane MELBOURNE VIC 3000",-37.81722704,144.962788805,"{""census_year"":2024,""industry_code"":""4511"",""industry_description"":""Cafes and Restaurants"",""seats"":{""Seats - Indoor"":400},""total_seats"":400}",City of Melbourne,com:food:102091:c9d0891a682dc188
food_venue,Vapiano Bourke Street Mall,Part Level 1 271-281 Bourke Street MELBOURNE VIC 3000,-37.81386024,144.965407423,"{""census_year"":2024,""industry_code"":""4511"",""industry_description"":""Cafes and Restaurants"",""seats"":{""Seats - Indoor"":253},""total_seats"":253}",City of Melbourne,com:food:101139:395d112502255796
food_venue,Vertue Coffee Roasters,8 Raffa Place CARLTON VIC 3053,-37.79769784,144.968387293,"{""census_year"":2024,""industry_code"":""4511"",""industry_description"":""Cafes and Restaurants"",""seats"":{""Seats - Indoor"":80,""Seats - Outdoor"":25},""total_seats"":105}",City of Melbourne,com:food:612757:40e4217ad02c7edf
food_venue,Vespa Rossa,30-32 Block Place MELBOURNE VIC 3000,-37.81529155,144.964466115,"{""census_year"":2024,""industry_code"":""4511"",""industry_description"":""Cafes and Restaurants"",""seats"":{""Seats - Indoor"":88,""Seats - Outdoor"":14},""total_seats"":102}",City of Melbourne,com:food:101098:05423a8bc5b23f57
food_venue,Vibe Hotel Melbourne,1-5 Queen Street MELBOURNE VIC 3000,-37.81878552,144.962023776,"{""census_year"":2024,""industry_code"":""4400"",""industry_description"":""Accommodation"",""seats"":{""Seats - Indoor"":60},""total_seats"":60}",City of Melbourne,com:food:108057:6488ee0fc581e2bc
food_venue,Victoria By Farmers Daughters,"Tenancy 27-28, Yarra Building Federation Square 2 Swanston Street MELBOURNE VIC 3000",-37.81784465,144.969917465,"{""census_year"":2024,""industry_code"":""4511"",""industry_description"":""Cafes and Restaurants"",""seats"":{""Seats - Outdoor"":50,""Seats - Indoor"":200},""total_seats"":250}",City of Melbourne,com:food:578325:9f21c52bdf54294d
food_venue,Victoria's Secret Bar & Cafe,Part Ground 80 Victoria Parade EAST MELBOURNE VIC 3002,-37.80855929,144.974276441,"{""census_year"":2024,""industry_code"":""4511"",""industry_description"":""Cafes and Restaurants"",""seats"":{""Seats - Outdoor"":80},""total_seats"":80}",City of Melbourne,com:food:109669:c16bf95bb454b107
food_venue,Villas Restaurant & Bar,Ground 492 Bourke Street MELBOURNE VIC 3000,-37.81499761,144.959196898,"{""census_year"":2024,""industry_code"":""4511"",""industry_description"":""Cafes and Restaurants"",""seats"":{""Seats - Indoor"":60,""Seats - Outdoor"":8},""total_seats"":68}",City of Melbourne,com:food:101177:481f27e4c6783ed5
food_venue,Vincent The Dog,348 Drummond Street CARLTON VIC 3053,-37.79777638,144.969267888,"{""census_year"":2024,""industry_code"":""4511"",""industry_description"":""Cafes and Restaurants"",""seats"":{""Seats - Indoor"":18,""Seats - Outdoor"":37},""total_seats"":55}",City of Melbourne,com:food:102715:750bc0b7dcdf2c0e
food_venue,Vintams Cafe,862 Collins Street DOCKLANDS VIC 3008,-37.82092615,144.943788121,"{""census_year"":2024,""industry_code"":""4511"",""industry_description"":""Cafes and Restaurants"",""seats"":{""Seats - Indoor"":64},""total_seats"":64}",City of Melbourne,com:food:609481:938bd2df75db4f4d
food_venue,Voco Melbourne Central,18 Timothy Lane MELBOURNE VIC 3000,-37.81200936,144.961134388,"{""census_year"":2024,""industry_code"":""4400"",""industry_description"":""Accommodation"",""seats"":{""Seats - Indoor"":126},""total_seats"":126}",City of Melbourne,com:food:712830:700d9855b1ee32ff
food_venue,Volume Cafe,"Shop 15C, 833 Collins Street DOCKLANDS VIC 3008",-37.82205735,144.945764329,"{""census_year"":2024,""industry_code"":""4511"",""industry_description"":""Cafes and Restaurants"",""seats"":{""Seats - Indoor"":64},""total_seats"":64}",City of Melbourne,com:food:611367:f1b4b61183232029
food_venue,Vue de monde / The Lui Bar,Level 55S 525 Collins Street MELBOURNE VIC 3000,-37.81866171,144.957538457,"{""census_year"":2024,""industry_code"":""4511"",""industry_description"":""Cafes and Restaurants"",""seats"":{""Seats - Indoor"":30},""total_seats"":30}",City of Melbourne,com:food:705127:37a2f2cf15832668
food_venue,Waiters Restaurant,Level 1 20 Meyers Place MELBOURNE VIC 3000,-37.81207814,144.972350463,"{""census_year"":2024,""industry_code"":""4511"",""industry_description"":""Cafes and Restaurants"",""seats"":{""Seats - Indoor"":55},""total_seats"":55}",City of Melbourne,com:food:106559:1a8f3b543ac8768d
food_venue,Waku Waku,346 Little Bourke Street MELBOURNE VIC 3000,-37.81321386,144.962283023,"{""census_year"":2024,""industry_code"":""4511"",""industry_description"":""Cafes and Restaurants"",""seats"":{""Seats - Indoor"":18,""Seats - Outdoor"":4},""total_seats"":22}",City of Melbourne,com:food:103187:77b764d598ed95b7
food_venue,Walker's Doughnuts,282 Flinders Street MELBOURNE VIC 3000,-37.81763649,144.96509495,"{""census_year"":2024,""industry_code"":""4512"",""industry_description"":""Takeaway Food Services"",""seats"":{""Seats - Indoor"":5},""total_seats"":5}",City of Melbourne,com:food:103328:c1146256785c7364
food_venue,Walkers Donuts,"Shop 219, Level 1 201 Spencer Street DOCKLANDS VIC 3008",-37.81501701,144.951186966,"{""census_year"":2024,""industry_code"":""4512"",""industry_description"":""Takeaway Food Services"",""seats"":{""Seats - Indoor"":4,""Seats - Outdoor"":8},""total_seats"":12}",City of Melbourne,com:food:110843:e53ebc7634d35a3d
food_venue,Warabi,Part Ground 408 Flinders Lane MELBOURNE VIC 3000,-37.8180082,144.959868643,"{""census_year"":2024,""industry_code"":""4511"",""industry_description"":""Cafes and Restaurants"",""seats"":{""Seats - Indoor"":26},""total_seats"":26}",City of Melbourne,com:food:708083:f5ba88a8e45309fd
food_venue,Warkop CBD,13 Little Collins Street MELBOURNE VIC 3000,-37.81260038,144.973183613,"{""census_year"":2024,""industry_code"":""4511"",""industry_description"":""Cafes and Restaurants"",""seats"":{""Seats - Indoor"":14,""Seats - Outdoor"":10},""total_seats"":24}",City of Melbourne,com:food:108982:c3b8cc65faa58b52
food_venue,Warung Agus,Part Ground 305-307 Victoria Street WEST MELBOURNE VIC 3003,-37.80562951,144.951366386,"{""census_year"":2024,""industry_code"":""4511"",""industry_description"":""Cafes and Restaurants"",""seats"":{""Seats - Indoor"":60},""total_seats"":60}",City of Melbourne,com:food:109706:d3734fe3e5bf97e9
food_venue,Waterfront (Southgate),"Shop 20, Ground 3 Southgate Avenue SOUTHBANK VIC 3006",-37.82066924,144.966262253,"{""census_year"":2024,""industry_code"":""4511"",""industry_description"":""Cafes and Restaurants"",""seats"":{""Seats - Indoor"":192,""Seats - Outdoor"":188},""total_seats"":380}",City of Melbourne,com:food:110606:25ae83f3d97d03cd
food_venue,Watermark Docklands,"Shop 9, 800 Bourke Street DOCKLANDS VIC 3008",-37.81888389,144.945122417,"{""census_year"":2024,""industry_code"":""4520"",""industry_description"":""Pubs, Taverns and Bars"",""seats"":{""Seats - Indoor"":374,""Seats - Outdoor"":100},""total_seats"":474}",City of Melbourne,com:food:573414:46c0e2199784b037
food_venue,Welcome Stranger,Ground 124-128 Bourke Street MELBOURNE VIC 3000,-37.81207094,144.969264504,"{""census_year"":2024,""industry_code"":""4520"",""industry_description"":""Pubs, Taverns and Bars"",""seats"":{""Seats - Indoor"":60,""Seats - Outdoor"":32},""total_seats"":92}",City of Melbourne,com:food:101217:6a2f3f588cf405c6
food_venue,Welive Hotpot,Level 1 217 Russell Street MELBOURNE VIC 3000,-37.81156166,144.967236445,"{""census_year"":2024,""industry_code"":""4511"",""industry_description"":""Cafes and Restaurants"",""seats"":{""Seats - Indoor"":35},""total_seats"":35}",City of Melbourne,com:food:108550:6e311b2786c061e6
food_venue,Westlake Restaurant,189-191 Little Bourke Street MELBOURNE VIC 3000,-37.812194,144.966954809,"{""census_year"":2024,""industry_code"":""4511"",""industry_description"":""Cafes and Restaurants"",""seats"":{""Seats - Indoor"":200},""total_seats"":200}",City of Melbourne,com:food:105838:4ed15d3a82d10ba8
food_venue,Where's Marcel?,Part Ground 180 Lonsdale Street MELBOURNE VIC 3000,-37.810658,144.965703374,"{""census_year"":2024,""industry_code"":""4511"",""industry_description"":""Cafes and Restaurants"",""seats"":{""Seats - Indoor"":36},""total_seats"":36}",City of Melbourne,com:food:587670:6a4a16e87e389733
food_venue,Whisky and Alement,Ground 270 Russell Street MELBOURNE VIC 3000,-37.81011116,144.967159031,"{""census_year"":2024,""industry_code"":""4520"",""industry_description"":""Pubs, Taverns and Bars"",""seats"":{""Seats - Indoor"":45},""total_seats"":45}",City of Melbourne,com:food:108573:3ef058a22b132cfa
food_venue,White Rabbit Record Bar,176 Bellair Street KENSINGTON VIC 3031,-37.7936563,144.929934732,"{""census_year"":2024,""industry_code"":""4511"",""industry_description"":""Cafes and Restaurants"",""seats"":{""Seats - Outdoor"":41,""Seats - Indoor"":35},""total_seats"":76}",City of Melbourne,com:food:616043:9bb9c238ddf86664
food_venue,White Tomato,160-162 Bourke Street MELBOURNE VIC 3000,-37.81244855,144.968470149,"{""census_year"":2024,""industry_code"":""4511"",""industry_description"":""Cafes and Restaurants"",""seats"":{""Seats - Indoor"":70},""total_seats"":70}",City of Melbourne,com:food:101211:025faaf5d9974b73
food_venue,Wild Timor Coffee Carlton,Part 251 Faraday Street CARLTON VIC 3053,-37.7987209,144.965258417,"{""census_year"":2024,""industry_code"":""4511"",""industry_description"":""Cafes and Restaurants"",""seats"":{""Seats - Outdoor"":24,""Seats - Indoor"":17},""total_seats"":41}",City of Melbourne,com:food:512713:25ee2fe5d89040e4
food_venue,Williams Bar & Café,Restaurant 1 William Street MELBOURNE VIC 3000,-37.81943285,144.959510539,"{""census_year"":2024,""industry_code"":""4511"",""industry_description"":""Cafes and Restaurants"",""seats"":{""Seats - Outdoor"":16,""Seats - Indoor"":100},""total_seats"":116}",City of Melbourne,com:food:103999:d61ff2e76d36378c
food_venue,Willo & Co,207 Kensington Road WEST MELBOURNE VIC 3003,-37.80087212,144.91650741,"{""census_year"":2024,""industry_code"":""4512"",""industry_description"":""Takeaway Food Services"",""seats"":{""Seats - Indoor"":45,""Seats - Outdoor"":16},""total_seats"":61}",City of Melbourne,com:food:105226:7feb57506bfcc72a
food_venue,Willows & Wine,Ground 315 Victoria Street WEST MELBOURNE VIC 3003,-37.80556767,144.951047512,"{""census_year"":2024,""industry_code"":""4520"",""industry_description"":""Pubs, Taverns and Bars"",""seats"":{""Seats - Indoor"":26,""Seats - Outdoor"":8},""total_seats"":34}",City of Melbourne,com:food:109710:e69f3d6d2b469b1b
food_venue,Witches In Britches Pty Ltd,78-86 Dudley Street WEST MELBOURNE VIC 3003,-37.80890192,144.952635933,"{""census_year"":2024,""industry_code"":""4520"",""industry_description"":""Pubs, Taverns and Bars"",""seats"":{""Seats - Indoor"":180},""total_seats"":180}",City of Melbourne,com:food:102962:36c565e1b12ecb31
food_venue,With Gusto Regional Store,29 Little Collins Street MELBOURNE VIC 3000,-37.8129051,144.972706442,"{""census_year"":2024,""industry_code"":""4511"",""industry_description"":""Cafes and Restaurants"",""seats"":{""Seats - Indoor"":56},""total_seats"":56}",City of Melbourne,com:food:105910:2cb1ecba06cb7f90
food_venue,Wonder sushi Melbourne,"Suite 13, Ground 89-91 City Road SOUTHBANK VIC 3006",-37.8225552,144.965113147,"{""census_year"":2024,""industry_code"":""4512"",""industry_description"":""Takeaway Food Services"",""seats"":{""Seats - Outdoor"":15},""total_seats"":15}",City of Melbourne,com:food:110361:02c0d6a763333844
food_venue,Wong's Late Night Hot Pot,Gnd & Flr1 208-210 Little Bourke Street MELBOURNE VIC 3000,-37.81202818,144.966418386,"{""census_year"":2024,""industry_code"":""4511"",""industry_description"":""Cafes and Restaurants"",""seats"":{""Seats - Indoor"":70},""total_seats"":70}",City of Melbourne,com:food:105883:518b2692f07ddedb
food_venue,Wong's Lucky Bar,114-116 Franklin Street MELBOURNE VIC 3000,-37.80819713,144.958936644,"{""census_year"":2024,""industry_code"":""4511"",""industry_description"":""Cafes and Restaurants"",""seats"":{""Seats - Indoor"":74},""total_seats"":74}",City of Melbourne,com:food:104095:c9142cfc464b07ea
food_venue,Wonky Trolley,47 Errol Street NORTH MELBOURNE VIC 3051,-37.80390823,144.94904753,"{""census_year"":2024,""industry_code"":""4511"",""industry_description"":""Cafes and Restaurants"",""seats"":{""Seats - Outdoor"":18,""Seats - Indoor"":30},""total_seats"":48}",City of Melbourne,com:food:103407:2f7b2fc93febcc47
food_venue,Woo 399 BBQ Lonsdale St,"Tenancy 4, 399 Lonsdale Street MELBOURNE VIC 3000",-37.81303978,144.960680876,"{""census_year"":2024,""industry_code"":""4511"",""industry_description"":""Cafes and Restaurants"",""seats"":{""Seats - Indoor"":104},""total_seats"":104}",City of Melbourne,com:food:105707:b4a30fd63a993f80
food_venue,Woodo,179 King Street MELBOURNE VIC 3000,-37.81596556,144.955205085,"{""census_year"":2024,""industry_code"":""4511"",""industry_description"":""Cafes and Restaurants"",""seats"":{""Seats - Indoor"":130},""total_seats"":130}",City of Melbourne,com:food:105302:1508e282fb2c092e
food_venue,Woodside Green,87 Cardigan Street CARLTON VIC 3053,-37.80486182,144.964446103,"{""census_year"":2024,""industry_code"":""4511"",""industry_description"":""Cafes and Restaurants"",""seats"":{""Seats - Outdoor"":18,""Seats - Indoor"":18},""total_seats"":36}",City of Melbourne,com:food:101592:a1492607405c255c
food_venue,Workshop,Level 1 413-417 Elizabeth Street MELBOURNE VIC 3000,-37.80918797,144.960522599,"{""census_year"":2024,""industry_code"":""4520"",""industry_description"":""Pubs, Taverns and Bars"",""seats"":{""Seats - Outdoor"":40,""Seats - Indoor"":50},""total_seats"":90}",City of Melbourne,com:food:103219:20b413e3a71eefb6
food_venue,Workshop Brothers,"Shop 4, Ground 190 Queen Street MELBOURNE VIC 3000",-37.81402844,144.96068037,"{""census_year"":2024,""industry_code"":""4512"",""industry_description"":""Takeaway Food Services"",""seats"":{""Seats - Outdoor"":6,""Seats - Indoor"":12},""total_seats"":18}",City of Melbourne,com:food:108104:5796888a59a7ae55
food_venue,Workshop Brothers,Part Ground 2 Riverside Quay SOUTHBANK VIC 3006,-37.82132921,144.963338023,"{""census_year"":2024,""industry_code"":""4511"",""industry_description"":""Cafes and Restaurants"",""seats"":{""Seats - Indoor"":44},""total_seats"":44}",City of Melbourne,com:food:110325:d9dffd4632f2544b
food_venue,Wreckyn Street Coffee,11 Wreckyn Street NORTH MELBOURNE VIC 3051,-37.80068232,144.953309961,"{""census_year"":2024,""industry_code"":""4512"",""industry_description"":""Takeaway Food Services"",""seats"":{""Seats - Indoor"":14},""total_seats"":14}",City of Melbourne,com:food:110255:8658d1444902b8cb
food_venue,XD Fresh Fruit Shop,"Tenancy 104D, 604 Swanston Street CARLTON VIC 3053",-37.80188571,144.96431186,"{""census_year"":2024,""industry_code"":""4512"",""industry_description"":""Takeaway Food Services"",""seats"":{""Seats - Indoor"":24},""total_seats"":24}",City of Melbourne,com:food:581508:67f630b6ca946461
food_venue,Xian Famous Food,678 Swanston Street CARLTON VIC 3053,-37.80069087,144.964226369,"{""census_year"":2024,""industry_code"":""4511"",""industry_description"":""Cafes and Restaurants"",""seats"":{""Seats - Indoor"":60},""total_seats"":60}",City of Melbourne,com:food:109361:b8b15676c69e4560
food_venue,Xiangli Cuisine,479 Swanston Street MELBOURNE VIC 3000,-37.80728963,144.962090701,"{""census_year"":2024,""industry_code"":""4511"",""industry_description"":""Cafes and Restaurants"",""seats"":{""Seats - Indoor"":26},""total_seats"":26}",City of Melbourne,com:food:604778:422d7c51b76f58ca
food_venue,Xie Xie,231 Russell Street MELBOURNE VIC 3000,-37.81123475,144.967086917,"{""census_year"":2024,""industry_code"":""4512"",""industry_description"":""Takeaway Food Services"",""seats"":{""Seats - Indoor"":15},""total_seats"":15}",City of Melbourne,com:food:108554:3404e0f8773c0b1a
food_venue,Xing Fu Tang Australia,Part Ground 273 Elizabeth Street MELBOURNE VIC 3000,-37.81212877,144.961762525,"{""census_year"":2024,""industry_code"":""4512"",""industry_description"":""Takeaway Food Services"",""seats"":{""Seats - Indoor"":10},""total_seats"":10}",City of Melbourne,com:food:105743:15a9d165fb0ec103
food_venue,Xinjiang Lamian Restaurant,255 Elizabeth Street MELBOURNE VIC 3000,-37.81274309,144.962165065,"{""census_year"":2024,""industry_code"":""4129"",""industry_description"":""Other Specialised Food Retailing"",""seats"":{""Seats - Indoor"":30},""total_seats"":30}",City of Melbourne,com:food:103193:6e95a6cbb2dc66b5
food_venue,Xpressomondo,33-35 Degraves Street MELBOURNE VIC 3000,-37.81710105,144.965484351,"{""census_year"":2024,""industry_code"":""4511"",""industry_description"":""Cafes and Restaurants"",""seats"":{""Seats - Indoor"":22,""Seats - Outdoor"":18},""total_seats"":40}",City of Melbourne,com:food:103943:647d996df9098c9c
food_venue,Xu Dumpling Cbd,"Shop 2, 260 Spencer Street MELBOURNE VIC 3000",-37.81437529,144.952954607,"{""census_year"":2024,""industry_code"":""4512"",""industry_description"":""Takeaway Food Services"",""seats"":{""Seats - Indoor"":12},""total_seats"":12}",City of Melbourne,com:food:711415:d1dc6ad180215bdd
food_venue,Yaki Nau,12 Lilardia Walk MELBOURNE VIC 3000,-37.81002684,144.959099041,"{""census_year"":2024,""industry_code"":""4511"",""industry_description"":""Cafes and Restaurants"",""seats"":{""Seats - Indoor"":80},""total_seats"":80}",City of Melbourne,com:food:713467:fc8d62f61f5fbe3a
food_venue,Yakimono,3 Benson Walk MELBOURNE VIC 3000,-37.81360963,144.970722603,"{""census_year"":2024,""industry_code"":""4511"",""industry_description"":""Cafes and Restaurants"",""seats"":{""Seats - Outdoor"":87,""Seats - Indoor"":252},""total_seats"":339}",City of Melbourne,com:food:709872:eaf86c0015ce1ed4
food_venue,Yamato Japanese Restaurant,223 Exhibition Street MELBOURNE VIC 3000,-37.81067091,144.969584878,"{""census_year"":2024,""industry_code"":""4511"",""industry_description"":""Cafes and Restaurants"",""seats"":{""Seats - Indoor"":50},""total_seats"":50}",City of Melbourne,com:food:103603:e9bcca8be14269f7
food_venue,Yang's Dumplings,Ground 229 Exhibition Street MELBOURNE VIC 3000,-37.81058324,144.969540361,"{""census_year"":2024,""industry_code"":""4511"",""industry_description"":""Cafes and Restaurants"",""seats"":{""Seats - Indoor"":36},""total_seats"":36}",City of Melbourne,com:food:103604:b869b1813e7122bb
food_venue,Yankees Burger Bar,187 King Street MELBOURNE VIC 3000,-37.81579101,144.955124838,"{""census_year"":2024,""industry_code"":""4511"",""industry_description"":""Cafes and Restaurants"",""seats"":{""Seats - Indoor"":100},""total_seats"":100}",City of Melbourne,com:food:105305:a176b3a947201270
food_venue,Yarra Dragon,"Shop 5, Ground 18-38 Siddeley Street DOCKLANDS VIC 3008",-37.82273183,144.953818379,"{""census_year"":2024,""industry_code"":""4511"",""industry_description"":""Cafes and Restaurants"",""seats"":{""Seats - Indoor"":20},""total_seats"":20}",City of Melbourne,com:food:103978:3085ff5d5897347a
food_venue,Yassas,"Shop 14A, Ground 120 Pearl River Road DOCKLANDS VIC 3008",-37.81174852,144.93675199,"{""census_year"":2024,""industry_code"":""4511"",""industry_description"":""Cafes and Restaurants"",""seats"":{""Seats - Outdoor"":60,""Seats - Indoor"":54},""total_seats"":114}",City of Melbourne,com:food:620301:0ffdf340285276df
food_venue,Yassas the Greek Way,"Restaurant 4-9, Mid Lvl 3 Southgate Avenue SOUTHBANK VIC 3006",-37.82066924,144.966262253,"{""census_year"":2024,""industry_code"":""4511"",""industry_description"":""Cafes and Restaurants"",""seats"":{""Seats - Indoor"":80},""total_seats"":80}",City of Melbourne,com:food:110606:7a7b4e1a8a669c3a
food_venue,Yen Sushi Noodle,12 Centre Place MELBOURNE VIC 3000,-37.8166033,144.965596537,"{""census_year"":2024,""industry_code"":""4512"",""industry_description"":""Takeaway Food Services"",""seats"":{""Seats - Outdoor"":4,""Seats - Indoor"":7},""total_seats"":11}",City of Melbourne,com:food:101789:1d2591c180b6cf65
food_venue,Yeonga,1-3 Cobden Street NORTH MELBOURNE VIC 3051,-37.80560474,144.956922989,"{""census_year"":2024,""industry_code"":""4511"",""industry_description"":""Cafes and Restaurants"",""seats"":{""Seats - Indoor"":150},""total_seats"":150}",City of Melbourne,com:food:102034:190ced20168ede36
food_venue,YGF Melbourne,369 Elizabeth Street MELBOURNE VIC 3000,-37.8100143,144.960849507,"{""census_year"":2024,""industry_code"":""4511"",""industry_description"":""Cafes and Restaurants"",""seats"":{""Seats - Indoor"":45},""total_seats"":45}",City of Melbourne,com:food:103216:bf2901309bbe67ef
food_venue,Ying Thai 2,110 Lygon Street CARLTON VIC 3053,-37.80443778,144.966699249,"{""census_year"":2024,""industry_code"":""4511"",""industry_description"":""Cafes and Restaurants"",""seats"":{""Seats - Outdoor"":20,""Seats - Indoor"":100},""total_seats"":120}",City of Melbourne,com:food:111066:8c1010af9a0e228f
food_venue,Yo-Chi Frozen Yogurt,Ground 194-196 Faraday Street CARLTON VIC 3053,-37.79844782,144.968020718,"{""census_year"":2024,""industry_code"":""4511"",""industry_description"":""Cafes and Restaurants"",""seats"":{""Seats - Indoor"":40,""Seats - Outdoor"":20},""total_seats"":60}",City of Melbourne,com:food:103704:966d455903e6eadf
food_venue,Yoi,"Shop G1, 163 Franklin Street MELBOURNE VIC 3000",-37.80904835,144.959575429,"{""census_year"":2024,""industry_code"":""4511"",""industry_description"":""Cafes and Restaurants"",""seats"":{""Seats - Outdoor"":36,""Seats - Indoor"":60},""total_seats"":96}",City of Melbourne,com:food:104084:10ceaff810587aef
food_venue,Young & Jacksons,Young And Jacksons Hotel 1-7 Swanston Street MELBOURNE VIC 3000,-37.817356,144.96702296,"{""census_year"":2024,""industry_code"":""4520"",""industry_description"":""Pubs, Taverns and Bars"",""seats"":{""Seats - Indoor"":120},""total_seats"":120}",City of Melbourne,com:food:109257:05f5380e1d9c592c
food_venue,Yoyogi,269 Swanston Street MELBOURNE VIC 3000,-37.8119541,144.964574647,"{""census_year"":2024,""industry_code"":""4511"",""industry_description"":""Cafes and Restaurants"",""seats"":{""Seats - Indoor"":85},""total_seats"":85}",City of Melbourne,com:food:109298:7f7c5f8d8b9b4fd2
food_venue,Yu Long Fu,136 Bourke Street MELBOURNE VIC 3000,-37.81199769,144.968857274,"{""census_year"":2024,""industry_code"":""4511"",""industry_description"":""Cafes and Restaurants"",""seats"":{""Seats - Indoor"":80},""total_seats"":80}",City of Melbourne,com:food:101213:3dd41a5fb23be2cd
food_venue,Yuguro,Part 1-3 QV Urban Market MELBOURNE VIC 3000,-37.810658,144.965703374,"{""census_year"":2024,""industry_code"":""4511"",""industry_description"":""Cafes and Restaurants"",""seats"":{""Seats - Indoor"":40},""total_seats"":40}",City of Melbourne,com:food:589841:d6978c7bd71d4f1e
food_venue,Yuk Gam,"Shop 5-7, 535 Little Lonsdale Street MELBOURNE VIC 3000",-37.8134766,144.956016924,"{""census_year"":2024,""industry_code"":""4511"",""industry_description"":""Cafes and Restaurants"",""seats"":{""Seats - Indoor"":110},""total_seats"":110}",City of Melbourne,com:food:110708:93c85269ecd78443
food_venue,Yum Sing House,22-28 Sutherland Street MELBOURNE VIC 3000,-37.81097275,144.960887099,"{""census_year"":2024,""industry_code"":""4511"",""industry_description"":""Cafes and Restaurants"",""seats"":{""Seats - Indoor"":90},""total_seats"":90}",City of Melbourne,com:food:109253:b688f7e929832399
food_venue,Yummy Hut,"Shop 202, 673 La Trobe Street DOCKLANDS VIC 3008",-37.81486994,144.947536811,"{""census_year"":2024,""industry_code"":""4511"",""industry_description"":""Cafes and Restaurants"",""seats"":{""Seats - Indoor"":20},""total_seats"":20}",City of Melbourne,com:food:669632:5bdae524582403df
food_venue,Zabb Nua,275 King Street MELBOURNE VIC 3000,-37.81381086,144.954262107,"{""census_year"":2024,""industry_code"":""4511"",""industry_description"":""Cafes and Restaurants"",""seats"":{""Seats - Indoor"":30},""total_seats"":30}",City of Melbourne,com:food:105317:f0f39257255b2510
food_venue,Zagame’s House,Part Ground & Levels 1-3 66 Lygon Street CARLTON VIC 3053,-37.80530329,144.966574698,"{""census_year"":2024,""industry_code"":""4400"",""industry_description"":""Accommodation"",""seats"":{""Seats - Outdoor"":80,""Seats - Indoor"":60},""total_seats"":140}",City of Melbourne,com:food:106251:5f6b65d2fb6794ae
food_venue,Zawaddi,Ground 106 A'Beckett Street MELBOURNE VIC 3000,-37.80914342,144.959996913,"{""census_year"":2024,""industry_code"":""4511"",""industry_description"":""Cafes and Restaurants"",""seats"":{""Seats - Indoor"":117,""Seats - Outdoor"":22},""total_seats"":139}",City of Melbourne,com:food:100167:437ea24deb107985
food_venue,Zeus Street Greek,280 Lygon Street CARLTON VIC 3053,-37.80036743,144.967318258,"{""census_year"":2024,""industry_code"":""4511"",""industry_description"":""Cafes and Restaurants"",""seats"":{""Seats - Outdoor"":24,""Seats - Indoor"":28},""total_seats"":52}",City of Melbourne,com:food:106221:0cbbc102d97c1862
food_venue,Zhan Beers,Ground 474 Little Lonsdale Street MELBOURNE VIC 3000,-37.81301653,144.955412606,"{""census_year"":2024,""industry_code"":""4511"",""industry_description"":""Cafes and Restaurants"",""seats"":{""Seats - Indoor"":24},""total_seats"":24}",City of Melbourne,com:food:106032:1b0b291b4366c342
food_venue,Zhangliang Malatang,"Shop 4, Ground 422-440 Elizabeth Street MELBOURNE VIC 3000",-37.8086289,144.961006966,"{""census_year"":2024,""industry_code"":""4511"",""industry_description"":""Cafes and Restaurants"",""seats"":{""Seats - Indoor"":32},""total_seats"":32}",City of Melbourne,com:food:103302:246ee76347fde8fa
food_venue,Ziyka Restaurant,234-236 Lygon Street CARLTON VIC 3053,-37.80169333,144.967229074,"{""census_year"":2024,""industry_code"":""4511"",""industry_description"":""Cafes and Restaurants"",""seats"":{""Seats - Indoor"":100,""Seats - Outdoor"":50},""total_seats"":150}",City of Melbourne,com:food:106233:50d05f0e83be9dc7
food_venue,Zouki Cafe,Part Ground 159 Grey Street EAST MELBOURNE VIC 3002,-37.81229599,144.984161853,"{""census_year"":2024,""industry_code"":""4511"",""industry_description"":""Cafes and Restaurants"",""seats"":{""Seats - Indoor"":15,""Seats - Outdoor"":15},""total_seats"":30}",City of Melbourne,com:food:611569:ccf502c16c349cb5
food_venue,Zouki Cafe,Part Ground 32 Gisborne Street EAST MELBOURNE VIC 3002,-37.80899035,144.976255689,"{""census_year"":2024,""industry_code"":""4511"",""industry_description"":""Cafes and Restaurants"",""seats"":{""Seats - Indoor"":52},""total_seats"":52}",City of Melbourne,com:food:109667:cbfdd345de69b760
food_venue,Zouki on the Park,Part Ground 2 St Andrews Place EAST MELBOURNE VIC 3002,-37.81154318,144.977340439,"{""census_year"":2024,""industry_code"":""4511"",""industry_description"":""Cafes and Restaurants"",""seats"":{""Seats - Indoor"":34,""Seats - Outdoor"":15},""total_seats"":49}",City of Melbourne,com:food:565541:d5bf2ce86b1f92c8
food_venue,Zuppa,510 Little Collins Street MELBOURNE VIC 3000,-37.81636534,144.957813206,"{""census_year"":2024,""industry_code"":""4511"",""industry_description"":""Cafes and Restaurants"",""seats"":{""Seats - Outdoor"":12,""Seats - Indoor"":30},""total_seats"":42}",City of Melbourne,com:food:110095:b2257f0163359516
food_venue,Zuppa,Part Ground 140 William Street MELBOURNE VIC 3000,-37.81595642,144.958939222,"{""census_year"":2024,""industry_code"":""4511"",""industry_description"":""Cafes and Restaurants"",""seats"":{""Seats - Indoor"":22},""total_seats"":22}",City of Melbourne,com:food:110146:ec64f6dbcfce2f93
museum_gallery,Australian Centre for Contemporary Art,,-37.8266045432686,144.967252924593,"{""theme"":""Place Of Assembly"",""sub_theme"":""Art Gallery/Museum""}",City of Melbourne,com:landmark:1ab1349113f1f722
museum_gallery,Australian Centre For The Moving Image (ACMI),,-37.8176107327202,144.969070431323,"{""theme"":""Place Of Assembly"",""sub_theme"":""Art Gallery/Museum""}",City of Melbourne,com:landmark:971fe74d3a407a0f
museum_gallery,Cooks' Cottage,,-37.8144604899837,144.979471339826,"{""theme"":""Place Of Assembly"",""sub_theme"":""Art Gallery/Museum""}",City of Melbourne,com:landmark:7bebf2c50acfeb94
museum_gallery,Fire Services Museum Victoria,,-37.8085761281612,144.975373745366,"{""theme"":""Place Of Assembly"",""sub_theme"":""Art Gallery/Museum""}",City of Melbourne,com:landmark:58d8bc1cb686e18d
museum_gallery,Fox Classic Car Collection,,-37.8213744301481,144.948496661709,"{""theme"":""Place Of Assembly"",""sub_theme"":""Art Gallery/Museum""}",City of Melbourne,com:landmark:f87804a46ce866ad
museum_gallery,Immigration Museum,,-37.8191798798062,144.960426777129,"{""theme"":""Place Of Assembly"",""sub_theme"":""Art Gallery/Museum""}",City of Melbourne,com:landmark:4014a4672e6ca695
museum_gallery,Koorie Heritage Trust Inc,,-37.8133854259085,144.954027907736,"{""theme"":""Place Of Assembly"",""sub_theme"":""Art Gallery/Museum""}",City of Melbourne,com:landmark:f64bd10bd65be044
museum_gallery,Melbourne Museum,,-37.8035518129299,144.971690718887,"{""theme"":""Place Of Assembly"",""sub_theme"":""Art Gallery/Museum""}",City of Melbourne,com:landmark:1ddc7c687ea044b5
museum_gallery,National Sports Museum,,-37.8189544909462,144.984669809381,"{""theme"":""Place Of Assembly"",""sub_theme"":""Art Gallery/Museum""}",City of Melbourne,com:landmark:f2d737adc741b646
museum_gallery,Old Melbourne Gaol Crime & Justice Experience,,-37.8077644149636,144.965463853978,"{""theme"":""Place Of Assembly"",""sub_theme"":""Art Gallery/Museum""}",City of Melbourne,com:landmark:157fbeb1ef5cd855
museum_gallery,Polly Woodside,,-37.8242574266145,144.953478052064,"{""theme"":""Place Of Assembly"",""sub_theme"":""Art Gallery/Museum""}",City of Melbourne,com:landmark:458f5394785c5f35
museum_gallery,Royal Exhibition Building,,-37.80460262432,144.971521914952,"{""theme"":""Place Of Assembly"",""sub_theme"":""Art Gallery/Museum""}",City of Melbourne,com:landmark:cdecf1168b1aab4c
museum_gallery,Sinclair's Cottage,,-37.8145407488014,144.980554992725,"{""theme"":""Place Of Assembly"",""sub_theme"":""Art Gallery/Museum""}",City of Melbourne,com:landmark:df72b2013d0dec9f
museum_gallery,The Ian Potter Centre: NGV Australia,,-37.8174831423197,144.969899048343,"{""theme"":""Place Of Assembly"",""sub_theme"":""Art Gallery/Museum""}",City of Melbourne,com:landmark:eb0bb4eca58440f0
museum_gallery,The Ian Potter Museum Of Art,,-37.7973939595503,144.964156669702,"{""theme"":""Place Of Assembly"",""sub_theme"":""Art Gallery/Museum""}",City of Melbourne,com:landmark:829e408beeda36ed
museum_gallery,The Museum Of Australian Chinese History,,-37.8107686127655,144.96923385414,"{""theme"":""Place Of Assembly"",""sub_theme"":""Art Gallery/Museum""}",City of Melbourne,com:landmark:13007401a977096b
museum_gallery,Thoroughbred Racing Gallery,,-37.8188662730911,144.9839700954,"{""theme"":""Place Of Assembly"",""sub_theme"":""Art Gallery/Museum""}",City of Melbourne,com:landmark:d84fac2da1bd6ec9
museum_gallery,Victoria Police Museum,,-37.8222182774409,144.954039975197,"{""theme"":""Place Of Assembly"",""sub_theme"":""Art Gallery/Museum""}",City of Melbourne,com:landmark:aedeb7a1f3773761
museum_gallery,Victorian Arts Centre,,-37.8219947335768,144.968837288153,"{""theme"":""Place Of Assembly"",""sub_theme"":""Art Gallery/Museum""}",City of Melbourne,com:landmark:dc59d5413234fa5d
