refuge_id,refuge_cat,refuge_name,refuge_lat,refuge_lon,refuge_tier,refuge_area,refuge_geometryJson,refuge_src,refuge_srcAssetId
1,drinking_fountain,Drinking Fountain — Royal Park,-37.7784542,144.9560351,3,,,City of Melbourne,com:fountain/1075217
2,drinking_fountain,Drinking Fountain — Princes Park,-37.7860672,144.96307,3,,,City of Melbourne,com:fountain/1075226
3,drinking_fountain,Drinking Fountain — Bourke Street between Swanston Street and Elizabeth Street,-37.8138922,144.9641121,3,,,City of Melbourne,com:fountain/1075228
4,drinking_fountain,Drinking Fountain — Bourke Street between Swanston Street and Elizabeth Street,-37.8138656,144.9647509,3,,,City of Melbourne,com:fountain/1075229
5,drinking_fountain,Drinking Fountain — Bourke Street between Swanston Street and Elizabeth Street,-37.813709,144.9652192,3,,,City of Melbourne,com:fountain/1075230
6,drinking_fountain,Drinking Fountain — Queensbridge Square,-37.8209919,144.9617424,3,,,City of Melbourne,com:fountain/1075231
7,drinking_fountain,Drinking Fountain — Macarthur Square,-37.7982551,144.9705661,3,,,City of Melbourne,com:fountain/1075232
8,drinking_fountain,Drinking Fountain — Yarra Park,-37.8184031,144.9788594,3,,,City of Melbourne,com:fountain/1075233
9,drinking_fountain,Drinking Fountain — Hardy Reserve,-37.7852831,144.9661888,3,,,City of Melbourne,com:fountain/1075236
10,drinking_fountain,Drinking Fountain — Errol Street between Victoria Street and Queensberry Street,-37.8033365,144.9497305,3,,,City of Melbourne,com:fountain/1075237
11,drinking_fountain,Drinking Fountain — Elizabeth Street between Therry Street and Victoria Street,-37.8066319,144.9599134,3,,,City of Melbourne,com:fountain/1075239
12,drinking_fountain,Drinking Fountain — Yarra Park,-37.816927,144.9837045,3,,,City of Melbourne,com:fountain/1075240
13,drinking_fountain,Drinking Fountain — Victoria Parade between Nicholson Street and Gisborne Street,-37.808319,144.9744524,3,,,City of Melbourne,com:fountain/1075241
14,drinking_fountain,Drinking Fountain — Rathdowne Street between Pitt Street and Kay Street,-37.7951582,144.9710381,3,,,City of Melbourne,com:fountain/1075244
15,drinking_fountain,Drinking Fountain — Northbank,-37.8193341,144.964437,3,,,City of Melbourne,com:fountain/1075247
16,drinking_fountain,Drinking Fountain — Northbank,-37.8193762,144.9642579,3,,,City of Melbourne,com:fountain/1075248
17,drinking_fountain,Drinking Fountain — Swanston Street between Little Bourke Street and Lonsdale Street,-37.81243,144.9650154,3,,,City of Melbourne,com:fountain/1075257
18,drinking_fountain,Drinking Fountain — Lygon Street between Argyle Place South and Pelham Street,-37.8033711,144.966364,3,,,City of Melbourne,com:fountain/1075267
19,drinking_fountain,Drinking Fountain — Victoria Parade between Hoddle Street and Simpson Street,-37.8101301,144.9910055,3,,,City of Melbourne,com:fountain/1075268
20,drinking_fountain,Drinking Fountain — Hoddle Street between Albert Street and Victoria Parade,-37.8109995,144.9909654,3,,,City of Melbourne,com:fountain/1075269
21,drinking_fountain,Drinking Fountain — Park Drive between Flemington Road and Story Street,-37.7973538,144.9528437,3,,,City of Melbourne,com:fountain/1075271
22,drinking_fountain,Drinking Fountain — Flinders Street between Market Street and William Street,-37.8195601,144.9606004,3,,,City of Melbourne,com:fountain/1075272
23,drinking_fountain,Drinking Fountain — Elizabeth Street between Queensberry Street and Pelham Street,-37.8020137,144.9578323,3,,,City of Melbourne,com:fountain/1075281
24,drinking_fountain,Drinking Fountain — St Kilda Road between Domain Road and Bromby Street,-37.834636,144.9748844,3,,,City of Melbourne,com:fountain/1075283
25,drinking_fountain,Drinking Fountain — Intersection of Victoria Street and Errol Street,-37.8050183,144.9491103,3,,,City of Melbourne,com:fountain/1075285
26,drinking_fountain,Drinking Fountain — Hawke Street between Ireland Street and Spencer Street,-37.8072589,144.9469642,3,,,City of Melbourne,com:fountain/1075286
27,drinking_fountain,Drinking Fountain — Victoria Street between Elizabeth Street and O'Connell Street,-37.8063368,144.9590744,3,,,City of Melbourne,com:fountain/1075290
28,drinking_fountain,Drinking Fountain — King Street between Collins Street and Little Collins Street,-37.8180379,144.9566253,3,,,City of Melbourne,com:fountain/1075292
29,drinking_fountain,Drinking Fountain — Royal Park,-37.7853324,144.9534737,3,,,City of Melbourne,com:fountain/1075294
30,drinking_fountain,Drinking Fountain — Intersection of Wellington Parade and Powlett Street,-37.8164909,144.9851575,3,,,City of Melbourne,com:fountain/1075295
31,drinking_fountain,Drinking Fountain — Franklin Street between Swanston Street and Elizabeth Street,-37.8078639,144.9610744,3,,,City of Melbourne,com:fountain/1075303
32,drinking_fountain,Drinking Fountain — Olympic Boulevard between Punt Road and Batman Avenue,-37.8233761,144.9798517,3,,,City of Melbourne,com:fountain/1075307
33,drinking_fountain,Drinking Fountain — Queen Victoria Market,-37.8062699,144.9580634,3,,,City of Melbourne,com:fountain/1075310
34,drinking_fountain,Drinking Fountain — Intersection of Collins Street and Market Street,-37.8174515,144.9601413,3,,,City of Melbourne,com:fountain/1075313
35,drinking_fountain,Drinking Fountain — Intersection of Victoria Street and Cobden Street,-37.8061169,144.9571333,3,,,City of Melbourne,com:fountain/1075314
36,drinking_fountain,Drinking Fountain — Victoria Street between Cobden Street and Peel Street,-37.806037,144.95639,3,,,City of Melbourne,com:fountain/1075315
37,drinking_fountain,Drinking Fountain — Flinders Street between Spring Street and Exhibition Street,-37.81601,144.9727025,3,,,City of Melbourne,com:fountain/1075318
38,drinking_fountain,Drinking Fountain — Lygon Street between Grattan Street and Faraday Street,-37.8005649,144.9668454,3,,,City of Melbourne,com:fountain/1075319
39,drinking_fountain,Drinking Fountain — Lygon Street between Faraday Street and Elgin Street,-37.7977518,144.9674474,3,,,City of Melbourne,com:fountain/1075320
40,drinking_fountain,Drinking Fountain — Lygon Street between Lytton Street and Princes Street,-37.7927528,144.9684434,3,,,City of Melbourne,com:fountain/1075324
41,drinking_fountain,Drinking Fountain — Collins Street between King Street and Spencer Street,-37.8190677,144.9545198,3,,,City of Melbourne,com:fountain/1075325
42,drinking_fountain,Drinking Fountain — Alexandra Avenue between Swan Street Bridge and Anderson Street,-37.828421,144.9846019,3,,,City of Melbourne,com:fountain/1075326
43,drinking_fountain,Drinking Fountain — J J Holland Park,-37.7989245,144.9259559,3,,,City of Melbourne,com:fountain/1115158
44,drinking_fountain,Drinking Fountain — J J Holland Park,-37.7981301,144.9217176,3,,,City of Melbourne,com:fountain/1115163
45,drinking_fountain,Drinking Fountain — Ievers Reserve,-37.7968673,144.9520465,3,,,City of Melbourne,com:fountain/1115164
46,drinking_fountain,Drinking Fountain — Ievers Reserve,-37.7963447,144.9529563,3,,,City of Melbourne,com:fountain/1115180
47,drinking_fountain,Drinking Fountain — Canning and Neill Street Reserve,-37.79333,144.9737416,3,,,City of Melbourne,com:fountain/1115190
48,drinking_fountain,Drinking Fountain — Fawkner Park,-37.8398991,144.9812983,3,,,City of Melbourne,com:fountain/1115200
49,drinking_fountain,Drinking Fountain — Carlton Gardens South,-37.8069632,144.9709753,3,,,City of Melbourne,com:fountain/1115204
50,drinking_fountain,Drinking Fountain — Batman Park,-37.8222024,144.9566031,3,,,City of Melbourne,com:fountain/1115214
51,drinking_fountain,Drinking Fountain — Powlett Reserve,-37.8110855,144.9868237,3,,,City of Melbourne,com:fountain/1115218
52,drinking_fountain,Drinking Fountain — Alexandra Gardens,-37.8207065,144.9707031,3,,,City of Melbourne,com:fountain/1115230
53,drinking_fountain,Drinking Fountain — Miles & Dodds Street Reserve,-37.828674,144.9672264,3,,,City of Melbourne,com:fountain/1115245
54,drinking_fountain,Drinking Fountain — Fawkner Park,-37.8386586,144.9779902,3,,,City of Melbourne,com:fountain/1115250
55,drinking_fountain,Drinking Fountain — Carlton Gardens South,-37.8071948,144.9726483,3,,,City of Melbourne,com:fountain/1115255
56,drinking_fountain,Drinking Fountain — Alexandra Gardens,-37.8208806,144.9729723,3,,,City of Melbourne,com:fountain/1115259
57,drinking_fountain,Drinking Fountain — Flagstaff Gardens Tennis Courts,-37.809793,144.955102,3,,,City of Melbourne,com:fountain/1115260
58,drinking_fountain,Drinking Fountain — Alexandra Park,-37.8195711,144.9718246,3,,,City of Melbourne,com:fountain/1115273
59,drinking_fountain,Drinking Fountain — Argyle Square,-37.8022579,144.9661363,3,,,City of Melbourne,com:fountain/1115275
60,drinking_fountain,Drinking Fountain — Argyle Square,-37.8026213,144.965638,3,,,City of Melbourne,com:fountain/1115276
61,drinking_fountain,Drinking Fountain — Gardiner Reserve,-37.7989934,144.9433596,3,,,City of Melbourne,com:fountain/1115279
62,drinking_fountain,Drinking Fountain — Princes Park,-37.7799032,144.9610389,3,,,City of Melbourne,com:fountain/1283655
63,drinking_fountain,Drinking Fountain — Princes Park,-37.7809869,144.9624565,3,,,City of Melbourne,com:fountain/1283656
64,drinking_fountain,Drinking Fountain — Shrine of Remembrance Reserve,-37.8322455,144.973022,3,,,City of Melbourne,com:fountain/1283945
65,drinking_fountain,Drinking Fountain — Shrine of Remembrance Reserve,-37.832498,144.9728589,3,,,City of Melbourne,com:fountain/1283947
66,drinking_fountain,Drinking Fountain — Queen Victoria Gardens,-37.8212367,144.9707706,3,,,City of Melbourne,com:fountain/1283948
67,drinking_fountain,Drinking Fountain — Stapley Parade Reserve,-37.8270873,144.9850446,3,,,City of Melbourne,com:fountain/1283950
68,drinking_fountain,Drinking Fountain — Birrarung Marr,-37.8201719,144.9751776,3,,,City of Melbourne,com:fountain/1283951
69,drinking_fountain,Drinking Fountain — River Esplanade,-37.8241613,144.9438641,3,,,City of Melbourne,com:fountain/1313017
70,drinking_fountain,Drinking Fountain — River Esplanade,-37.8246883,144.9469531,3,,,City of Melbourne,com:fountain/1313022
71,drinking_fountain,Drinking Fountain — Bourke Street between Harbour Esplanade and Enterprize Way,-37.8194923,144.944595,3,,,City of Melbourne,com:fountain/1313072
72,drinking_fountain,Drinking Fountain — Harbour Esplanade between La Trobe Street and Dudley Street,-37.8142868,144.944819,3,,,City of Melbourne,com:fountain/1313077
73,drinking_fountain,Drinking Fountain — River Esplanade,-37.8244933,144.9456981,3,,,City of Melbourne,com:fountain/1313104
74,drinking_fountain,Drinking Fountain — Newquay Promenade,-37.8153973,144.940562,3,,,City of Melbourne,com:fountain/1313399
75,drinking_fountain,Drinking Fountain — Victoria Harbour Promenade,-37.8183933,144.9446779,3,,,City of Melbourne,com:fountain/1313401
76,drinking_fountain,Drinking Fountain — Victoria Harbour Promenade,-37.8181263,144.945843,3,,,City of Melbourne,com:fountain/1313408
77,drinking_fountain,Drinking Fountain — William Street between Little Collins Street and Bourke Street,-37.8165599,144.9584794,3,,,City of Melbourne,com:fountain/1314004
78,drinking_fountain,Drinking Fountain — Birrarung Marr,-37.8184661,144.9738821,3,,,City of Melbourne,com:fountain/1360537
79,drinking_fountain,Drinking Fountain — Stock Route Reserve,-37.7885811,144.9262313,3,,,City of Melbourne,com:fountain/1360539
80,drinking_fountain,Drinking Fountain — Hardy Reserve,-37.7852833,144.966192,3,,,City of Melbourne,com:fountain/1360540
81,drinking_fountain,Drinking Fountain — Argyle Square,-37.8028231,144.9663007,3,,,City of Melbourne,com:fountain/1360541
82,drinking_fountain,Drinking Fountain — Alexandra Park,-37.827925,144.9835451,3,,,City of Melbourne,com:fountain/1360542
83,drinking_fountain,Drinking Fountain — University Square,-37.8020146,144.9605723,3,,,City of Melbourne,com:fountain/1360543
84,drinking_fountain,Drinking Fountain — Princes Park,-37.7836625,144.9599986,3,,,City of Melbourne,com:fountain/1360544
85,drinking_fountain,Drinking Fountain — Fawkner Park,-37.840591,144.984202,3,,,City of Melbourne,com:fountain/1360545
86,drinking_fountain,Drinking Fountain — Bellair Street between Wight Street and McMeikan Street,-37.7920687,144.9297514,3,,,City of Melbourne,com:fountain/1361009
87,drinking_fountain,Drinking Fountain — Stock Route Reserve,-37.7894264,144.925216,3,,,City of Melbourne,com:fountain/1361434
88,drinking_fountain,Drinking Fountain — Rankins Road between Mulgrave Street and Smith Street,-37.7912513,144.9314758,3,,,City of Melbourne,com:fountain/1361549
89,drinking_fountain,Drinking Fountain — Fawkner Park,-37.8382267,144.9845757,3,,,City of Melbourne,com:fountain/1362093
90,drinking_fountain,Drinking Fountain — Flinders Street between Swanston Street and Elizabeth Street,-37.8179067,144.9663258,3,,,City of Melbourne,com:fountain/1362238
91,drinking_fountain,Drinking Fountain — Lonsdale Street between Russell Street and Swanston Street,-37.8111151,144.966628,3,,,City of Melbourne,com:fountain/1373788
92,drinking_fountain,Drinking Fountain — Sturt Street Reserve,-37.829762,144.965024,3,,,City of Melbourne,com:fountain/1431554
93,drinking_fountain,Drinking Fountain — Alexandra Park,-37.827602,144.981947,3,,,City of Melbourne,com:fountain/1431561
94,drinking_fountain,Drinking Fountain — Fawkner Park,-37.839123,144.980296,3,,,City of Melbourne,com:fountain/1431736
95,drinking_fountain,Drinking Fountain — Clayton Reserve,-37.7969098,144.9388702,3,,,City of Melbourne,com:fountain/1431942
96,drinking_fountain,Drinking Fountain — Collins Street between Russell Street and Swanston Street,-37.8154477,144.967055,3,,,City of Melbourne,com:fountain/1442770
97,drinking_fountain,Drinking Fountain — Water Plaza,-37.8193215,144.942498,3,,,City of Melbourne,com:fountain/1442986
98,drinking_fountain,Drinking Fountain — NewQuay Promenade,-37.8160799,144.9386269,3,,,City of Melbourne,com:fountain/1461949
99,drinking_fountain,Drinking Fountain — Navigation Drive between Bourke Street and Collins Street,-37.8194284,144.9457882,3,,,City of Melbourne,com:fountain/1461969
100,drinking_fountain,Drinking Fountain — Merchant Street between Bourke Street and Collins Street,-37.8200024,144.9437626,3,,,City of Melbourne,com:fountain/1462422
101,drinking_fountain,Drinking Fountain — Bourke Street between Enterprize Way and Cumberland Street,-37.819927,144.9431458,3,,,City of Melbourne,com:fountain/1462451
102,drinking_fountain,Drinking Fountain — NewQuay Promenade,-37.8155589,144.9398977,3,,,City of Melbourne,com:fountain/1477577
103,drinking_fountain,Drinking Fountain — Bourke Street between Swanston Street and Elizabeth Street,-37.8137035,144.9652483,3,,,City of Melbourne,com:fountain/1479845
104,drinking_fountain,Drinking Fountain — Water Plaza,-37.8188136,144.9429039,3,,,City of Melbourne,com:fountain/1479864
105,drinking_fountain,Drinking Fountain — Victoria Harbour Promenade,-37.8189393,144.943487,3,,,City of Melbourne,com:fountain/1479870
106,drinking_fountain,Drinking Fountain — Bourke Street between Enterprize Way and Cumberland Street,-37.8200637,144.94335,3,,,City of Melbourne,com:fountain/1479899
107,drinking_fountain,Drinking Fountain — The Gauge Site,-37.8205127,144.9439609,3,,,City of Melbourne,com:fountain/1486202
108,drinking_fountain,Drinking Fountain — Batmans Hill Drive between Bourke Street and Collins Street,-37.8188456,144.9483776,3,,,City of Melbourne,com:fountain/1486733
109,drinking_fountain,Drinking Fountain — Intersection of Flinders Street and Queens Bridge,-37.8201821,144.9606079,3,,,City of Melbourne,com:fountain/1489629
110,drinking_fountain,Drinking Fountain — Harbour Esplanade between Bourke Street and La Trobe Street,-37.8160081,144.945522,3,,,City of Melbourne,com:fountain/1491386
111,drinking_fountain,Drinking Fountain — Swanston Street between Little Lonsdale Street and La Trobe Street,-37.8104382,144.964098,3,,,City of Melbourne,com:fountain/1494754
112,drinking_fountain,Drinking Fountain — Swanston Street between Little Lonsdale Street and La Trobe Street,-37.8104795,144.9643462,3,,,City of Melbourne,com:fountain/1494767
113,drinking_fountain,Drinking Fountain — Grant Street Reserve,-37.8260191,144.968213,3,,,City of Melbourne,com:fountain/1503054
114,drinking_fountain,Drinking Fountain — Docklands Drive between Pearl River Road and Docklands Drive,-37.8151599,144.9371255,3,,,City of Melbourne,com:fountain/1503105
115,drinking_fountain,Drinking Fountain — Caravel Lane between Rakaia Way and Aquitania Way,-37.8137819,144.9422587,3,,,City of Melbourne,com:fountain/1503113
116,drinking_fountain,Drinking Fountain — Spring Street between Collins Street and Little Collins Street,-37.813197,144.9737447,3,,,City of Melbourne,com:fountain/1507386
117,drinking_fountain,Drinking Fountain — Harbour Esplanade between Bourke Street and La Trobe Street,-37.8176714,144.9462535,3,,,City of Melbourne,com:fountain/1507605
118,drinking_fountain,Drinking Fountain — Flinders Street between Russell Street and Swanston Street,-37.8167898,144.969337,3,,,City of Melbourne,com:fountain/1507869
119,drinking_fountain,Drinking Fountain — Lonsdale Street between King Street and Spencer Street,-37.8151857,144.9525775,3,,,City of Melbourne,com:fountain/1510287
120,drinking_fountain,Drinking Fountain — La Trobe Street between Elizabeth Street and Queen Street,-37.8102999,144.9610236,3,,,City of Melbourne,com:fountain/1510288
121,drinking_fountain,Drinking Fountain — Russell Street between Flinders Lane and Collins Street,-37.8150631,144.9689921,3,,,City of Melbourne,com:fountain/1510291
122,drinking_fountain,Drinking Fountain — Spring Street between Little Bourke Street and Lonsdale Street,-37.8103391,144.972424,3,,,City of Melbourne,com:fountain/1510292
123,drinking_fountain,Drinking Fountain — Peel Street between Dudley Street and Victoria Street,-37.8071156,144.9559317,3,,,City of Melbourne,com:fountain/1511454
124,drinking_fountain,Drinking Fountain — Queen Victoria Market,-37.8072604,144.9578811,3,,,City of Melbourne,com:fountain/1511455
125,drinking_fountain,Drinking Fountain — Franklin Street between Victoria Street and Swanston Street,-37.8072992,144.9638064,3,,,City of Melbourne,com:fountain/1511456
126,drinking_fountain,Drinking Fountain — J J Holland Park,-37.7974552,144.9234929,3,,,City of Melbourne,com:fountain/1511751
127,drinking_fountain,Drinking Fountain — Docklands Drive between Waterfront Way and Pearl River Road,-37.8146952,144.9384774,3,,,City of Melbourne,com:fountain/1514397
128,drinking_fountain,Drinking Fountain — Collins Street between Harbour Esplanade and Navigation Drive,-37.821203,144.9464401,3,,,City of Melbourne,com:fountain/1514890
129,drinking_fountain,Drinking Fountain — Fawkner Park,-37.8434055,144.9823703,3,,,City of Melbourne,com:fountain/1515389
130,drinking_fountain,Drinking Fountain — Boyd Community Hub,-37.8255336,144.960998,3,,,City of Melbourne,com:fountain/1516263
131,drinking_fountain,Drinking Fountain — Swanston Street between Bourke Street and Little Bourke Street,-37.8127107,144.9653559,3,,,City of Melbourne,com:fountain/1529766
132,drinking_fountain,Drinking Fountain — MacArthur Street between Cathedral Place and St Andrews Place,-37.8111844,144.9751862,3,,,City of Melbourne,com:fountain/1530463
133,drinking_fountain,Drinking Fountain — Harbour Esplanade between Bourke Street and La Trobe Street,-37.818416,144.9465814,3,,,City of Melbourne,com:fountain/1547883
134,drinking_fountain,Drinking Fountain — Collins Street between Navigation Drive and Merchant Street,-37.8213917,144.9453678,3,,,City of Melbourne,com:fountain/1548087
135,drinking_fountain,Drinking Fountain — Bellair Street between Macaulay Road and Wight Street,-37.7943144,144.9302959,3,,,City of Melbourne,com:fountain/1548747
136,drinking_fountain,Drinking Fountain — Liddy Street Reserve,-37.7900969,144.9257559,3,,,City of Melbourne,com:fountain/1550139
137,drinking_fountain,Drinking Fountain — Warun Biik Park,-37.7962259,144.9267533,3,,,City of Melbourne,com:fountain/1551573
138,drinking_fountain,Drinking Fountain — Victoria Green,-37.8201281,144.9448455,3,,,City of Melbourne,com:fountain/1551961
139,drinking_fountain,Drinking Fountain — North Melbourne Community Centre,-37.7933782,144.9400484,3,,,City of Melbourne,com:fountain/1552207
140,drinking_fountain,Drinking Fountain — Station Street Park,-37.7973592,144.9739863,3,,,City of Melbourne,com:fountain/1556985
141,drinking_fountain,Drinking Fountain — William Street between Little Lonsdale Street and La Trobe Street,-37.8126223,144.9569572,3,,,City of Melbourne,com:fountain/1560232
142,drinking_fountain,Drinking Fountain — Swanston Street between A'Beckett Street and Franklin Street,-37.8077428,144.9630865,3,,,City of Melbourne,com:fountain/1572009
143,drinking_fountain,Drinking Fountain — Flinders Street between Swanston Street and Elizabeth Street,-37.8177512,144.9668728,3,,,City of Melbourne,com:fountain/1572354
144,drinking_fountain,Drinking Fountain — Bourke Street between Swanston Street and Elizabeth Street,-37.8140227,144.9637759,3,,,City of Melbourne,com:fountain/1572368
145,drinking_fountain,Drinking Fountain — Bourke Street between Russell Street and Swanston Street,-37.8133147,144.9666513,3,,,City of Melbourne,com:fountain/1572823
146,drinking_fountain,Drinking Fountain — Bourke Street between Exhibition Street and Russell Street,-37.8126178,144.9683506,3,,,City of Melbourne,com:fountain/1572824
147,drinking_fountain,Drinking Fountain — Bourke Street between Spring Street and Exhibition Street,-37.8119119,144.9707694,3,,,City of Melbourne,com:fountain/1572825
148,drinking_fountain,Drinking Fountain — Lonsdale Street between Swanston Street and Elizabeth Street,-37.8121163,144.9624265,3,,,City of Melbourne,com:fountain/1572828
149,drinking_fountain,Drinking Fountain — Bourke Street between Queen Street and William Street,-37.8155399,144.9583664,3,,,City of Melbourne,com:fountain/1572839
150,drinking_fountain,Drinking Fountain — Swanston Street between Little Bourke Street and Lonsdale Street,-37.8123781,144.9652122,3,,,City of Melbourne,com:fountain/1573396
151,drinking_fountain,Drinking Fountain — Swanston Street between Little Collins Street and Bourke Street,-37.814372,144.9661333,3,,,City of Melbourne,com:fountain/1573397
152,drinking_fountain,Drinking Fountain — Collins Street between Swanston Street and Elizabeth Street,-37.8160055,144.9651331,3,,,City of Melbourne,com:fountain/1575328
153,drinking_fountain,Drinking Fountain — Russell Street between Little Bourke Street and Lonsdale Street,-37.8110509,144.9671424,3,,,City of Melbourne,com:fountain/1575338
154,drinking_fountain,Drinking Fountain — Spring Street between Collins Street and Little Collins Street,-37.8124358,144.9736844,3,,,City of Melbourne,com:fountain/1576182
155,drinking_fountain,Drinking Fountain — River Esplanade between Mills Place and Riggers Place,-37.8221777,144.9382689,3,,,City of Melbourne,com:fountain/1578242
156,drinking_fountain,Drinking Fountain — South Wharf Drive between Lorimer Street and Point Park Crescent,-37.8234095,144.9406532,3,,,City of Melbourne,com:fountain/1579098
157,drinking_fountain,Drinking Fountain — Royal Parade between Bayles Street and Degraves Street,-37.7938228,144.9580382,3,,,City of Melbourne,com:fountain/1579598
158,drinking_fountain,Drinking Fountain — Fitzroy Gardens,-37.8148665,144.9793412,3,,,City of Melbourne,com:fountain/1579958
159,drinking_fountain,Drinking Fountain — Fitzroy Gardens,-37.8153621,144.9797049,3,,,City of Melbourne,com:fountain/1579966
160,drinking_fountain,Drinking Fountain — Newmarket Reserve,-37.7878495,144.9245623,3,,,City of Melbourne,com:fountain/1586948
161,drinking_fountain,Drinking Fountain — Bourke Street between Queen Street and William Street,-37.8149692,144.9603505,3,,,City of Melbourne,com:fountain/1586965
162,drinking_fountain,Drinking Fountain — Palmyra Way between Harbour Esplanade and Aquitania Way,-37.8133711,144.9435713,3,,,City of Melbourne,com:fountain/1588685
163,drinking_fountain,Drinking Fountain — Royal Park,-37.79543,144.9520282,3,,,City of Melbourne,com:fountain/1589226
164,drinking_fountain,Drinking Fountain — Royal Park,-37.7951187,144.9509188,3,,,City of Melbourne,com:fountain/1589227
165,drinking_fountain,Drinking Fountain — Fitzroy Gardens,-37.8144365,144.977743,3,,,City of Melbourne,com:fountain/1589362
166,drinking_fountain,Drinking Fountain — Treasury Gardens,-37.8143628,144.9760984,3,,,City of Melbourne,com:fountain/1589363
167,drinking_fountain,Drinking Fountain — Treasury Gardens,-37.8137059,144.9749028,3,,,City of Melbourne,com:fountain/1589364
168,drinking_fountain,Drinking Fountain — Carlton Gardens South,-37.8053026,144.9695583,3,,,City of Melbourne,com:fountain/1589365
169,drinking_fountain,Drinking Fountain — Carlton Gardens North,-37.8021863,144.9711102,3,,,City of Melbourne,com:fountain/1589366
170,drinking_fountain,Drinking Fountain — Reeves Street Park,-37.7937649,144.9702408,3,,,City of Melbourne,com:fountain/1589748
171,drinking_fountain,Drinking Fountain — Kings Domain South,-37.8306584,144.9760539,3,,,City of Melbourne,com:fountain/1589910
172,drinking_fountain,Drinking Fountain — Kings Domain,-37.8246966,144.9721174,3,,,City of Melbourne,com:fountain/1589911
173,drinking_fountain,Drinking Fountain — Kings Domain,-37.8243504,144.9771113,3,,,City of Melbourne,com:fountain/1589912
174,drinking_fountain,Drinking Fountain — Poplar Road between Oak Street and Upfield Railway,-37.7807309,144.9510874,3,,,City of Melbourne,com:fountain/1589913
175,drinking_fountain,Drinking Fountain — Royal Park,-37.7829796,144.9418703,3,,,City of Melbourne,com:fountain/1589914
176,drinking_fountain,Drinking Fountain — Flagstaff Gardens,-37.8093164,144.9545334,3,,,City of Melbourne,com:fountain/1589915
177,drinking_fountain,Drinking Fountain — Flagstaff Gardens,-37.8114413,144.9551163,3,,,City of Melbourne,com:fountain/1589916
178,drinking_fountain,Drinking Fountain — Lincoln Square,-37.8022153,144.9630132,3,,,City of Melbourne,com:fountain/1589917
179,drinking_fountain,Drinking Fountain — Batman Park,-37.8218638,144.957259,3,,,City of Melbourne,com:fountain/1589918
180,drinking_fountain,Drinking Fountain — Point Park,-37.8231771,144.9418678,3,,,City of Melbourne,com:fountain/1589920
181,drinking_fountain,Drinking Fountain — Fitzroy Gardens,-37.8127668,144.9815544,3,,,City of Melbourne,com:fountain/1589921
182,drinking_fountain,Drinking Fountain — Birrarung Marr,-37.8181803,144.9712825,3,,,City of Melbourne,com:fountain/1589922
183,drinking_fountain,Drinking Fountain — La Trobe Street between Queen Street and Wills Street,-37.8110051,144.9586216,3,,,City of Melbourne,com:fountain/1589924
184,drinking_fountain,Drinking Fountain — Grattan Street between Swanston Street and Bouverie Street,-37.800492,144.9637439,3,,,City of Melbourne,com:fountain/1589925
185,drinking_fountain,Drinking Fountain — Elgin Street between Lygon Street and Cardigan Street,-37.797011,144.9671945,3,,,City of Melbourne,com:fountain/1590029
186,drinking_fountain,Drinking Fountain — Clayton Reserve,-37.7958179,144.9389228,3,,,City of Melbourne,com:fountain/1590042
187,drinking_fountain,Drinking Fountain — Swanston Street between Queensberry Street and Lincoln Square South,-37.8044377,144.9634305,3,,,City of Melbourne,com:fountain/1591436
188,drinking_fountain,Drinking Fountain — Bourke Street between King Street and Spencer Street,-37.8163643,144.955399,3,,,City of Melbourne,com:fountain/1596593
189,drinking_fountain,Drinking Fountain — Bourke Street between Spring Street and Exhibition Street,-37.8115264,144.9728037,3,,,City of Melbourne,com:fountain/1597176
190,drinking_fountain,Drinking Fountain — Neill Street Reserve,-37.7948604,144.9703253,3,,,City of Melbourne,com:fountain/1600521
191,drinking_fountain,Drinking Fountain — All Nations Uniting Church,-37.7955947,144.9691367,3,,,City of Melbourne,com:fountain/1600522
192,drinking_fountain,Drinking Fountain — Neill Street Reserve,-37.795835,144.968072,3,,,City of Melbourne,com:fountain/1600552
193,drinking_fountain,Drinking Fountain — Elizabeth Street between Lonsdale Street and Little Lonsdale Street,-37.8114682,144.9617507,3,,,City of Melbourne,com:fountain/1606143
194,drinking_fountain,Drinking Fountain — La Trobe Street between Russell Street and Swanston Street,-37.8095936,144.9642404,3,,,City of Melbourne,com:fountain/1607081
195,drinking_fountain,Drinking Fountain — Swanston Street between Little Bourke Street and Lonsdale Street,-37.8118169,144.9647358,3,,,City of Melbourne,com:fountain/1607086
196,drinking_fountain,Drinking Fountain — Fitzroy Gardens,-37.8104742,144.9810666,3,,,City of Melbourne,com:fountain/1608263
197,drinking_fountain,Drinking Fountain — Swanston Street between Grattan Street and Faraday Street,-37.7996158,144.9642505,3,,,City of Melbourne,com:fountain/1610522
198,drinking_fountain,Drinking Fountain — Collins Street between Merchant Street and Bourke Street,-37.8211451,144.9429836,3,,,City of Melbourne,com:fountain/1610544
199,drinking_fountain,Drinking Fountain — Collins Street between Merchant Street and Bourke Street,-37.8208728,144.9418559,3,,,City of Melbourne,com:fountain/1610561
200,drinking_fountain,Drinking Fountain — Collins Street between Merchant Street and Bourke Street,-37.8212208,144.9441854,3,,,City of Melbourne,com:fountain/1610565
201,drinking_fountain,Drinking Fountain — Royal Park,-37.7820539,144.9569702,3,,,City of Melbourne,com:fountain/1610989
202,drinking_fountain,Drinking Fountain — Victoria Green,-37.8202202,144.9448075,3,,,City of Melbourne,com:fountain/1617931
203,drinking_fountain,Drinking Fountain — Victoria Green,-37.820509,144.9448585,3,,,City of Melbourne,com:fountain/1617953
204,drinking_fountain,Drinking Fountain — Parliament Reserve,-37.8098063,144.9738345,3,,,City of Melbourne,com:fountain/1618508
205,drinking_fountain,Drinking Fountain — Grey Street between Darling Street and Simpson Street,-37.8123231,144.988933,3,,,City of Melbourne,com:fountain/1631438
206,drinking_fountain,Drinking Fountain — Ron Barassi Senior Park,-37.8171467,144.9341035,3,,,City of Melbourne,com:fountain/1633448
207,drinking_fountain,Drinking Fountain — Yarra Park,-37.8173478,144.9877968,3,,,City of Melbourne,com:fountain/1636388
208,drinking_fountain,Drinking Fountain — Eastwood and Rankins Road Reserve,-37.7940741,144.930829,3,,,City of Melbourne,com:fountain/1639775
209,drinking_fountain,Drinking Fountain — Docklands Park,-37.8208908,144.9469298,3,,,City of Melbourne,com:fountain/1645340
210,drinking_fountain,Drinking Fountain — Bourke Street between Cumberland Street and Collins Street,-37.8203954,144.9414854,3,,,City of Melbourne,com:fountain/1672755
211,drinking_fountain,Drinking Fountain — Collins Street between Bourke Street and Sailmaker Way,-37.8203434,144.9403191,3,,,City of Melbourne,com:fountain/1672756
212,drinking_fountain,Drinking Fountain — Darling Square,-37.8132871,144.9892412,3,,,City of Melbourne,com:fountain/1673875
213,drinking_fountain,Drinking Fountain — Westbourne Road Reserve,-37.7940347,144.9196181,3,,,City of Melbourne,com:fountain/1720357
214,drinking_fountain,Drinking Fountain — McKillop Street between Bourke Street and Little Collins Street,-37.8152214,144.9617262,3,,,City of Melbourne,com:fountain/1722158
215,drinking_fountain,Drinking Fountain — Exhibition Street Reserve,-37.8075064,144.968505,3,,,City of Melbourne,com:fountain/1723259
216,drinking_fountain,Drinking Fountain — Princes Park,-37.784937,144.9623393,3,,,City of Melbourne,com:fountain/1724946
217,drinking_fountain,Drinking Fountain — Nicholson Street between Albert Street and Victoria Street,-37.8089937,144.9728687,3,,,City of Melbourne,com:fountain/1728233
218,drinking_fountain,Drinking Fountain — Hawke and Adderley Street Park,-37.8087301,144.9450105,3,,,City of Melbourne,com:fountain/1742334
219,drinking_fountain,Drinking Fountain — Bellair Street Reserve,-37.7955267,144.9307542,3,,,City of Melbourne,com:fountain/1742439
220,drinking_fountain,Drinking Fountain — Marmion Place from Aquitania Way,-37.813428,144.9427742,3,,,City of Melbourne,com:fountain/1742604
221,drinking_fountain,Drinking Fountain — Convesso,-37.8196689,144.9417578,3,,,City of Melbourne,com:fountain/1743772
222,drinking_fountain,Drinking Fountain — Waterside Place between Bourke Street and Victoria Harbour Promenade,-37.8201642,144.9419808,3,,,City of Melbourne,com:fountain/1743781
223,drinking_fountain,Drinking Fountain — Collins Street between Merchant Street and Bourke Street,-37.8209362,144.9430288,3,,,City of Melbourne,com:fountain/1743822
224,drinking_fountain,Drinking Fountain — Gisborne Street between Albert Street and Victoria Parade,-37.8087632,144.9756,3,,,City of Melbourne,com:fountain/1748619
225,drinking_fountain,Drinking Fountain — Queen Victoria Gardens,-37.8224931,144.971144,3,,,City of Melbourne,com:fountain/1749936
226,drinking_fountain,Drinking Fountain — Fitzroy Gardens,-37.810303,144.9786636,3,,,City of Melbourne,com:fountain/1749937
227,drinking_fountain,Drinking Fountain — Fitzroy Gardens,-37.8116517,144.9807241,3,,,City of Melbourne,com:fountain/1749938
228,drinking_fountain,Drinking Fountain — Fitzroy Gardens,-37.8106933,144.9830719,3,,,City of Melbourne,com:fountain/1749939
229,drinking_fountain,Drinking Fountain — Fitzroy Gardens,-37.813587,144.9803405,3,,,City of Melbourne,com:fountain/1749940
230,drinking_fountain,Drinking Fountain — Fitzroy Gardens,-37.8156915,144.9822672,3,,,City of Melbourne,com:fountain/1749941
231,drinking_fountain,Drinking Fountain — North Melbourne Recreation Reserve,-37.7992271,144.9402814,3,,,City of Melbourne,com:fountain/1751038
232,drinking_fountain,Drinking Fountain — Stawell Street Park,-37.805666,144.9425668,3,,,City of Melbourne,com:fountain/1751223
233,drinking_fountain,Drinking Fountain — Galada Avenue Reserve,-37.7795533,144.9398465,3,,,City of Melbourne,com:fountain/1751450
234,drinking_fountain,Drinking Fountain — Newquay Central,-37.8147279,144.9386894,3,,,City of Melbourne,com:fountain/1753312
235,drinking_fountain,Drinking Fountain — Gardiner Reserve,-37.7988983,144.9440183,3,,,City of Melbourne,com:fountain/1755036
236,drinking_fountain,Drinking Fountain — Errol Street Reserve,-37.7992486,144.9504177,3,,,City of Melbourne,com:fountain/1755723
237,drinking_fountain,Drinking Fountain — Alexandra Park,-37.8251431,144.978301,3,,,City of Melbourne,com:fountain/1756332
238,drinking_fountain,Drinking Fountain — Shrine of Remembrance Reserve,-37.8293949,144.9740264,3,,,City of Melbourne,com:fountain/1756333
239,drinking_fountain,Drinking Fountain — Kings Domain South,-37.8334339,144.9815152,3,,,City of Melbourne,com:fountain/1756334
240,drinking_fountain,Drinking Fountain — Kings Domain South,-37.8288095,144.9741313,3,,,City of Melbourne,com:fountain/1756335
241,drinking_fountain,Drinking Fountain — Kings Domain South,-37.8335241,144.9834722,3,,,City of Melbourne,com:fountain/1756336
242,drinking_fountain,Drinking Fountain — Park Street between West Coburg Tramway and Royal Parade,-37.7771249,144.9515067,3,,,City of Melbourne,com:fountain/1757693
243,drinking_fountain,Drinking Fountain — Park Street between West Coburg Tramway and Royal Parade,-37.7773239,144.9531895,3,,,City of Melbourne,com:fountain/1757694
244,drinking_fountain,Drinking Fountain — Princes Park,-37.7851693,144.962996,3,,,City of Melbourne,com:fountain/1757695
245,drinking_fountain,Drinking Fountain — Princes Park,-37.787145,144.9594465,3,,,City of Melbourne,com:fountain/1757696
246,drinking_fountain,Drinking Fountain — Princes Park,-37.7846235,144.9601566,3,,,City of Melbourne,com:fountain/1757697
247,drinking_fountain,Drinking Fountain — Royal Park,-37.7802054,144.9529357,3,,,City of Melbourne,com:fountain/1757698
248,drinking_fountain,Drinking Fountain — Royal Park,-37.7814417,144.9559547,3,,,City of Melbourne,com:fountain/1757699
249,drinking_fountain,Drinking Fountain — Royal Park,-37.786152,144.9534929,3,,,City of Melbourne,com:fountain/1757700
250,drinking_fountain,Drinking Fountain — Shrine of Remembrance Reserve,-37.8302853,144.9726495,3,,,City of Melbourne,com:fountain/1757702
251,drinking_fountain,Drinking Fountain — Shrine of Remembrance Reserve,-37.8308156,144.9742751,3,,,City of Melbourne,com:fountain/1757703
252,drinking_fountain,Drinking Fountain — Fitzroy Gardens,-37.8136756,144.9826852,3,,,City of Melbourne,com:fountain/1757704
253,drinking_fountain,Drinking Fountain — Carlton Gardens South,-37.8059612,144.9714311,3,,,City of Melbourne,com:fountain/1757705
254,drinking_fountain,Drinking Fountain — Carlton Gardens North,-37.802114,144.972831,3,,,City of Melbourne,com:fountain/1757706
255,drinking_fountain,Drinking Fountain — Fitzroy Gardens,-37.8142641,144.9786514,3,,,City of Melbourne,com:fountain/1757707
256,drinking_fountain,Drinking Fountain — Carlton Gardens North,-37.8024173,144.9720229,3,,,City of Melbourne,com:fountain/1757708
257,drinking_fountain,Drinking Fountain — Birrarung Marr,-37.818771,144.9740816,3,,,City of Melbourne,com:fountain/1757709
258,drinking_fountain,Drinking Fountain — Alexandra Gardens,-37.8205514,144.9731743,3,,,City of Melbourne,com:fountain/1757710
259,drinking_fountain,Drinking Fountain — Pasley Street between Pasley Street North and Pasley Street South,-37.8425146,144.9844274,3,,,City of Melbourne,com:fountain/1757711
260,drinking_fountain,Drinking Fountain — Carlton Gardens North,-37.8015432,144.9707469,3,,,City of Melbourne,com:fountain/1757712
261,drinking_fountain,Drinking Fountain — Fawkner Park,-37.8452142,144.9825614,3,,,City of Melbourne,com:fountain/1757713
262,drinking_fountain,Drinking Fountain — Royal Park,-37.7897419,144.9554473,3,,,City of Melbourne,com:fountain/1757714
263,drinking_fountain,Drinking Fountain — Royal Park,-37.7916643,144.9517569,3,,,City of Melbourne,com:fountain/1757715
264,drinking_fountain,Drinking Fountain — Fawkner Park,-37.837913,144.981874,3,,,City of Melbourne,com:fountain/1757716
265,drinking_fountain,Drinking Fountain — Wharfs Landing,-37.82211,144.9366621,3,,,City of Melbourne,com:fountain/1764802
266,drinking_fountain,Drinking Fountain — Approximately 30m NE of CitiPower Pty Ltd,-37.7855962,144.9693228,3,,,City of Melbourne,com:fountain/1765931
267,drinking_fountain,Drinking Fountain — Kings Domain,-37.8242454,144.9769842,3,,,City of Melbourne,com:fountain/1766765
268,drinking_fountain,Drinking Fountain — Flagstaff Gardens,-37.8104311,144.955584,3,,,City of Melbourne,com:fountain/1767915
269,drinking_fountain,Drinking Fountain — Flagstaff Gardens,-37.8100931,144.9536159,3,,,City of Melbourne,com:fountain/1767916
270,drinking_fountain,Drinking Fountain — Stock Route Reserve,-37.7901669,144.9240683,3,,,City of Melbourne,com:fountain/1771595
271,drinking_fountain,Drinking Fountain — Princes Park,-37.7881098,144.9594917,3,,,City of Melbourne,com:fountain/1771697
272,drinking_fountain,Drinking Fountain — Princes Park,-37.7914166,144.9612546,3,,,City of Melbourne,com:fountain/1771698
273,drinking_fountain,Drinking Fountain — Royal Park,-37.7902878,144.9450985,3,,,City of Melbourne,com:fountain/1771699
274,drinking_fountain,Drinking Fountain — Princes Park,-37.7786304,144.9616804,3,,,City of Melbourne,com:fountain/1771700
275,drinking_fountain,Drinking Fountain — Alexandra Gardens,-37.8211036,144.9724953,3,,,City of Melbourne,com:fountain/1771701
276,drinking_fountain,Drinking Fountain — J J Holland Park,-37.7984197,144.9242199,3,,,City of Melbourne,com:fountain/1771702
277,drinking_fountain,Drinking Fountain — St Kilda Road between Yarra River and Southbank Boulevard,-37.8212096,144.9694728,3,,,City of Melbourne,com:fountain/1771848
278,drinking_fountain,Drinking Fountain — Queen Victoria Gardens,-37.8216801,144.970037,3,,,City of Melbourne,com:fountain/1771970
279,drinking_fountain,Drinking Fountain — Boyd Community Hub,-37.8260585,144.9615313,3,,,City of Melbourne,com:fountain/1775763
280,drinking_fountain,Drinking Fountain — Harbour Esplanade between La Trobe Street and Newquay Promenade,-37.8143728,144.9443629,3,,,City of Melbourne,com:fountain/1782098
281,drinking_fountain,Drinking Fountain — Royal Park,-37.781902,144.9559743,3,,,City of Melbourne,com:fountain/1786703
282,drinking_fountain,Drinking Fountain — Royal Park,-37.7914814,144.9564034,3,,,City of Melbourne,com:fountain/1786704
283,drinking_fountain,Drinking Fountain — Pleasance Gardens,-37.7963936,144.946449,3,,,City of Melbourne,com:fountain/1786705
284,drinking_fountain,Drinking Fountain — Princes Park,-37.788668,144.9624617,3,,,City of Melbourne,com:fountain/1786706
285,drinking_fountain,Drinking Fountain — Murchison Square,-37.8003733,144.9727894,3,,,City of Melbourne,com:fountain/1786707
286,drinking_fountain,Drinking Fountain — Royal Park,-37.778744,144.952731,3,,,City of Melbourne,com:fountain/1786708
287,drinking_fountain,Drinking Fountain — Peppercorn Park,-37.7925642,144.9226308,3,,,City of Melbourne,com:fountain/1786709
288,drinking_fountain,Drinking Fountain — Docklands Park,-37.8196162,144.9460804,3,,,City of Melbourne,com:fountain/1786710
289,drinking_fountain,Drinking Fountain — Pleasance Gardens,-37.7963007,144.9450286,3,,,City of Melbourne,com:fountain/1786711
290,drinking_fountain,Drinking Fountain — Royal Park,-37.7841306,144.9561695,3,,,City of Melbourne,com:fountain/1786712
291,drinking_fountain,Drinking Fountain — Riverside Park,-37.7945145,144.9159123,3,,,City of Melbourne,com:fountain/1786713
292,drinking_fountain,Drinking Fountain — Bayswater Road Park,-37.7936582,144.9235261,3,,,City of Melbourne,com:fountain/1786714
293,drinking_fountain,Drinking Fountain — Waterview Walk between Bourke Street and Batmans Hill Drive,-37.8197345,144.9475652,3,,,City of Melbourne,com:fountain/1798701
294,drinking_fountain,Drinking Fountain — Hub@Docklands,-37.8201778,144.948002,3,,,City of Melbourne,com:fountain/1798734
295,drinking_fountain,Drinking Fountain — Canning and Palmerston Street Reserve,-37.7963969,144.972926,3,,,City of Melbourne,com:fountain/1799225
296,drinking_fountain,Drinking Fountain — J J Holland Park,-37.7978675,144.9260641,3,,,City of Melbourne,com:fountain/1804405
297,drinking_fountain,Drinking Fountain — Lincoln Square,-37.8030495,144.9628696,3,,,City of Melbourne,com:fountain/1817872
298,drinking_fountain,Drinking Fountain — Kings Way between Kavanagh Street and City Road,-37.8264611,144.9606174,3,,,City of Melbourne,com:fountain/1827061
299,drinking_fountain,Drinking Fountain — Newmarket Reserve,-37.7885075,144.9233286,3,,,City of Melbourne,com:fountain/1830638
300,drinking_fountain,Drinking Fountain — Kings Way between Kavanagh Street and City Road,-37.8264809,144.9606358,3,,,City of Melbourne,com:fountain/1832073
301,drinking_fountain,Drinking Fountain — Ron Barassi Senior Park,-37.8166028,144.935712,3,,,City of Melbourne,com:fountain/1832090
302,drinking_fountain,Drinking Fountain — Enterprize Park,-37.8201721,144.9597414,3,,,City of Melbourne,com:fountain/1833526
303,drinking_fountain,Drinking Fountain — Intersection of Southbank Boulevard and Moore Street,-37.8234721,144.966131,3,,,City of Melbourne,com:fountain/1841161
304,drinking_fountain,Drinking Fountain — Fawkner Park,-37.8412835,144.9844405,3,,,City of Melbourne,com:fountain/1844345
305,drinking_fountain,Drinking Fountain — Intersection of Southbank Boulevard and Kavanagh Street,-37.8232189,144.9649494,3,,,City of Melbourne,com:fountain/1848831
306,drinking_fountain,Drinking Fountain — Royal Park,-37.7777858,144.9541163,3,,,City of Melbourne,com:fountain/1850149
307,drinking_fountain,Drinking Fountain — Elizabeth Street between Flinders Lane and Collins Street,-37.817054,144.9645524,3,,,City of Melbourne,com:fountain/1852293
308,drinking_fountain,Drinking Fountain — Southbank Promenade,-37.8200869,144.965298,3,,,City of Melbourne,com:fountain/1868362
309,drinking_fountain,Drinking Fountain — Harbour Esplanade between McCrae Street and Collins Street,-37.8217812,144.9474533,3,,,City of Melbourne,com:fountain/1870067
310,drinking_fountain,Drinking Fountain — Womens Peace Garden,-37.7909609,144.9239008,3,,,City of Melbourne,com:fountain/1872741
311,drinking_fountain,Drinking Fountain — Alexandra Gardens,-37.8214423,144.9738846,3,,,City of Melbourne,com:fountain/1874983
312,drinking_fountain,Drinking Fountain — Royal Park,-37.7864015,144.9550952,3,,,City of Melbourne,com:fountain/1899102
313,drinking_fountain,Drinking Fountain — Joan Walk from Laurens Street,-37.8015556,144.9415557,3,,,City of Melbourne,com:fountain/1919439
314,drinking_fountain,Drinking Fountain — Bedford Street Reserve,-37.8027744,144.955624,3,,,City of Melbourne,com:fountain/1922227
315,drinking_fountain,Drinking Fountain — Bedford Street Reserve,-37.8030357,144.9557017,3,,,City of Melbourne,com:fountain/1922228
316,drinking_fountain,Drinking Fountain — Fawkner Park,-37.8387964,144.9849994,3,,,City of Melbourne,com:fountain/1924030
317,drinking_fountain,Drinking Fountain — Kings Domain,-37.8223828,144.9727375,3,,,City of Melbourne,com:fountain/1924088
318,drinking_fountain,Drinking Fountain — State Library of Victoria,-37.809639,144.9642036,3,,,City of Melbourne,com:fountain/1924157
319,drinking_fountain,Drinking Fountain — Royal Park,-37.7932261,144.9475149,3,,,City of Melbourne,com:fountain/1924366
320,drinking_fountain,Drinking Fountain — Royal Park,-37.7927364,144.947884,3,,,City of Melbourne,com:fountain/1924367
321,drinking_fountain,Drinking Fountain — Wellington Park,-37.8158471,144.9759999,3,,,City of Melbourne,com:fountain/1937144
322,drinking_fountain,Drinking Fountain — Eades Park,-37.8071377,144.9512587,3,,,City of Melbourne,com:fountain/1938262
323,drinking_fountain,Drinking Fountain — Eades Park,-37.8071136,144.9512734,3,,,City of Melbourne,com:fountain/1938263
324,drinking_fountain,Drinking Fountain — Princes Park,-37.7817333,144.9602504,3,,,City of Melbourne,com:fountain/1940650
325,drinking_fountain,Drinking Fountain — Royal Park,-37.7852511,144.9432229,3,,,City of Melbourne,com:fountain/1940651
326,drinking_fountain,Drinking Fountain — Point Park,-37.8238108,144.9421577,3,,,City of Melbourne,com:fountain/1941398
327,drinking_fountain,Drinking Fountain — Royal Parade between Grattan Street and Story Street,-37.7995082,144.9573362,3,,,City of Melbourne,com:fountain/1952611
328,drinking_fountain,Drinking Fountain — Grattan Street between Berkeley Street and Royal Parade,-37.7999308,144.9586468,3,,,City of Melbourne,com:fountain/1952612
329,drinking_fountain,Drinking Fountain — Westgate Park,-37.8331598,144.9070078,3,,,City of Melbourne,com:fountain/1953411
330,drinking_fountain,Drinking Fountain — Westgate Park,-37.830852,144.910313,3,,,City of Melbourne,com:fountain/1953412
331,drinking_fountain,Drinking Fountain — Westgate Park,-37.8324447,144.8994081,3,,,City of Melbourne,com:fountain/1953413
332,drinking_fountain,Drinking Fountain — Westgate Park,-37.8332801,144.9041632,3,,,City of Melbourne,com:fountain/1953414
333,library,Law Library,-37.8023777,144.9597833,1,,"{""type"":""Point"",""coordinates"":[144.9597833,-37.8023777]}",OpenStreetMap,osm:node/10709142784
334,library,"Architecture, Building & Planning Library",-37.7973892,144.9629108,1,,"{""type"":""Point"",""coordinates"":[144.9629108,-37.7973892]}",OpenStreetMap,osm:node/10720135585
335,library,narrm ngarrgu Library and Family Services,-37.807721,144.9584163,1,,"{""type"":""Point"",""coordinates"":[144.9584163,-37.807721]}",OpenStreetMap,osm:node/11357475523
336,library,Legal Aid public law library,-37.8156051,144.9568708,1,,"{""type"":""Point"",""coordinates"":[144.9568708,-37.8156051]}",OpenStreetMap,osm:node/11839662324
337,square,South Court,-37.7973073,144.961087,1,,"{""type"":""Point"",""coordinates"":[144.961087,-37.7973073]}",OpenStreetMap,osm:node/12136918864
338,library,Rowden White Library (Levels 2 & 3),-37.7986236,144.963595,1,,"{""type"":""Point"",""coordinates"":[144.963595,-37.7986236]}",OpenStreetMap,osm:node/12139119955
339,library,Law Library Victoria,-37.8141788,144.9583428,1,,"{""type"":""Point"",""coordinates"":[144.9583428,-37.8141788]}",OpenStreetMap,osm:node/13108482020
340,library,Unnamed library 13516213695,-37.8076489,144.9788193,1,,"{""type"":""Point"",""coordinates"":[144.9788193,-37.8076489]}",OpenStreetMap,osm:node/13516213695
341,library,RMIT University Brunswick Library,-37.7722721,144.957646,1,,"{""type"":""Point"",""coordinates"":[144.957646,-37.7722721]}",OpenStreetMap,osm:node/13602130824
342,library,Giblin Eunson Library,-37.8011727,144.9593581,1,,"{""type"":""Point"",""coordinates"":[144.9593581,-37.8011727]}",OpenStreetMap,osm:node/1877451237
343,library,Southbank Library at Boyd,-37.8255777,144.9612198,1,,"{""type"":""Point"",""coordinates"":[144.9612198,-37.8255777]}",OpenStreetMap,osm:node/2341544335
344,library,Unnamed library 2395180465,-37.7932678,144.9013832,1,,"{""type"":""Point"",""coordinates"":[144.9013832,-37.7932678]}",OpenStreetMap,osm:node/2395180465
345,library,RMIT Swanston Library,-37.8081589,144.9639444,1,,"{""type"":""Point"",""coordinates"":[144.9639444,-37.8081589]}",OpenStreetMap,osm:node/291209938
346,library,RMIT Carlton Library,-37.8059656,144.9640939,1,,"{""type"":""Point"",""coordinates"":[144.9640939,-37.8059656]}",OpenStreetMap,osm:node/291210350
347,library,Flemington Library,-37.7884252,144.9305058,1,,"{""type"":""Point"",""coordinates"":[144.9305058,-37.7884252]}",OpenStreetMap,osm:node/3362954425
348,library,City Library,-37.8169458,144.9659025,1,,"{""type"":""Point"",""coordinates"":[144.9659025,-37.8169458]}",OpenStreetMap,osm:node/338857834
349,library,Collingwood Toy Library,-37.7973804,144.9958633,1,,"{""type"":""Point"",""coordinates"":[144.9958633,-37.7973804]}",OpenStreetMap,osm:node/3496239173
350,library,Port Melbourne Library,-37.835771,144.944496,1,,"{""type"":""Point"",""coordinates"":[144.944496,-37.835771]}",OpenStreetMap,osm:node/3662194228
351,library,Southbank Library,-37.8245882,144.9692009,1,,"{""type"":""Point"",""coordinates"":[144.9692009,-37.8245882]}",OpenStreetMap,osm:node/367779718
352,library,Fitzroy Library,-37.8019122,144.9796333,1,,"{""type"":""Point"",""coordinates"":[144.9796333,-37.8019122]}",OpenStreetMap,osm:node/368380056
353,library,North Melbourne Library,-37.803565,144.949759,1,,"{""type"":""Point"",""coordinates"":[144.949759,-37.803565]}",OpenStreetMap,osm:node/4740634803
354,library,Toorak/South Yarra Library,-37.8402252,144.9994218,1,,"{""type"":""Point"",""coordinates"":[144.9994218,-37.8402252]}",OpenStreetMap,osm:node/513057273
355,library,Prahran Library,-37.8496416,144.9931092,1,,"{""type"":""Point"",""coordinates"":[144.9931092,-37.8496416]}",OpenStreetMap,osm:node/537391493
356,library,Christian Science Reading Room,-37.830484,144.97086,1,,"{""type"":""Point"",""coordinates"":[144.97086,-37.830484]}",OpenStreetMap,osm:node/582730921
357,library,Emerald Hill Library,-37.8347011,144.9603726,1,,"{""type"":""Point"",""coordinates"":[144.9603726,-37.8347011]}",OpenStreetMap,osm:node/583474524
358,library,Dalton McCaughey Library,-37.7929792,144.9617348,1,,"{""type"":""Point"",""coordinates"":[144.9617348,-37.7929792]}",OpenStreetMap,osm:node/6273107872
359,library,1 John Street Little Library,-37.7769637,144.9758697,1,,"{""type"":""Point"",""coordinates"":[144.9758697,-37.7769637]}",OpenStreetMap,osm:node/7972535387
360,library,Middle Park Library,-37.8498967,144.9621219,1,,"{""type"":""Point"",""coordinates"":[144.9621219,-37.8498967]}",OpenStreetMap,osm:node/8069815610
361,park,Coode Island Reserve,-37.81929437407408,144.9077624777778,1,5755.8,"{""type"":""Polygon"",""coordinates"":[[[144.9070705,-37.8186154],[144.9071508,-37.8186046],[144.9071977,-37.8188234],[144.9072024,-37.8188689],[144.9072125,-37.8189097],[144.9072332,-37.8189606],[144.9072762,-37.8190151],[144.9073365,-37.8190575],[144.9074344,-37.8190856],[144.9074793,-37.8191078],[144.9075223,-37.8191476],[144.9075345,-37.8191609],[144.9074386,-37.8192096],[144.9075524,-37.8193503],[144.9076739,-37.8192848],[144.9077006,-37.8193038],[144.907708,-37.8193102],[144.9077174,-37.8193155],[144.9077321,-37.8193218],[144.9077549,-37.8193298],[144.9077757,-37.8193345],[144.9078005,-37.8193372],[144.9078206,-37.8193398],[144.9078502,-37.8193388],[144.9078729,-37.8193367],[144.9078951,-37.8193319],[144.9079165,-37.819325],[144.9079306,-37.8193186],[144.9079554,-37.8193086],[144.9079729,-37.8192975],[144.9079916,-37.8192821],[144.9080131,-37.819262],[144.9081157,-37.8191619],[144.9081251,-37.819155],[144.9081425,-37.8191444],[144.9081586,-37.8191343],[144.9081358,-37.8195936],[144.9089139,-37.819743],[144.9089508,-37.8198416],[144.908843,-37.8198695],[144.9086549,-37.8199076],[144.9084963,-37.8199324],[144.9083589,-37.8199445],[144.9081813,-37.8199334],[144.908036,-37.819904],[144.9078988,-37.8198598],[144.9077783,-37.8197873],[144.9076859,-37.819699],[144.9072454,-37.8190997],[144.9072186,-37.8190787],[144.9071906,-37.8190522],[144.9071405,-37.8189734],[144.9071091,-37.8188699],[144.9070705,-37.8186154]]]}",OpenStreetMap,osm:way/1005423694
362,park,Unnamed park 1009050270,-37.7919378,144.92098121818182,1,2004.4,"{""type"":""Polygon"",""coordinates"":[[[144.9212699,-37.7915629],[144.9214972,-37.7917887],[144.9209553,-37.792122],[144.9209464,-37.7921136],[144.9208786,-37.7921558],[144.920798,-37.7920727],[144.9207981,-37.7920665],[144.9208423,-37.7920381],[144.92076,-37.7919539],[144.9207777,-37.7918787],[144.9212699,-37.7915629]]]}",OpenStreetMap,osm:way/1009050270
363,park,Canterbury Road Light Rail Linear Reserve,-37.8507329,144.96680904545454,1,11525.8,"{""type"":""Polygon"",""coordinates"":[[[144.9708297,-37.8540472],[144.9710167,-37.8538957],[144.9697129,-37.8529302],[144.9690357,-37.8524342],[144.9679856,-37.8516723],[144.9672268,-37.8510943],[144.9665671,-37.8505679],[144.9660881,-37.8501639],[144.965804,-37.8498994],[144.9657779,-37.8499178],[144.965396,-37.8495735],[144.965407,-37.8495658],[144.9654177,-37.8495582],[144.9647519,-37.8489652],[144.9647546,-37.8490049],[144.9648156,-37.8490896],[144.9651094,-37.8493793],[144.9650668,-37.8494154],[144.9652852,-37.8496118],[144.9662473,-37.8504713],[144.9666733,-37.8508187],[144.9708297,-37.8540472]]]}",OpenStreetMap,osm:way/1010839771
364,park,Unnamed park 1011400017,-37.82867225,145.00685965833333,1,866.8,"{""type"":""Polygon"",""coordinates"":[[[145.0068221,-37.8289007],[145.0068489,-37.8288558],[145.0068682,-37.8288062],[145.0069181,-37.8286444],[145.0068559,-37.8286346],[145.0070699,-37.8279918],[145.0069256,-37.8279804],[145.0067775,-37.8287558],[145.0067759,-37.8287922],[145.0068145,-37.8288986],[145.0068172,-37.8289058],[145.0068221,-37.8289007]]]}",OpenStreetMap,osm:way/1011400017
365,library,Prahran Square Library,-37.84774551428571,144.9926761642857,1,,"{""type"":""Polygon"",""coordinates"":[[[144.9924503,-37.8476404],[144.9925008,-37.8476765],[144.9925347,-37.8478327],[144.9925657,-37.8478371],[144.9925957,-37.8478413],[144.9926394,-37.8478134],[144.9926836,-37.8477851],[144.9928192,-37.847797],[144.9928609,-37.8478006],[144.9929514,-37.8477429],[144.9929714,-37.8477314],[144.992978,-37.8476833],[144.9924649,-37.8476151],[144.9924503,-37.8476404]]]}",OpenStreetMap,osm:way/1011952208
366,park,Albert Reserve,-37.84490151111111,144.97730514444444,1,32544.5,"{""type"":""Polygon"",""coordinates"":[[[144.976469,-37.8449801],[144.9769704,-37.846354],[144.9787506,-37.8459487],[144.9780959,-37.8442287],[144.9780673,-37.8442186],[144.9773139,-37.8443921],[144.9772791,-37.8443985],[144.9763311,-37.8446128],[144.976469,-37.8449801]]]}",OpenStreetMap,osm:way/1013638585
367,park,Unnamed park 1015757848,-37.79192888,144.9231844,1,608.2,"{""type"":""Polygon"",""coordinates"":[[[144.9233492,-37.7919185],[144.9230674,-37.7920864],[144.9229364,-37.7919465],[144.9232198,-37.7917745],[144.9233492,-37.7919185]]]}",OpenStreetMap,osm:way/1015757848
368,covered_walkway,Covered walkway 1017795082,-37.81997823333333,144.96720413333333,2,,"{""type"":""LineString"",""coordinates"":[[144.9671696,-37.8199573],[144.967176,-37.8199615],[144.9672668,-37.8200159]]}",OpenStreetMap,osm:way/1017795082
369,park,Unnamed park 1018924636,-37.84732689230769,144.9906911153846,1,547.5,"{""type"":""Polygon"",""coordinates"":[[[144.9908873,-37.8472721],[144.9908815,-37.847309],[144.9908771,-37.8473364],[144.9908672,-37.8473993],[144.9908648,-37.8474111],[144.9908412,-37.8474083],[144.9904783,-37.8473624],[144.9904631,-37.847361],[144.9904661,-37.8473495],[144.9904824,-37.8472863],[144.9904895,-37.8472588],[144.9904987,-37.8472233],[144.9908873,-37.8472721]]]}",OpenStreetMap,osm:way/1018924636
370,covered_walkway,Covered walkway 1019024022,-37.84287663333333,144.9316229,2,,"{""type"":""LineString"",""coordinates"":[[144.9317191,-37.8425802],[144.9316842,-37.8426876],[144.9316357,-37.8428138],[144.9316127,-37.842895],[144.9315642,-37.8430663],[144.9315215,-37.8432169]]}",OpenStreetMap,osm:way/1019024022
371,park,Morris Reserve,-37.83695037333334,144.93505793333333,1,5563.4,"{""type"":""Polygon"",""coordinates"":[[[144.9348257,-37.8361057],[144.9349746,-37.8360114],[144.9359576,-37.8371786],[144.935672,-37.8373205],[144.9354896,-37.8373555],[144.9353072,-37.8372834],[144.9350417,-37.8372284],[144.9347882,-37.8372167],[144.934579,-37.8372273],[144.934579,-37.8371987],[144.9346755,-37.8371394],[144.9347024,-37.837151],[144.9350269,-37.8369816],[144.9354239,-37.8367517],[144.9348257,-37.8361057]]]}",OpenStreetMap,osm:way/1019024053
372,park,Moubray Street Community Park and Community Garden,-37.84215146,144.95197116,1,1349.3,"{""type"":""Polygon"",""coordinates"":[[[144.9519294,-37.8423508],[144.9522218,-37.8422667],[144.9520368,-37.8418524],[144.9517384,-37.8419366],[144.9519294,-37.8423508]]]}",OpenStreetMap,osm:way/1019024060
373,park,Australis Circuit Reserve,-37.838047364,144.9344747,1,2748.7,"{""type"":""Polygon"",""coordinates"":[[[144.9341183,-37.8380185],[144.933946,-37.838117],[144.9338092,-37.8383097],[144.9341746,-37.838511],[144.9347037,-37.8381286],[144.9347352,-37.8381032],[144.9347453,-37.8380788],[144.934754,-37.838054],[144.934748,-37.8380354],[144.9347399,-37.8380095],[144.9347319,-37.8379888],[144.9347104,-37.8379698],[144.9346923,-37.8379586],[144.9346655,-37.8379465],[144.9346346,-37.8379385],[144.9346105,-37.837938],[144.9345723,-37.8379422],[144.9345307,-37.8379528],[144.9344905,-37.8379639],[144.9344341,-37.8379925],[144.9343906,-37.8380116],[144.9343476,-37.8380354],[144.9342518,-37.8380735],[144.9342122,-37.8380878],[144.9341183,-37.8380185]]]}",OpenStreetMap,osm:way/1019024063
374,park,Unnamed park 1019278275,-37.820716016666665,144.96259938333333,1,841.1,"{""type"":""Polygon"",""coordinates"":[[[144.9623061,-37.8207818],[144.962406,-37.8207048],[144.9630892,-37.8205485],[144.9631253,-37.82064],[144.9623636,-37.8208392],[144.9623061,-37.8207818]]]}",OpenStreetMap,osm:way/1019278275
375,park,Unnamed park 1021316273,-37.820519256,145.016216666,1,6738.9,"{""type"":""Polygon"",""coordinates"":[[[145.0162994,-37.820136],[145.0164083,-37.8201597],[145.0164666,-37.8201773],[145.0165661,-37.8202099],[145.0166291,-37.8202288],[145.0167017,-37.82026],[145.0168071,-37.8203162],[145.016931,-37.8203809],[145.0170837,-37.8204555],[145.0172113,-37.8205047],[145.0172112,-37.8205484],[145.0169982,-37.8205177],[145.0166751,-37.8204711],[145.0165659,-37.8204527],[145.0165002,-37.8206645],[145.0164568,-37.8208043],[145.016422,-37.8209164],[145.0164314,-37.821024],[145.0164249,-37.8211451],[145.0161767,-37.8211134],[145.015858,-37.8211378],[145.0158275,-37.8210164],[145.0159597,-37.8210177],[145.015961,-37.8209781],[145.016174,-37.8209899],[145.0161881,-37.8208616],[145.0162075,-37.8206874],[145.0161341,-37.8206797],[145.0161396,-37.8206162],[145.0160031,-37.8205991],[145.0159979,-37.8205428],[145.015935,-37.8204102],[145.0158608,-37.8204021],[145.0157415,-37.8204077],[145.0157899,-37.8205152],[145.015853,-37.820632],[145.015849,-37.8206542],[145.0158287,-37.8206515],[145.0157554,-37.8205409],[145.0156856,-37.8204412],[145.0155985,-37.8204228],[145.0155595,-37.8203245],[145.0154955,-37.8201634],[145.0158518,-37.8201041],[145.0158992,-37.8201024],[145.0159795,-37.8201031],[145.0160671,-37.8201024],[145.0161462,-37.8201113],[145.0162205,-37.8201245],[145.0162994,-37.820136]]]}",OpenStreetMap,osm:way/1021316273
376,covered_walkway,Covered walkway 1021531559,-37.8241729,144.95044865,2,,"{""type"":""LineString"",""coordinates"":[[144.9504455,-37.8242476],[144.9504518,-37.8240982]]}",OpenStreetMap,osm:way/1021531559
377,covered_walkway,Covered walkway 1021531562,-37.82417805,144.95074069999998,2,,"{""type"":""LineString"",""coordinates"":[[144.9507438,-37.8241035],[144.9507376,-37.8242526]]}",OpenStreetMap,osm:way/1021531562
378,covered_walkway,Covered walkway 1021617862,-37.8430987,144.96194244999998,2,,"{""type"":""LineString"",""coordinates"":[[144.9619379,-37.8431629],[144.9619335,-37.8431366],[144.9619415,-37.8430778],[144.9619569,-37.8430175]]}",OpenStreetMap,osm:way/1021617862
379,park,Picken Lawn,-37.79335956774193,144.96008567096774,1,2121.6,"{""type"":""Polygon"",""coordinates"":[[[144.960313,-37.7931562],[144.9602178,-37.7931668],[144.9601226,-37.7931721],[144.960077,-37.7931646],[144.9599737,-37.7931593],[144.9598504,-37.7931816],[144.9597766,-37.7932187],[144.9596921,-37.7932674],[144.9595875,-37.7933098],[144.9596465,-37.793384],[144.9596908,-37.7933978],[144.9597345,-37.7934263],[144.9597905,-37.7934495],[144.9598646,-37.7934759],[144.9599277,-37.793499],[144.9600003,-37.7935251],[144.9600931,-37.7935457],[144.9601532,-37.7935498],[144.9602167,-37.7935456],[144.9602609,-37.7935398],[144.9603033,-37.7935347],[144.960348,-37.7935275],[144.9604034,-37.7935174],[144.9603895,-37.7934783],[144.9603546,-37.7934264],[144.9603291,-37.7933702],[144.9603077,-37.7933215],[144.9602943,-37.7932727],[144.9603023,-37.7932251],[144.9603211,-37.7931816],[144.960313,-37.7931562]]]}",OpenStreetMap,osm:way/1030920902
380,park,Warun Biik,-37.7964120483871,144.92592722580648,1,4589.8,"{""type"":""Polygon"",""coordinates"":[[[144.9268113,-37.7973397],[144.9268439,-37.7971252],[144.9266634,-37.7969296],[144.9267461,-37.7967661],[144.9265176,-37.7965205],[144.9263664,-37.7965991],[144.9263475,-37.7966024],[144.92633,-37.7966015],[144.9263145,-37.7965981],[144.9262965,-37.7965889],[144.9259235,-37.7962195],[144.9257652,-37.7961581],[144.9255702,-37.7960372],[144.9255289,-37.7960083],[144.9254034,-37.7959352],[144.9253886,-37.7959335],[144.9251738,-37.7957034],[144.924974,-37.7958285],[144.9251001,-37.7959599],[144.9251322,-37.7959663],[144.9252033,-37.7960479],[144.9253415,-37.7960203],[144.9254957,-37.7961273],[144.9256794,-37.7962375],[144.9258108,-37.7963774],[144.9258122,-37.7965205],[144.9258913,-37.7965788],[144.9260147,-37.7966191],[144.9261475,-37.7966784],[144.9263392,-37.7968056],[144.9268113,-37.7973397]]]}",OpenStreetMap,osm:way/1041338555
381,covered_walkway,Covered walkway 1047791209,-37.84529225,144.98119245,2,,"{""type"":""LineString"",""coordinates"":[[144.9815513,-37.8453388],[144.9811809,-37.8452903],[144.9810405,-37.8452727],[144.9809971,-37.8452672]]}",OpenStreetMap,osm:way/1047791209
382,square,Unnamed square 1049748126,-37.79623663181818,144.92661499318183,1,,"{""type"":""Polygon"",""coordinates"":[[[144.9268546,-37.7963001],[144.9268962,-37.7962765],[144.9269362,-37.7962533],[144.9269068,-37.7962215],[144.9268668,-37.7961779],[144.9267929,-37.7962248],[144.9267526,-37.7962296],[144.9267168,-37.7962193],[144.9266873,-37.796206],[144.9266369,-37.7961528],[144.9266326,-37.7961483],[144.9266272,-37.7961507],[144.9265176,-37.7960346],[144.9265134,-37.796037],[144.9264457,-37.7960756],[144.9264405,-37.7960786],[144.9264972,-37.7961411],[144.9264807,-37.7961491],[144.9264562,-37.7961687],[144.9264381,-37.7961904],[144.9264301,-37.7962177],[144.9264307,-37.7962291],[144.9264311,-37.7962378],[144.9264375,-37.7962738],[144.9264583,-37.7963189],[144.9264874,-37.7963499],[144.9265159,-37.7963652],[144.9265468,-37.7963769],[144.9265662,-37.7963978],[144.9265745,-37.7963929],[144.9265871,-37.7963853],[144.9266101,-37.7963716],[144.9265428,-37.7963017],[144.9265531,-37.7962919],[144.9265521,-37.7962736],[144.9265444,-37.7962537],[144.9265283,-37.7962381],[144.9266329,-37.7961764],[144.9266762,-37.7962235],[144.9267,-37.7962399],[144.9267339,-37.7962553],[144.9267671,-37.796258],[144.9268023,-37.7962468],[144.9268546,-37.7963001]]]}",OpenStreetMap,osm:way/1049748126
383,covered_walkway,Wren Lane,-37.81144855,144.94590655000002,2,,"{""type"":""LineString"",""coordinates"":[[144.9459825,-37.8115276],[144.9458306,-37.8113695]]}",OpenStreetMap,osm:way/1056567663
384,park,Unnamed park 1058416320,-37.8255046875,144.96331550625,1,2203.8,"{""type"":""Polygon"",""coordinates"":[[[144.963289,-37.8256576],[144.9632269,-37.82563],[144.9632523,-37.8255965],[144.9632847,-37.8255728],[144.96325,-37.825546],[144.9632261,-37.8255801],[144.963183,-37.8256105],[144.9630615,-37.8255581],[144.9629117,-37.8254936],[144.9634244,-37.8250481],[144.9635138,-37.8251688],[144.9636732,-37.8253635],[144.9635998,-37.8253978],[144.9634624,-37.8255752],[144.9634003,-37.8256188],[144.963289,-37.8256576]]]}",OpenStreetMap,osm:way/1058416320
385,park,Temple Park,-37.77437402857144,144.95324627142855,1,11004.9,"{""type"":""Polygon"",""coordinates"":[[[144.9526182,-37.7738785],[144.9541117,-37.7740846],[144.9539991,-37.7746519],[144.953478,-37.7745841],[144.9534396,-37.774824],[144.9524591,-37.7747166],[144.9526182,-37.7738785]]]}",OpenStreetMap,osm:way/10629894
386,covered_walkway,Tannery Walk,-37.8002049,144.90722808333334,2,,"{""type"":""LineString"",""coordinates"":[[144.9064709,-37.8001204],[144.9065717,-37.8001317],[144.9065952,-37.8001343],[144.9078708,-37.8002766],[144.9078862,-37.8002783],[144.9079737,-37.8002881]]}",OpenStreetMap,osm:way/1064503940
387,park,Alma Park West,-37.85987450333334,144.99406583,1,53220.1,"{""type"":""Polygon"",""coordinates"":[[[144.9947918,-37.8617621],[144.9926372,-37.8615018],[144.992738,-37.8609436],[144.9928025,-37.8605867],[144.9929919,-37.8595377],[144.9930738,-37.8590838],[144.9931165,-37.8588619],[144.9932283,-37.8582584],[144.9932257,-37.8581156],[144.9934427,-37.8581425],[144.9935785,-37.8581682],[144.9937467,-37.8582018],[144.9940278,-37.8586479],[144.9941326,-37.8588141],[144.9942213,-37.858969],[144.9943219,-37.8591528],[144.9944169,-37.8593567],[144.9944449,-37.8594265],[144.9945386,-37.8596729],[144.994638,-37.8599307],[144.9946932,-37.8601624],[144.994738,-37.8603755],[144.994757,-37.8604934],[144.994786,-37.860678],[144.9947939,-37.8607395],[144.9948156,-37.8609169],[144.9948325,-37.8611119],[144.99483,-37.8613354],[144.9948213,-37.8615253],[144.9947918,-37.8617621]]]}",OpenStreetMap,osm:way/106603845
388,park,Douglas Reserve,-37.77652828,144.97431672,1,1744.9,"{""type"":""Polygon"",""coordinates"":[[[144.9742185,-37.7763094],[144.9745623,-37.776347],[144.9744634,-37.7768564],[144.9741209,-37.7768192],[144.9742185,-37.7763094]]]}",OpenStreetMap,osm:way/107935936
389,park,Aggipulla Park,-37.774847,144.95903867777778,1,788.9,"{""type"":""Polygon"",""coordinates"":[[[144.9591814,-37.7744948],[144.9590685,-37.7750852],[144.9590522,-37.7750828],[144.9589179,-37.7751116],[144.9589515,-37.7750465],[144.9589806,-37.7749364],[144.9589849,-37.7748935],[144.9590297,-37.7744774],[144.9591814,-37.7744948]]]}",OpenStreetMap,osm:way/1089967777
390,park,Mounting Yard,-37.7888816875,144.9079611,1,1946.5,"{""type"":""Polygon"",""coordinates"":[[[144.9075366,-37.7888304],[144.9076537,-37.7890392],[144.9076684,-37.7890563],[144.9076953,-37.7890703],[144.9077176,-37.7890733],[144.9077377,-37.7890691],[144.9083054,-37.7889096],[144.9083323,-37.7888895],[144.9083416,-37.7888609],[144.9083346,-37.7888231],[144.9083277,-37.7887945],[144.9082815,-37.7887197],[144.908243,-37.7886539],[144.9078417,-37.7887629],[144.9078239,-37.7887239],[144.9075366,-37.7888304]]]}",OpenStreetMap,osm:way/1090140273
391,park,Fleming Park,-37.769293266666665,144.97619238333334,1,43868.8,"{""type"":""Polygon"",""coordinates"":[[[144.9747885,-37.7684549],[144.974783,-37.7684828],[144.9747312,-37.7687836],[144.9744922,-37.7701383],[144.9773919,-37.7704528],[144.9774602,-37.7700418],[144.9773078,-37.7700302],[144.9773452,-37.7696639],[144.9770603,-37.7696338],[144.9772159,-37.7687051],[144.9769439,-37.7686771],[144.9747885,-37.7684549]]]}",OpenStreetMap,osm:way/10937073
392,square,Federation Square,-37.81823030357143,144.96943942857143,1,,"{""type"":""Polygon"",""coordinates"":[[[144.9677676,-37.8178389],[144.9678244,-37.8179414],[144.968074,-37.8184449],[144.9681124,-37.8185427],[144.9681436,-37.8186177],[144.9681671,-37.8186736],[144.968207,-37.8187206],[144.9682127,-37.8187282],[144.9682155,-37.8187229],[144.9682192,-37.8187196],[144.9682258,-37.818717],[144.9682365,-37.8187152],[144.9683291,-37.8187096],[144.9683301,-37.818717],[144.9683646,-37.8187154],[144.9683638,-37.8187082],[144.9683785,-37.8187072],[144.9683774,-37.8186983],[144.9683766,-37.8186921],[144.9684433,-37.8186905],[144.9684545,-37.81869],[144.9684683,-37.8186895],[144.9700892,-37.8186197],[144.9700905,-37.8186333],[144.9700919,-37.8186481],[144.9702331,-37.8186439],[144.9702331,-37.8186308],[144.9702331,-37.8186008],[144.9703356,-37.8185532],[144.9704826,-37.8185701],[144.9704931,-37.8185498],[144.9707911,-37.8185664],[144.9709395,-37.8185618],[144.9709323,-37.8184478],[144.9709278,-37.8183826],[144.9709039,-37.8180404],[144.9708465,-37.8180571],[144.9707805,-37.8180762],[144.9707071,-37.8179148],[144.970687,-37.8178708],[144.9706711,-37.8178418],[144.9706828,-37.8178383],[144.9706304,-37.8177854],[144.9706164,-37.8177897],[144.9706041,-37.8177725],[144.9705602,-37.8177068],[144.9704961,-37.8176123],[144.9703572,-37.8173082],[144.9703459,-37.8172835],[144.9703356,-37.8172611],[144.9701537,-37.8168628],[144.9701581,-37.8168029],[144.9683012,-37.8173983],[144.9681664,-37.8174393],[144.9676713,-37.8175871],[144.9677676,-37.8178389]]]}",OpenStreetMap,osm:way/1098427843
393,park,Balfe Park,-37.77446563333333,144.97742522666667,1,14576.3,"{""type"":""Polygon"",""coordinates"":[[[144.9783398,-37.7741124],[144.9781504,-37.7752509],[144.977666,-37.7751968],[144.9775777,-37.775187],[144.9771973,-37.7751447],[144.9772913,-37.7745838],[144.9772774,-37.7745822],[144.9770043,-37.7745521],[144.9765409,-37.774501],[144.9766235,-37.7740404],[144.9772513,-37.7741104],[144.9773077,-37.7737944],[144.9774233,-37.7738072],[144.9773877,-37.7740088],[144.9783398,-37.7741124]]]}",OpenStreetMap,osm:way/11182590
394,park,Curtain Square,-37.7892891,144.97312767272726,1,14009.1,"{""type"":""Polygon"",""coordinates"":[[[144.9720776,-37.7896393],[144.9721426,-37.7892617],[144.9721994,-37.788932],[144.9731671,-37.7890361],[144.9731989,-37.7890395],[144.9734443,-37.7890659],[144.9737065,-37.7890941],[144.9741895,-37.789146],[144.9741332,-37.7894728],[144.9740677,-37.7898534],[144.9720776,-37.7896393]]]}",OpenStreetMap,osm:way/11188039
395,park,Unnamed park 1119097606,-37.817402441666665,144.989006,1,891.3,"{""type"":""Polygon"",""coordinates"":[[[144.988869,-37.8172805],[144.9896978,-37.8175659],[144.9896955,-37.8175726],[144.9889206,-37.8174977],[144.9888983,-37.817457],[144.9888775,-37.8174247],[144.9888606,-37.817404],[144.9888367,-37.8173791],[144.9888405,-37.8173486],[144.9888467,-37.81732],[144.9888598,-37.8172987],[144.988869,-37.8172805]]]}",OpenStreetMap,osm:way/1119097606
396,covered_walkway,Covered walkway 1124414010,-37.8352401,145.023982225,2,,"{""type"":""LineString"",""coordinates"":[[145.0237115,-37.8350253],[145.024068,-37.8352726],[145.0241084,-37.8353007],[145.024041,-37.8353618]]}",OpenStreetMap,osm:way/1124414010
397,park,Unnamed park 1124519398,-37.84565162727272,144.99636551818182,1,2063.3,"{""type"":""Polygon"",""coordinates"":[[[144.9963272,-37.8459576],[144.9964207,-37.8459576],[144.9964741,-37.8458323],[144.9966755,-37.8453592],[144.996605,-37.8453449],[144.9965314,-37.8453556],[144.9961497,-37.8454113],[144.9959967,-37.84551],[144.996246,-37.8457289],[144.9962672,-37.8457529],[144.9963272,-37.8459576]]]}",OpenStreetMap,osm:way/1124519398
398,park,Unnamed park 1124519401,-37.846039915384615,144.99586534615383,1,664.4,"{""type"":""Polygon"",""coordinates"":[[[144.9960709,-37.846112],[144.9956989,-37.8462167],[144.9956981,-37.8461646],[144.995708,-37.8460863],[144.9957269,-37.846024],[144.9957444,-37.8459899],[144.9957747,-37.845972],[144.9958315,-37.8459534],[144.9959171,-37.8459337],[144.9959671,-37.8459546],[144.996008,-37.845981],[144.996033,-37.8460187],[144.9960709,-37.846112]]]}",OpenStreetMap,osm:way/1124519401
399,park,Royal Park,-37.78744096167664,144.9493833952096,1,2033027.9,"{""type"":""Polygon"",""coordinates"":[[[144.9569064,-37.784659],[144.9568446,-37.785865],[144.9569344,-37.7875709],[144.9573171,-37.7897775],[144.9575725,-37.791172],[144.9579708,-37.7918696],[144.9581332,-37.792016],[144.9581035,-37.7923963],[144.9577634,-37.7923947],[144.9572437,-37.7924737],[144.9558768,-37.7928177],[144.9553479,-37.7932421],[144.9548242,-37.7936514],[144.9548057,-37.7936658],[144.9545384,-37.7938797],[144.9545318,-37.7938866],[144.9545308,-37.7938922],[144.954531,-37.7939075],[144.9545287,-37.7939144],[144.9545216,-37.7939207],[144.9544146,-37.7939753],[144.9543941,-37.7939884],[144.9543768,-37.7940015],[144.9543479,-37.7940264],[144.9543365,-37.7940377],[144.9543225,-37.7940517],[144.9543051,-37.7940672],[144.9541619,-37.7941766],[144.9538081,-37.7944514],[144.9538027,-37.7944844],[144.9537449,-37.7945324],[144.953724,-37.7945541],[144.9536996,-37.7945772],[144.9536753,-37.7945966],[144.9536411,-37.7946208],[144.9536026,-37.7946432],[144.9535508,-37.7946826],[144.9535453,-37.7946849],[144.9535235,-37.7946839],[144.9535146,-37.7946857],[144.9535061,-37.7946897],[144.9533663,-37.7947963],[144.9531965,-37.7949318],[144.9529867,-37.7950919],[144.9529685,-37.7951072],[144.9529495,-37.7951273],[144.9529319,-37.7951486],[144.9529083,-37.7951817],[144.9528913,-37.7952034],[144.9528857,-37.7952058],[144.9528503,-37.7952087],[144.9526438,-37.7953644],[144.9525934,-37.795326],[144.9524957,-37.7953974],[144.9506668,-37.7938245],[144.9502703,-37.7938038],[144.9502694,-37.7930335],[144.9502696,-37.7929375],[144.9502873,-37.7929053],[144.9503337,-37.7928774],[144.950317,-37.792851],[144.9503272,-37.7928314],[144.9503359,-37.7928277],[144.9503573,-37.7928186],[144.9504348,-37.7922714],[144.9491192,-37.7922719],[144.9491196,-37.79281],[144.9484431,-37.7928103],[144.9484618,-37.7931118],[144.9484593,-37.7937595],[144.9484462,-37.7937935],[144.948315,-37.7938973],[144.9428023,-37.7894955],[144.942662,-37.789312],[144.9433259,-37.7885223],[144.9433302,-37.7883818],[144.9434036,-37.7882781],[144.9435578,-37.7883948],[144.943907,-37.7881191],[144.9439451,-37.7880963],[144.9438786,-37.7880255],[144.942732,-37.7868244],[144.9421311,-37.7871605],[144.9420797,-37.7868765],[144.9420398,-37.786656],[144.9422836,-37.7865081],[144.9423768,-37.7864359],[144.9423059,-37.7863427],[144.9422237,-37.7863706],[144.9421,-37.7859836],[144.9419612,-37.7856012],[144.9418914,-37.7855811],[144.9418348,-37.7853629],[144.9417422,-37.7847911],[144.9417343,-37.7847423],[144.9417213,-37.7846622],[144.9416514,-37.7842302],[144.9416506,-37.7842255],[144.941629,-37.784092],[144.9416156,-37.7840092],[144.9414827,-37.7840082],[144.9414061,-37.7840072],[144.9407463,-37.7833861],[144.9405517,-37.7834783],[144.9402303,-37.7836306],[144.9401321,-37.7837422],[144.9400543,-37.7840814],[144.9400248,-37.7838185],[144.9400463,-37.7836426],[144.940146,-37.7835078],[144.9402527,-37.7833636],[144.940292,-37.7833105],[144.9403192,-37.7831185],[144.9400399,-37.782293],[144.9399202,-37.7817732],[144.940066,-37.7817399],[144.9406908,-37.7817663],[144.9409358,-37.7816761],[144.9410709,-37.7816542],[144.9417763,-37.7821714],[144.9420227,-37.7816979],[144.9421718,-37.7817113],[144.9427995,-37.781635],[144.9429161,-37.7816358],[144.9433152,-37.7816385],[144.9435769,-37.7816402],[144.9441006,-37.7816438],[144.944607,-37.7816608],[144.9446464,-37.7816559],[144.944861,-37.7816398],[144.9456436,-37.7815613],[144.9457405,-37.7815515],[144.9458346,-37.7815421],[144.945905,-37.7815635],[144.9459773,-37.7815855],[144.9461867,-37.7816493],[144.9471545,-37.7819439],[144.947668,-37.7819578],[144.948397,-37.781545],[144.948564,-37.7814669],[144.9489539,-37.7795231],[144.9490225,-37.7792894],[144.9493712,-37.7772829],[144.9494575,-37.7768661],[144.9521367,-37.7772089],[144.9532356,-37.7773373],[144.9533773,-37.7773538],[144.954368,-37.7774665],[144.9574117,-37.7778254],[144.9579687,-37.7778911],[144.9581307,-37.7779111],[144.9581292,-37.7779176],[144.9582141,-37.7779282],[144.9595055,-37.7781],[144.9596009,-37.7781324],[144.9596104,-37.7782041],[144.9588269,-37.7790436],[144.9581638,-37.7796972],[144.957833,-37.7801923],[144.9575735,-37.7807981],[144.9572613,-37.7817676],[144.956928,-37.7843317],[144.95687,-37.7844184],[144.9568867,-37.7844945],[144.9568869,-37.7845091],[144.956881,-37.784603],[144.9569064,-37.784659]]]}",OpenStreetMap,osm:way/112653660
400,covered_walkway,Covered walkway 113112486,-37.79707128333333,144.96533253333334,2,,"{""type"":""LineString"",""coordinates"":[[144.9655736,-37.7970775],[144.9655598,-37.7970878],[144.9655378,-37.7970945],[144.9655092,-37.7970965],[144.964996,-37.7970437],[144.9648188,-37.7970277]]}",OpenStreetMap,osm:way/113112486
401,park,Carlton Housing Estate,-37.79494330625,144.969667653125,1,40262.3,"{""type"":""Polygon"",""coordinates"":[[[144.9707457,-37.7950608],[144.9704033,-37.7950245],[144.9696408,-37.7953707],[144.9695195,-37.7954337],[144.9695013,-37.7955683],[144.9694904,-37.795606],[144.9694222,-37.7960251],[144.9693413,-37.7960167],[144.9693292,-37.7960191],[144.9690619,-37.7959903],[144.9688828,-37.7959714],[144.9688517,-37.7959682],[144.9684945,-37.7959302],[144.9679641,-37.7958725],[144.9681851,-37.7944809],[144.9682125,-37.7943248],[144.9683201,-37.7937108],[144.9694502,-37.7938328],[144.9693937,-37.7941604],[144.9697374,-37.7941986],[144.9697512,-37.7941302],[144.9700377,-37.7941622],[144.9702797,-37.7941893],[144.9702819,-37.7944724],[144.9702824,-37.7945408],[144.9703014,-37.7945401],[144.9706297,-37.7944037],[144.970629,-37.7943563],[144.970864,-37.7943822],[144.97083,-37.7945573],[144.9707845,-37.7948247],[144.9707457,-37.7950608]]]}",OpenStreetMap,osm:way/113543952
402,park,H. W. Foletta Park,-37.7721817,144.96524472000002,1,791.6,"{""type"":""Polygon"",""coordinates"":[[[144.9653838,-37.7720897],[144.9650785,-37.7720587],[144.9650361,-37.7723197],[144.9653414,-37.7723507],[144.9653838,-37.7720897]]]}",OpenStreetMap,osm:way/114768927
403,covered_walkway,Covered walkway 1153128719,-37.79770425,144.96116265,2,,"{""type"":""LineString"",""coordinates"":[[144.9611136,-37.7976988],[144.9612117,-37.7977097]]}",OpenStreetMap,osm:way/1153128719
404,covered_walkway,Covered walkway 1153128721,-37.79765795,144.9607494,2,,"{""type"":""LineString"",""coordinates"":[[144.9608148,-37.7976653],[144.960684,-37.7976506]]}",OpenStreetMap,osm:way/1153128721
405,park,Unnamed park 1155959648,-37.79873533999999,144.96093678,1,858.5,"{""type"":""Polygon"",""coordinates"":[[[144.9610463,-37.79857],[144.9608479,-37.7985486],[144.9607725,-37.7989833],[144.9609709,-37.7990048],[144.9610463,-37.79857]]]}",OpenStreetMap,osm:way/1155959648
406,covered_walkway,Covered walkway 1159871372,-37.81825006,144.96676996000002,2,,"{""type"":""LineString"",""coordinates"":[[144.9667524,-37.8182086],[144.9667655,-37.8182403],[144.9667704,-37.8182514],[144.9667754,-37.8182628],[144.9667861,-37.8182872]]}",OpenStreetMap,osm:way/1159871372
407,covered_walkway,Covered walkway 1159871373,-37.8184295,144.96684842,2,,"{""type"":""LineString"",""coordinates"":[[144.9668264,-37.8183789],[144.9668442,-37.8184194],[144.966849,-37.8184308],[144.9668538,-37.8184421],[144.9668687,-37.8184763]]}",OpenStreetMap,osm:way/1159871373
408,covered_walkway,Covered walkway 1159871374,-37.81857458,144.96691188,2,,"{""type"":""LineString"",""coordinates"":[[144.9668956,-37.8185328],[144.9669063,-37.8185615],[144.9669113,-37.8185738],[144.9669163,-37.8185859],[144.9669299,-37.8186189]]}",OpenStreetMap,osm:way/1159871374
409,covered_walkway,Covered walkway 1159871375,-37.81876786,144.96689206000002,2,,"{""type"":""LineString"",""coordinates"":[[144.9668794,-37.818728],[144.9668868,-37.8187545],[144.9668911,-37.8187669],[144.9668949,-37.8187777],[144.9669081,-37.8188122]]}",OpenStreetMap,osm:way/1159871375
410,covered_walkway,Yaglia-djerring Walk,-37.80010095,144.9644508,2,,"{""type"":""LineString"",""coordinates"":[[144.9642457,-37.8001663],[144.9646559,-37.8000356]]}",OpenStreetMap,osm:way/1164311895
411,park,Fisher Reserve,-37.77311253333333,144.98058088888888,1,3465.7,"{""type"":""Polygon"",""coordinates"":[[[144.9802791,-37.7731538],[144.9802945,-37.7730152],[144.9807524,-37.7730633],[144.9808162,-37.7726585],[144.9810318,-37.772681],[144.9808879,-37.7735825],[144.9804146,-37.7735314],[144.9804724,-37.7731733],[144.9802791,-37.7731538]]]}",OpenStreetMap,osm:way/116560469
412,park,Westport Reserve,-37.83938894313726,144.9214624607843,1,27304.4,"{""type"":""Polygon"",""coordinates"":[[[144.9173717,-37.8393502],[144.9173743,-37.8393362],[144.9173838,-37.8393228],[144.9174003,-37.8393154],[144.9174328,-37.8393094],[144.9175739,-37.8392899],[144.9177112,-37.8392751],[144.9178765,-37.8392629],[144.9182307,-37.8392345],[144.9185781,-37.8392093],[144.9185949,-37.8392066],[144.9186089,-37.8391989],[144.9186151,-37.8391848],[144.9186249,-37.8391661],[144.9186344,-37.8391608],[144.9186463,-37.8391581],[144.9188726,-37.8391432],[144.919077,-37.839135],[144.919092,-37.8391365],[144.9191035,-37.8391421],[144.9191159,-37.8391582],[144.9191288,-37.8391725],[144.919142,-37.8391797],[144.9191599,-37.8391826],[144.9191839,-37.8391819],[144.9196263,-37.8391696],[144.9198457,-37.8391651],[144.9198568,-37.8391616],[144.9198626,-37.8391541],[144.9198824,-37.8391239],[144.9198923,-37.8391199],[144.9200571,-37.8391157],[144.9200672,-37.8391179],[144.9200742,-37.8391218],[144.920095,-37.8391473],[144.9201054,-37.8391545],[144.9201186,-37.8391579],[144.9201347,-37.8391583],[144.9203335,-37.8391543],[144.9204648,-37.8391524],[144.9204833,-37.8391507],[144.9204976,-37.839145],[144.9205159,-37.8391169],[144.9205262,-37.839111],[144.9205406,-37.8391092],[144.9209144,-37.8391172],[144.9209251,-37.8391206],[144.920932,-37.8391257],[144.9209501,-37.839155],[144.9209584,-37.8391611],[144.9209733,-37.8391635],[144.9212831,-37.8391712],[144.9212958,-37.8391686],[144.9213033,-37.8391631],[144.9213222,-37.8391354],[144.9213335,-37.8391299],[144.9213511,-37.8391276],[144.9216636,-37.8391356],[144.9216774,-37.83914],[144.9216849,-37.8391467],[144.9217026,-37.8391731],[144.921712,-37.8391787],[144.9217266,-37.8391828],[144.921751,-37.8391849],[144.9220079,-37.8391904],[144.9222912,-37.8391971],[144.9226533,-37.8392064],[144.9230576,-37.839217],[144.9233076,-37.839223],[144.9234636,-37.8392317],[144.923598,-37.8392399],[144.923744,-37.8392517],[144.9238768,-37.8392649],[144.9239952,-37.8392777],[144.9241597,-37.8393001],[144.9242921,-37.8393204],[144.9243644,-37.8393315],[144.9243728,-37.8393298],[144.9244022,-37.8393129],[144.924427,-37.8393027],[144.9244475,-37.8392983],[144.9244689,-37.8392974],[144.9244881,-37.8392988],[144.9245192,-37.839301],[144.9245542,-37.8393017],[144.924595,-37.8392993],[144.9246097,-37.8392993],[144.9246277,-37.8393007],[144.9246454,-37.8393062],[144.924664,-37.8393152],[144.9246804,-37.8393304],[144.9246916,-37.8393464],[144.9247057,-37.8393733],[144.9247627,-37.8394671],[144.9247655,-37.8394789],[144.9247638,-37.8394939],[144.9247529,-37.8395102],[144.9247388,-37.8395231],[144.9247148,-37.8395329],[144.9246283,-37.8395646],[144.9245519,-37.8395962],[144.9244334,-37.8396488],[144.9243279,-37.8397058],[144.9242869,-37.8397314],[144.9242309,-37.8396792],[144.9240961,-37.8397639],[144.924139,-37.8398018],[144.924144,-37.8398124],[144.9241422,-37.8398215],[144.9241305,-37.8398299],[144.9240903,-37.8397957],[144.9240009,-37.839859],[144.924043,-37.8398972],[144.9240273,-37.8399086],[144.9240773,-37.8399532],[144.9241007,-37.8399343],[144.9241687,-37.8399821],[144.9241311,-37.8400075],[144.9240163,-37.8400914],[144.9239199,-37.8400541],[144.923827,-37.8400085],[144.9237518,-37.8399627],[144.9236532,-37.8398985],[144.9235644,-37.8398426],[144.9234885,-37.8398044],[144.9233969,-37.839765],[144.9229024,-37.8395486],[144.9228868,-37.8395448],[144.9228678,-37.839543],[144.9222513,-37.8395277],[144.9214374,-37.8395071],[144.9206772,-37.8394891],[144.9202898,-37.8394873],[144.9199787,-37.839484],[144.91972,-37.8394876],[144.9194804,-37.839492],[144.9192904,-37.8394992],[144.9191164,-37.8395121],[144.9188877,-37.8395279],[144.9186937,-37.8395437],[144.9184865,-37.8395723],[144.9183533,-37.8395936],[144.9182215,-37.8396128],[144.9180252,-37.8396315],[144.9178181,-37.8396476],[144.9177958,-37.8395027],[144.9174773,-37.839526],[144.9174842,-37.8395758],[144.9174496,-37.8395754],[144.9174284,-37.8395636],[144.9174108,-37.8395472],[144.9174024,-37.8395234],[144.9173717,-37.8393502]]]}",OpenStreetMap,osm:way/1168962132
413,covered_walkway,Covered walkway 1178505127,-37.84680936666667,144.99436166666666,2,,"{""type"":""LineString"",""coordinates"":[[144.9942314,-37.846791],[144.9942467,-37.8467929],[144.9946069,-37.8468442]]}",OpenStreetMap,osm:way/1178505127
414,covered_walkway,Covered walkway 1178505135,-37.846027750000005,144.994403375,2,,"{""type"":""LineString"",""coordinates"":[[144.9944712,-37.8457298],[144.9944148,-37.8459591],[144.9944129,-37.8459669],[144.9943146,-37.8464552]]}",OpenStreetMap,osm:way/1178505135
415,covered_walkway,Covered walkway 1178505142,-37.846733875,144.99252685,2,,"{""type"":""LineString"",""coordinates"":[[144.9924049,-37.8467222],[144.9924085,-37.8467236],[144.9924212,-37.8467154],[144.9928728,-37.8467743]]}",OpenStreetMap,osm:way/1178505142
416,covered_walkway,Covered walkway 1178505188,-37.8450704,144.981366,2,,"{""type"":""LineString"",""coordinates"":[[144.981636,-37.8451062],[144.981096,-37.8450346]]}",OpenStreetMap,osm:way/1178505188
417,library,Russian House Library,-37.800411475,144.98234134166668,1,,"{""type"":""Polygon"",""coordinates"":[[[144.9823881,-37.8003117],[144.9823811,-37.8003527],[144.9823728,-37.8004017],[144.9823619,-37.8004658],[144.9823348,-37.8004629],[144.9823249,-37.8005214],[144.9822925,-37.800518],[144.9822989,-37.8004809],[144.9823032,-37.8004554],[144.9823211,-37.8003501],[144.9823287,-37.8003054],[144.9823881,-37.8003117]]]}",OpenStreetMap,osm:way/1178557535
418,covered_walkway,Covered walkway 1187964849,-37.777284,144.9890040142857,2,,"{""type"":""LineString"",""coordinates"":[[144.9889139,-37.7772448],[144.988931,-37.7772493],[144.9889641,-37.7772605],[144.9889905,-37.7772717],[144.9890404,-37.7772972],[144.9890806,-37.7773226],[144.9891076,-37.7773419]]}",OpenStreetMap,osm:way/1187964849
419,covered_walkway,Covered walkway 1187974970,-37.817798100000005,144.9598952,2,,"{""type"":""LineString"",""coordinates"":[[144.9598676,-37.8177362],[144.9599228,-37.81786]]}",OpenStreetMap,osm:way/1187974970
420,covered_walkway,Covered walkway 1209648545,-37.85607986666667,144.9919485,2,,"{""type"":""LineString"",""coordinates"":[[144.9919398,-37.8561022],[144.9919276,-37.8560904],[144.9919781,-37.856047]]}",OpenStreetMap,osm:way/1209648545
421,covered_walkway,Covered walkway 1209648565,-37.85602911666667,144.99221061666665,2,,"{""type"":""LineString"",""coordinates"":[[144.9922451,-37.8560333],[144.992221,-37.8560302],[144.9922176,-37.8560298],[144.9922105,-37.8560292],[144.9922013,-37.856037],[144.9921682,-37.8560152]]}",OpenStreetMap,osm:way/1209648565
422,covered_walkway,Covered walkway 1209648570,-37.85605725,144.992178075,2,,"{""type"":""LineString"",""coordinates"":[[144.9922013,-37.856037],[144.9921856,-37.856051],[144.9921831,-37.8560532],[144.9921423,-37.8560878]]}",OpenStreetMap,osm:way/1209648570
423,park,Otter Street Pocket Park,-37.80072345,144.98424525,1,672.8,"{""type"":""Polygon"",""coordinates"":[[[144.9844443,-37.8006546],[144.9844122,-37.8008334],[144.9840692,-37.8007949],[144.9840347,-37.800791],[144.9840668,-37.8006122],[144.9844443,-37.8006546]]]}",OpenStreetMap,osm:way/1210452027
424,park,Carters Avenue Reserve,-37.84302760588236,145.00911019117646,1,926.8,"{""type"":""Polygon"",""coordinates"":[[[145.0095608,-37.8431826],[145.0095638,-37.8431672],[145.0095666,-37.8431527],[145.0095702,-37.8431341],[145.0095715,-37.8431275],[145.0095724,-37.8431229],[145.0095782,-37.8430926],[145.009077,-37.8430378],[145.0091035,-37.8428739],[145.008923,-37.8428555],[145.0089211,-37.8428694],[145.0088975,-37.8428673],[145.0088994,-37.8428531],[145.008844,-37.8428474],[145.0088412,-37.8428628],[145.0088353,-37.8428956],[145.0088205,-37.842894],[145.0088165,-37.842921],[145.0088212,-37.842939],[145.008838,-37.8429751],[145.0088608,-37.8430132],[145.0088862,-37.8430407],[145.0088946,-37.8430462],[145.0089038,-37.8430522],[145.0089131,-37.8430582],[145.0089413,-37.8430615],[145.0089718,-37.843065],[145.0089865,-37.8430667],[145.0090693,-37.8430762],[145.0090633,-37.843126],[145.0092687,-37.8431494],[145.0092987,-37.8431528],[145.0095059,-37.8431764],[145.0095608,-37.8431826]]]}",OpenStreetMap,osm:way/1212700231
425,covered_walkway,Covered walkway 1214703939,-37.83502506666667,145.02371166666666,2,,"{""type"":""LineString"",""coordinates"":[[145.0237014,-37.8350348],[145.0237115,-37.8350253],[145.0237221,-37.8350151]]}",OpenStreetMap,osm:way/1214703939
426,covered_walkway,Covered walkway 1214703949,-37.8352936,145.02411665,2,,"{""type"":""LineString"",""coordinates"":[[145.0241084,-37.8353007],[145.0241249,-37.8352865]]}",OpenStreetMap,osm:way/1214703949
427,covered_walkway,Covered walkway 1214703954,-37.835282250000006,145.02405705,2,,"{""type"":""LineString"",""coordinates"":[[145.024068,-37.8352726],[145.0240461,-37.8352919]]}",OpenStreetMap,osm:way/1214703954
428,covered_walkway,Covered walkway 1219410020,-37.82273166666667,144.9603356,2,,"{""type"":""LineString"",""coordinates"":[[144.9604018,-37.8227888],[144.9603427,-37.8227157],[144.9602623,-37.8226905]]}",OpenStreetMap,osm:way/1219410020
429,covered_walkway,Covered walkway 1219410023,-37.82202093333333,144.9606815,2,,"{""type"":""LineString"",""coordinates"":[[144.960668,-37.8220276],[144.9606807,-37.8220214],[144.9606958,-37.8220138]]}",OpenStreetMap,osm:way/1219410023
430,covered_walkway,Covered walkway 1219410024,-37.821850514285714,144.96062332857144,2,,"{""type"":""LineString"",""coordinates"":[[144.9608124,-37.8217026],[144.9605912,-37.8218155],[144.9605776,-37.8218279],[144.9605684,-37.8218408],[144.9605649,-37.8218635],[144.9605681,-37.8218819],[144.9606807,-37.8220214]]}",OpenStreetMap,osm:way/1219410024
431,park,Arthur Street Pocket Park,-37.841356015625,144.9933502375,1,1015.2,"{""type"":""Polygon"",""coordinates"":[[[144.9929623,-37.8412],[144.9929754,-37.8411312],[144.9929809,-37.8411282],[144.9929876,-37.8411307],[144.992995,-37.8411291],[144.9930016,-37.8411236],[144.9930403,-37.8411531],[144.9930144,-37.8411786],[144.9930813,-37.841221],[144.9931319,-37.8412533],[144.9931624,-37.8412244],[144.9931767,-37.841233],[144.9932677,-37.8412871],[144.9934398,-37.8413678],[144.9935339,-37.8414119],[144.9936235,-37.8414454],[144.9938213,-37.8415195],[144.9938726,-37.8415387],[144.9940144,-37.8415999],[144.9940643,-37.8416176],[144.993816,-37.8415974],[144.9938105,-37.8415969],[144.9937214,-37.8415668],[144.9936574,-37.8415725],[144.9936241,-37.8415755],[144.9934463,-37.8415542],[144.9933834,-37.8415466],[144.9934018,-37.8414436],[144.9933187,-37.8414097],[144.992959,-37.8412188],[144.9929594,-37.8412164],[144.9929623,-37.8412]]]}",OpenStreetMap,osm:way/1219641269
432,park,Fawkner Park,-37.8401548625,144.98300828125,1,408536.5,"{""type"":""Polygon"",""coordinates"":[[[144.9774585,-37.8372501],[144.9777082,-37.8373062],[144.9779715,-37.8373491],[144.9845628,-37.8382031],[144.9849978,-37.8382531],[144.9852164,-37.8382621],[144.9853838,-37.8382685],[144.9854929,-37.8382739],[144.9853694,-37.8388834],[144.9853449,-37.8390046],[144.9853372,-37.8390428],[144.9851054,-37.8401417],[144.9849605,-37.8408601],[144.9849535,-37.8408964],[144.9849355,-37.8409867],[144.9849061,-37.8409832],[144.984849,-37.841254],[144.9847665,-37.8412435],[144.9847571,-37.8412599],[144.984737,-37.8412774],[144.9847135,-37.841288],[144.9846826,-37.8412869],[144.9846769,-37.8413113],[144.9842051,-37.8435625],[144.9843369,-37.843727],[144.9840125,-37.8454075],[144.9802582,-37.8449095],[144.9791462,-37.8416106],[144.9783846,-37.8395408],[144.978078,-37.8387106],[144.977498,-37.837351],[144.9774585,-37.8372501]]]}",OpenStreetMap,osm:way/12273713
433,covered_walkway,Covered walkway 1228636534,-37.8387715,144.9865292,2,,"{""type"":""LineString"",""coordinates"":[[144.9865337,-37.8387487],[144.9865247,-37.8387943]]}",OpenStreetMap,osm:way/1228636534
434,park,Unnamed park 1230755650,-37.80865185,144.95776150714283,1,1710.3,"{""type"":""Polygon"",""coordinates"":[[[144.9575789,-37.8088547],[144.9576136,-37.8088607],[144.9576521,-37.8088638],[144.9576935,-37.8088553],[144.9577436,-37.8088363],[144.957802,-37.8087902],[144.9578406,-37.80875],[144.9578641,-37.8087019],[144.9578862,-37.8085707],[144.9578675,-37.8085315],[144.957887,-37.8084196],[144.9579465,-37.8081326],[144.9577066,-37.8081039],[144.9575789,-37.8088547]]]}",OpenStreetMap,osm:way/1230755650
435,library,Braille and Talking Book Library,-37.84579834827586,144.98746367586205,1,,"{""type"":""Polygon"",""coordinates"":[[[144.9874395,-37.845868],[144.9874035,-37.845863],[144.9874065,-37.8458492],[144.9874001,-37.8458484],[144.9873945,-37.8458739],[144.9873522,-37.845868],[144.987379,-37.8457473],[144.9873963,-37.8457497],[144.9873981,-37.8457415],[144.9873594,-37.8457362],[144.9873688,-37.8456938],[144.9874061,-37.845699],[144.9874157,-37.8456561],[144.9873935,-37.845653],[144.9874033,-37.8456091],[144.9876042,-37.8456369],[144.987596,-37.845674],[144.9876211,-37.8456775],[144.9875743,-37.8458879],[144.9875672,-37.8458869],[144.9875657,-37.8458936],[144.987538,-37.8458897],[144.9875428,-37.8458684],[144.9875366,-37.8458675],[144.9875339,-37.8458798],[144.9874912,-37.8458739],[144.9874855,-37.8458995],[144.9874341,-37.8458923],[144.9874395,-37.845868]]]}",OpenStreetMap,osm:way/1231282249
436,covered_walkway,Covered walkway 1231374313,-37.78531005,144.9531538,2,,"{""type"":""LineString"",""coordinates"":[[144.9532318,-37.7853726],[144.9530758,-37.7852475]]}",OpenStreetMap,osm:way/1231374313
437,covered_walkway,Captains Walk,-37.818555450000005,144.9449524,2,,"{""type"":""LineString"",""coordinates"":[[144.9449333,-37.8185238],[144.9449715,-37.8185871]]}",OpenStreetMap,osm:way/1245820891
438,covered_walkway,Captains Walk,-37.81902203333333,144.9451365,2,,"{""type"":""LineString"",""coordinates"":[[144.9451135,-37.8189852],[144.9451369,-37.8190229],[144.9451591,-37.819058]]}",OpenStreetMap,osm:way/1245820893
439,park,Unnamed park 125133306,-37.85638664,144.9024243575,1,8173.5,"{""type"":""Polygon"",""coordinates"":[[[144.9019858,-37.8545049],[144.9018326,-37.8545549],[144.9017878,-37.8545257],[144.9017509,-37.8545438],[144.9017359,-37.8545814],[144.9018309,-37.8547177],[144.9018932,-37.8548408],[144.9019847,-37.8550458],[144.9020076,-37.8552508],[144.9020263,-37.8555865],[144.9020765,-37.8558001],[144.9022423,-37.8557731],[144.9022998,-37.8559613],[144.9022469,-37.8559699],[144.9021292,-37.8559892],[144.9021847,-37.8561349],[144.9024368,-37.8566558],[144.9025637,-37.8570666],[144.9026237,-37.8571073],[144.9026292,-37.8572434],[144.9026174,-37.8572732],[144.9025577,-37.8572552],[144.9025452,-37.8573994],[144.9025473,-37.8574115],[144.9025555,-37.8574217],[144.902563,-37.8574261],[144.9027729,-37.8574508],[144.9027939,-37.857458],[144.9028128,-37.8574672],[144.9028685,-37.8575158],[144.9028816,-37.8575224],[144.9028909,-37.8575251],[144.9030297,-37.8575367],[144.903045,-37.8575001],[144.903041,-37.8574787],[144.9030272,-37.8574608],[144.902993,-37.857448],[144.9026728,-37.8565257],[144.9025046,-37.8560304],[144.9019858,-37.8545049]]]}",OpenStreetMap,osm:way/125133306
440,park,Bedford Street Reserve,-37.80277398333333,144.95553938333333,1,1007.4,"{""type"":""Polygon"",""coordinates"":[[[144.9556053,-37.8025498],[144.955655,-37.8025907],[144.9555731,-37.8030548],[144.955545,-37.8030686],[144.9552526,-37.8028302],[144.9556053,-37.8025498]]]}",OpenStreetMap,osm:way/12543371
441,covered_walkway,Covered walkway 1256744430,-37.84668475,144.99139415,2,,"{""type"":""LineString"",""coordinates"":[[144.9913862,-37.8467376],[144.9914021,-37.8466319]]}",OpenStreetMap,osm:way/1256744430
442,park,Unnamed park 1258873351,-37.85005418,144.99717868,1,878.5,"{""type"":""Polygon"",""coordinates"":[[[144.997019,-37.8501425],[144.9973595,-37.8501821],[144.9974119,-37.8499325],[144.997084,-37.8498713],[144.997019,-37.8501425]]]}",OpenStreetMap,osm:way/1258873351
443,library,Carlton Library,-37.7894263,144.97159626,1,,"{""type"":""Polygon"",""coordinates"":[[[144.9717305,-37.7893887],[144.971742,-37.7894009],[144.971723,-37.7896007],[144.9715272,-37.78958],[144.9715303,-37.7895619],[144.971511,-37.7895599],[144.9715292,-37.7894519],[144.9715485,-37.789454],[144.9715565,-37.7894064],[144.9715081,-37.7894012],[144.9714996,-37.7894517],[144.9714835,-37.78945],[144.971418,-37.7894431],[144.9714405,-37.78931],[144.9716243,-37.7893295],[144.9716272,-37.7893121],[144.9716964,-37.7893195],[144.9717549,-37.7893256],[144.971744,-37.7893902],[144.9717305,-37.7893887]]]}",OpenStreetMap,osm:way/1258961881
444,covered_walkway,Covered walkway 1259559211,-37.8183779,144.97569765,2,,"{""type"":""LineString"",""coordinates"":[[144.9756207,-37.8183742],[144.9757746,-37.8183816]]}",OpenStreetMap,osm:way/1259559211
445,park,Wesley Place Urban Park,-37.8096989,144.96794324285716,1,554.5,"{""type"":""Polygon"",""coordinates"":[[[144.9678817,-37.8098311],[144.9678221,-37.809701],[144.9679298,-37.8096691],[144.9678855,-37.8095775],[144.9680488,-37.8095314],[144.9681531,-37.8097511],[144.9678817,-37.8098311]]]}",OpenStreetMap,osm:way/1261367184
446,park,Welcome Garden,-37.79977440833333,144.96262955,1,2092.1,"{""type"":""Polygon"",""coordinates"":[[[144.962532,-37.7994724],[144.9628739,-37.7995082],[144.9628371,-37.7997319],[144.9628023,-37.7997867],[144.9627989,-37.7998312],[144.9627996,-37.7998789],[144.9625863,-37.8000041],[144.9625682,-37.8001224],[144.9623535,-37.8001017],[144.9624228,-37.7996915],[144.962448,-37.7996915],[144.962532,-37.7994724]]]}",OpenStreetMap,osm:way/1262092867
447,covered_walkway,Covered walkway 1279223393,-37.82214505,144.9674985,2,,"{""type"":""LineString"",""coordinates"":[[144.9674446,-37.8222946],[144.9674749,-37.8221633],[144.9675111,-37.8220577],[144.9675634,-37.8220646]]}",OpenStreetMap,osm:way/1279223393
448,covered_walkway,Covered walkway 1282776886,-37.78428315,144.9587967,2,,"{""type"":""LineString"",""coordinates"":[[144.9587742,-37.7842817],[144.9588192,-37.7842846]]}",OpenStreetMap,osm:way/1282776886
449,covered_walkway,Covered walkway 1289602484,-37.841163050000006,144.9857788,2,,"{""type"":""LineString"",""coordinates"":[[144.9858022,-37.8411661],[144.9857554,-37.84116]]}",OpenStreetMap,osm:way/1289602484
450,park,Peters Reserve,-37.77536116,144.99396918,1,2024.4,"{""type"":""Polygon"",""coordinates"":[[[144.9937771,-37.7751869],[144.9943317,-37.7752608],[144.994261,-37.7756182],[144.993699,-37.775553],[144.9937771,-37.7751869]]]}",OpenStreetMap,osm:way/129209297
451,covered_walkway,Covered walkway 1292536894,-37.8467131,144.9924214,2,,"{""type"":""LineString"",""coordinates"":[[144.9924216,-37.8467108],[144.9924212,-37.8467154]]}",OpenStreetMap,osm:way/1292536894
452,covered_walkway,Covered walkway 1292536895,-37.84680125,144.9930793,2,,"{""type"":""LineString"",""coordinates"":[[144.9929317,-37.846782],[144.9932269,-37.8468205]]}",OpenStreetMap,osm:way/1292536895
453,covered_walkway,Covered walkway 1292536899,-37.8467787,144.9923988,2,,"{""type"":""LineString"",""coordinates"":[[144.9924085,-37.8467236],[144.9923891,-37.8468338]]}",OpenStreetMap,osm:way/1292536899
454,park,Unnamed park 129729314,-37.82601923043478,145.02094206956522,1,16866.9,"{""type"":""Polygon"",""coordinates"":[[[145.0203359,-37.8263329],[145.0205713,-37.8263133],[145.0207651,-37.8263003],[145.0208989,-37.8262967],[145.0210352,-37.8263047],[145.0213208,-37.8263465],[145.0219769,-37.8264393],[145.0223279,-37.8264485],[145.0222335,-37.8262288],[145.0220693,-37.8259721],[145.0219252,-37.8257921],[145.0217396,-37.8256015],[145.0215658,-37.8255049],[145.0212842,-37.8254277],[145.0209932,-37.8254186],[145.0207299,-37.8254533],[145.019878,-37.825753],[145.0196697,-37.8258485],[145.0197727,-37.8259082],[145.019968,-37.8260554],[145.0200087,-37.8260861],[145.0202619,-37.826277],[145.0203359,-37.8263329]]]}",OpenStreetMap,osm:way/129729314
455,park,Unnamed park 129729324,-37.8269551,145.01642897333335,1,22694.3,"{""type"":""Polygon"",""coordinates"":[[[145.01436,-37.8273954],[145.0149716,-37.8271539],[145.0157228,-37.8267878],[145.0168652,-37.8260565],[145.0172732,-37.8263853],[145.0176511,-37.8265512],[145.0180549,-37.8266571],[145.0180604,-37.8266703],[145.0184799,-37.8267387],[145.0177077,-37.8269997],[145.0168491,-37.8272175],[145.0161946,-37.8273827],[145.015272,-37.8274887],[145.0146121,-37.8274463],[145.01436,-37.8273954]]]}",OpenStreetMap,osm:way/129729324
456,park,Unnamed park 129734864,-37.8386065,144.99655982222222,1,4414.6,"{""type"":""Polygon"",""coordinates"":[[[144.9963158,-37.8386804],[144.9965223,-37.8378382],[144.9970019,-37.8382177],[144.9968576,-37.8387058],[144.9967503,-37.8388075],[144.9965626,-37.838888],[144.9963909,-37.8388711],[144.9963212,-37.8387694],[144.9963158,-37.8386804]]]}",OpenStreetMap,osm:way/129734864
457,covered_walkway,Ngang-gak Djerring Walk,-37.79996535,144.9652839,2,,"{""type"":""LineString"",""coordinates"":[[144.9651816,-37.799954],[144.9653862,-37.7999767]]}",OpenStreetMap,osm:way/1305335157
458,covered_walkway,Covered walkway 1310352827,-37.8457302,144.9945113,2,,"{""type"":""LineString"",""coordinates"":[[144.9945444,-37.8457345],[144.9944782,-37.8457259]]}",OpenStreetMap,osm:way/1310352827
459,covered_walkway,Covered walkway 1310352832,-37.8467011,144.99426516666665,2,,"{""type"":""LineString"",""coordinates"":[[144.9943046,-37.8465051],[144.9942467,-37.8467929],[144.9942442,-37.8468053]]}",OpenStreetMap,osm:way/1310352832
460,covered_walkway,Covered walkway 1310760138,-37.845276600000005,144.9943075,2,,"{""type"":""LineString"",""coordinates"":[[144.9943497,-37.8452824],[144.9942653,-37.8452708]]}",OpenStreetMap,osm:way/1310760138
461,covered_walkway,Covered walkway 1310760141,-37.84540485,144.99432489999998,2,,"{""type"":""LineString"",""coordinates"":[[144.9943204,-37.8454269],[144.9943294,-37.8453828]]}",OpenStreetMap,osm:way/1310760141
462,covered_walkway,Covered walkway 1310760143,-37.8454966,144.9943063,2,,"{""type"":""LineString"",""coordinates"":[[144.9943018,-37.8455189],[144.9943108,-37.8454743]]}",OpenStreetMap,osm:way/1310760143
463,covered_walkway,Covered walkway 1310760159,-37.84529963333333,144.9943462,2,,"{""type"":""LineString"",""coordinates"":[[144.9943385,-37.8453375],[144.9943497,-37.8452824],[144.9943504,-37.845279]]}",OpenStreetMap,osm:way/1310760159
464,covered_walkway,Covered walkway 1310760160,-37.8456224,144.9942808,2,,"{""type"":""LineString"",""coordinates"":[[144.9942779,-37.8456366],[144.9942837,-37.8456082]]}",OpenStreetMap,osm:way/1310760160
465,covered_walkway,Covered walkway 1310760162,-37.84572825,144.99425935,2,,"{""type"":""LineString"",""coordinates"":[[144.9942568,-37.8457409],[144.9942619,-37.8457156]]}",OpenStreetMap,osm:way/1310760162
466,park,Sir William Street Reserve,-37.80397762,145.02602794,1,1062.9,"{""type"":""Polygon"",""coordinates"":[[[145.0258667,-37.8040851],[145.0262083,-37.8041273],[145.0262698,-37.8038164],[145.0259282,-37.8037742],[145.0258667,-37.8040851]]]}",OpenStreetMap,osm:way/1313265793
467,park,Dodds St Linear Park,-37.82512087777778,144.96822285555555,1,1640.2,"{""type"":""Polygon"",""coordinates"":[[[144.9682945,-37.824536],[144.9684436,-37.824557],[144.9683408,-37.824904],[144.9682455,-37.8251958],[144.9681901,-37.8253715],[144.9681047,-37.8256426],[144.9681375,-37.8256608],[144.9679545,-37.8256842],[144.9682945,-37.824536]]]}",OpenStreetMap,osm:way/1315841655
468,park,Yarra Park,-37.81902740277778,144.98437639351852,1,285242.7,"{""type"":""Polygon"",""coordinates"":[[[144.9844167,-37.8167181],[144.9847798,-37.8167579],[144.9850888,-37.8167793],[144.9851009,-37.8167051],[144.985459,-37.8167496],[144.9862059,-37.8168471],[144.98691,-37.816935],[144.9873647,-37.8169922],[144.9876315,-37.8170134],[144.9878595,-37.8170706],[144.9878421,-37.8171734],[144.9878276,-37.8172711],[144.9878045,-37.8174266],[144.9878354,-37.8174308],[144.9877227,-37.8181237],[144.9875493,-37.8192007],[144.987543,-37.8192445],[144.9894776,-37.8193841],[144.9893426,-37.8201742],[144.9891317,-37.8214092],[144.9888935,-37.82297],[144.9881921,-37.8229001],[144.9876268,-37.8228408],[144.9871413,-37.822782],[144.9869489,-37.8227439],[144.9865063,-37.8226099],[144.9860309,-37.8224605],[144.9855702,-37.8222952],[144.9850814,-37.8221077],[144.9843706,-37.8218053],[144.9837799,-37.8215214],[144.9834587,-37.8213657],[144.9834676,-37.8213408],[144.983496,-37.8213033],[144.9835097,-37.8212852],[144.9837377,-37.8212343],[144.9837404,-37.8212555],[144.9839138,-37.8212208],[144.9840542,-37.8211898],[144.9841856,-37.8211496],[144.9841749,-37.8211316],[144.9843399,-37.8210659],[144.9845129,-37.8209822],[144.9846952,-37.8208646],[144.9848213,-37.8207565],[144.9848428,-37.8207703],[144.9848817,-37.8207322],[144.9850238,-37.8205669],[144.984997,-37.8205542],[144.9850547,-37.8204694],[144.985119,-37.8203487],[144.9851673,-37.8202215],[144.9854396,-37.820265],[144.9854959,-37.8202406],[144.9854379,-37.8201536],[144.9853281,-37.8199729],[144.9852907,-37.8198041],[144.9852559,-37.8196929],[144.9850962,-37.8191823],[144.9851874,-37.8190467],[144.9850193,-37.8189739],[144.9848401,-37.8188962],[144.9848736,-37.8188613],[144.9843277,-37.818628],[144.9840998,-37.8185265],[144.984077,-37.8185805],[144.9829183,-37.8185148],[144.9826,-37.8185822],[144.9819475,-37.8187535],[144.9818722,-37.818821],[144.9818575,-37.8188549],[144.9818213,-37.8188803],[144.9818024,-37.8188896],[144.981781,-37.8188989],[144.9817384,-37.818997],[144.9816938,-37.8191001],[144.9816789,-37.8191346],[144.98136,-37.8190549],[144.9808919,-37.8198222],[144.9796312,-37.8190795],[144.979038,-37.81867],[144.978832,-37.818487],[144.9787977,-37.8183988],[144.9815676,-37.8186918],[144.9818103,-37.8187175],[144.9820936,-37.8171852],[144.9821263,-37.8169106],[144.9823623,-37.8168354],[144.9824991,-37.8167676],[144.9825716,-37.8167168],[144.9826373,-37.8166532],[144.9826708,-37.8165843],[144.982676,-37.8165601],[144.9826923,-37.8164837],[144.9829229,-37.8165038],[144.982943,-37.8165367],[144.9834619,-37.8165911],[144.9834549,-37.8166315],[144.983543,-37.8166401],[144.9837933,-37.8166223],[144.9838127,-37.8166176],[144.9839155,-37.8166297],[144.9839147,-37.8166341],[144.983918,-37.816648],[144.984051,-37.816662],[144.9841788,-37.8166921],[144.9843562,-37.81671],[144.9844167,-37.8167181]]]}",OpenStreetMap,osm:way/131707394
469,park,Unnamed park 1338211967,-37.83385685666666,144.97207464,1,3611.6,"{""type"":""Polygon"",""coordinates"":[[[144.9719364,-37.8332342],[144.9719234,-37.8333576],[144.9718848,-37.8335353],[144.9718295,-37.8337596],[144.9717638,-37.8340342],[144.9717232,-37.8342359],[144.9717152,-37.8343382],[144.9717759,-37.8343694],[144.971807,-37.83438],[144.9718392,-37.8343837],[144.9718587,-37.834378],[144.9718749,-37.8343675],[144.9719314,-37.8342772],[144.9720065,-37.8341562],[144.9720789,-37.8340546],[144.972144,-37.8339921],[144.9722392,-37.8339243],[144.97238,-37.8338538],[144.9724625,-37.8338237],[144.9725725,-37.8337951],[144.9727301,-37.8337702],[144.9727314,-37.8337612],[144.9723247,-37.8336986],[144.9722975,-37.8336425],[144.9722315,-37.8335805],[144.9721393,-37.8335308],[144.9720246,-37.833489],[144.9720501,-37.8334106],[144.9720266,-37.8333375],[144.9719364,-37.8332342]]]}",OpenStreetMap,osm:way/1338211967
470,park,Unnamed park 1338847509,-37.85945368297872,144.9021709468085,1,1088.2,"{""type"":""Polygon"",""coordinates"":[[[144.9020743,-37.8592987],[144.9021001,-37.8592898],[144.9021331,-37.8592833],[144.902161,-37.8592805],[144.9021853,-37.8592809],[144.9022069,-37.8592836],[144.9022249,-37.8592875],[144.9022447,-37.8592934],[144.9022652,-37.8593015],[144.9022874,-37.8593148],[144.9023026,-37.8593267],[144.9023182,-37.8593405],[144.9023325,-37.8593583],[144.9023426,-37.8593774],[144.9023544,-37.8594038],[144.9023605,-37.8594315],[144.9023611,-37.8594523],[144.9023607,-37.859482],[144.9023567,-37.8595005],[144.9023467,-37.8595306],[144.9023347,-37.8595553],[144.9023201,-37.8595762],[144.9023036,-37.8595943],[144.9022833,-37.8596098],[144.9022611,-37.8596226],[144.9022296,-37.8596333],[144.902202,-37.8596394],[144.9021705,-37.8596425],[144.9021485,-37.8596414],[144.9021255,-37.8596385],[144.9021028,-37.8596335],[144.9020762,-37.8596229],[144.9020479,-37.8596057],[144.9020308,-37.8595931],[144.9020148,-37.8595781],[144.9020001,-37.859557],[144.9019885,-37.8595356],[144.901981,-37.8595133],[144.9019751,-37.8594804],[144.9019755,-37.8594544],[144.9019786,-37.8594274],[144.9019861,-37.8593986],[144.9020011,-37.8593697],[144.9020156,-37.8593453],[144.9020351,-37.8593263],[144.9020532,-37.8593122],[144.9020743,-37.8592987]]]}",OpenStreetMap,osm:way/1338847509
471,park,Smith Reserve,-37.793994346153845,144.98189365384616,1,5867.7,"{""type"":""Polygon"",""coordinates"":[[[144.982581,-37.7939036],[144.9824929,-37.7938941],[144.9817026,-37.793809],[144.9816127,-37.7937993],[144.9814077,-37.7937772],[144.981406,-37.7937871],[144.9814047,-37.7937944],[144.9813211,-37.7942792],[144.9814905,-37.7942975],[144.9815511,-37.794304],[144.9824967,-37.7944059],[144.9825695,-37.7939716],[144.982581,-37.7939036]]]}",OpenStreetMap,osm:way/1343622272
472,covered_walkway,Covered walkway 1352491637,-37.8197169,144.96138044999998,2,,"{""type"":""LineString"",""coordinates"":[[144.9613919,-37.8197629],[144.961369,-37.8196709]]}",OpenStreetMap,osm:way/1352491637
473,covered_walkway,Covered walkway 1352491644,-37.819672,144.96162475,2,,"{""type"":""LineString"",""coordinates"":[[144.961627,-37.819721],[144.9616225,-37.819623]]}",OpenStreetMap,osm:way/1352491644
474,covered_walkway,Covered walkway 1352491665,-37.82011345,144.96013115,2,,"{""type"":""LineString"",""coordinates"":[[144.9602024,-37.8201467],[144.9600599,-37.8200802]]}",OpenStreetMap,osm:way/1352491665
475,covered_walkway,Covered walkway 1358887992,-37.8181506,144.97050643333333,2,,"{""type"":""LineString"",""coordinates"":[[144.9705393,-37.8181489],[144.9705202,-37.8181405],[144.9704598,-37.8181624]]}",OpenStreetMap,osm:way/1358887992
476,park,Urban Arts Square,-37.81725196153846,144.9904706846154,1,757.2,"{""type"":""Polygon"",""coordinates"":[[[144.9904037,-37.8173656],[144.9904414,-37.8173942],[144.9905226,-37.8174144],[144.990646,-37.8174292],[144.9906743,-37.817282],[144.9905213,-37.8172636],[144.9905506,-37.817111],[144.9905282,-37.8171084],[144.9905131,-37.8171065],[144.9902932,-37.8170802],[144.9902603,-37.8170763],[144.9903605,-37.8172785],[144.9904037,-37.8173656]]]}",OpenStreetMap,osm:way/1359422506
477,covered_walkway,Covered walkway 1363513420,-37.81497400000001,144.9915219,2,,"{""type"":""LineString"",""coordinates"":[[144.9915752,-37.8149932],[144.9914686,-37.8149548]]}",OpenStreetMap,osm:way/1363513420
478,covered_walkway,Covered walkway 1363513421,-37.81486065,144.99136245,2,,"{""type"":""LineString"",""coordinates"":[[144.991423,-37.8148873],[144.9913789,-37.8148679],[144.9913292,-37.814846],[144.9913187,-37.8148414]]}",OpenStreetMap,osm:way/1363513421
479,covered_walkway,Covered walkway 1364444689,-37.78540905,144.95327759999998,2,,"{""type"":""LineString"",""coordinates"":[[144.9533234,-37.7854455],[144.9532318,-37.7853726]]}",OpenStreetMap,osm:way/1364444689
480,covered_walkway,Covered walkway 1364774500,-37.77408945,144.91589095,2,,"{""type"":""LineString"",""coordinates"":[[144.9159112,-37.7739687],[144.9158707,-37.7742102]]}",OpenStreetMap,osm:way/1364774500
481,covered_walkway,Covered walkway 1364774501,-37.77399054999999,144.91608960000002,2,,"{""type"":""LineString"",""coordinates"":[[144.9159112,-37.7739687],[144.916268,-37.7740124]]}",OpenStreetMap,osm:way/1364774501
482,park,Lilardia Park,-37.79956986153846,144.90651483076925,1,1434.9,"{""type"":""Polygon"",""coordinates"":[[[144.9068898,-37.7993076],[144.9068356,-37.7996191],[144.9066002,-37.7995943],[144.9065056,-37.7996244],[144.9064574,-37.7996657],[144.9064239,-37.7997767],[144.9062131,-37.7997536],[144.9060845,-37.7997398],[144.906006,-37.7997309],[144.9064669,-37.7995307],[144.9064815,-37.7994471],[144.9068385,-37.7993107],[144.9068898,-37.7993076]]]}",OpenStreetMap,osm:way/1377356730
483,park,Edinburgh Gardens,-37.78788981,144.98313847166668,1,173844.1,"{""type"":""Polygon"",""coordinates"":[[[144.980056,-37.7895796],[144.9801146,-37.7896917],[144.9822447,-37.7898932],[144.9823179,-37.7898969],[144.9823636,-37.7898328],[144.9823983,-37.7897992],[144.9824454,-37.7897595],[144.9825077,-37.7897089],[144.9825828,-37.7896699],[144.9826394,-37.7896445],[144.982698,-37.7896233],[144.9827528,-37.7896061],[144.9828533,-37.7895917],[144.9829481,-37.7895921],[144.9830085,-37.7895947],[144.9830043,-37.7894577],[144.9831477,-37.7894509],[144.9833142,-37.7894472],[144.9835448,-37.7893884],[144.9836989,-37.7893453],[144.9839012,-37.7892631],[144.9840554,-37.7891865],[144.9843289,-37.7890054],[144.9845931,-37.7888307],[144.9848576,-37.7886418],[144.9850196,-37.788527],[144.9851463,-37.7884143],[144.9852538,-37.7882917],[144.9853623,-37.7881445],[144.9855232,-37.7878761],[144.9856445,-37.7875074],[144.9856356,-37.7873496],[144.9856592,-37.7871294],[144.9855969,-37.7868312],[144.9854674,-37.7865325],[144.9852665,-37.7862505],[144.9849224,-37.7859495],[144.9848019,-37.7858661],[144.9846305,-37.7857701],[144.9844395,-37.7856814],[144.9843077,-37.785625],[144.9839781,-37.7855273],[144.9836011,-37.7854611],[144.9832684,-37.7854559],[144.9830236,-37.7854692],[144.9828958,-37.7854777],[144.9826139,-37.7855462],[144.9824527,-37.7855979],[144.9820955,-37.7857573],[144.9817461,-37.7859647],[144.9814992,-37.7861518],[144.9813091,-37.7863661],[144.9811569,-37.7865428],[144.9809658,-37.7868341],[144.9807646,-37.7870952],[144.9806567,-37.7872801],[144.9805648,-37.7874688],[144.9803435,-37.788083],[144.980262,-37.7884824],[144.980056,-37.7895796]]]}",OpenStreetMap,osm:way/13815924
484,square,City Square,-37.81585606,144.96703014,1,,"{""type"":""Polygon"",""coordinates"":[[[144.9667379,-37.8155694],[144.9670855,-37.8154663],[144.967464,-37.8162889],[144.9671254,-37.8163863],[144.9667379,-37.8155694]]]}",OpenStreetMap,osm:way/13858289
485,park,Parker Street Reserve,-37.80790452222222,144.90324854444444,1,3178.7,"{""type"":""Polygon"",""coordinates"":[[[144.9030203,-37.8082563],[144.9038972,-37.8074294],[144.9038764,-37.8074053],[144.9033894,-37.807263],[144.9030349,-37.8080357],[144.9030147,-37.8081012],[144.903,-37.808158],[144.9029837,-37.8082355],[144.9030203,-37.8082563]]]}",OpenStreetMap,osm:way/1410472352
486,park,Smart Street Reserve,-37.81602774347826,145.0225264478261,1,12930.0,"{""type"":""Polygon"",""coordinates"":[[[145.0215912,-37.8151601],[145.0217285,-37.8152582],[145.0217981,-37.8153147],[145.0220131,-37.815747],[145.0219768,-37.8159775],[145.0222272,-37.8159233],[145.0224613,-37.8162023],[145.0222922,-37.8162901],[145.0223149,-37.8163344],[145.0226477,-37.8163662],[145.0227217,-37.8164413],[145.0227935,-37.8165485],[145.0227353,-37.8168653],[145.0233359,-37.8169423],[145.0233718,-37.8167195],[145.0235405,-37.8167395],[145.0236115,-37.8163417],[145.0237114,-37.8163533],[145.0237855,-37.8159342],[145.0223043,-37.8157694],[145.0218632,-37.815183],[145.0216915,-37.8150662],[145.0215912,-37.8151601]]]}",OpenStreetMap,osm:way/141173480
487,park,Gray Street Reserve,-37.79479065294117,145.0005628117647,1,1681.7,"{""type"":""Polygon"",""coordinates"":[[[145.0004712,-37.7949548],[145.0005258,-37.7949599],[145.0005626,-37.7947136],[145.0005081,-37.7947085],[145.0005493,-37.7945764],[145.0005405,-37.7944678],[145.0005775,-37.7944659],[145.0006141,-37.7944331],[145.000684,-37.7944688],[145.0007202,-37.7945006],[145.0008849,-37.7950373],[145.0007803,-37.7950568],[145.0004163,-37.7950974],[145.0004029,-37.7950364],[145.0003995,-37.7950209],[145.0004594,-37.7949881],[145.0004712,-37.7949548]]]}",OpenStreetMap,osm:way/1414021008
488,covered_walkway,Covered walkway 1422826156,-37.7998018,144.98559004999998,2,,"{""type"":""LineString"",""coordinates"":[[144.9856601,-37.7998096],[144.98552,-37.799794]]}",OpenStreetMap,osm:way/1422826156
489,park,Quay Park,-37.815674066666666,144.93754524444444,1,1112.1,"{""type"":""Polygon"",""coordinates"":[[[144.9372803,-37.8157365],[144.9373479,-37.815642],[144.9377081,-37.8155045],[144.9377978,-37.8154849],[144.937896,-37.815645],[144.9378168,-37.8156883],[144.9374581,-37.8158225],[144.9373219,-37.8158064],[144.9372803,-37.8157365]]]}",OpenStreetMap,osm:way/142569748
490,covered_walkway,Covered walkway 1430171322,-37.83308067,144.97237507,2,,"{""type"":""LineString"",""coordinates"":[[144.9725877,-37.8331244],[144.9724908,-37.8330719],[144.9724364,-37.833043],[144.972341,-37.8330041],[144.9723025,-37.8329975],[144.9722728,-37.8330268],[144.9722466,-37.8330523],[144.9722652,-37.8330794],[144.9723465,-37.8331593],[144.9724612,-37.833248]]}",OpenStreetMap,osm:way/1430171322
491,covered_walkway,Covered walkway 1430177328,-37.83369073333333,144.97246593333332,2,,"{""type"":""LineString"",""coordinates"":[[144.9724706,-37.833675],[144.9724659,-37.8336911],[144.9724613,-37.8337061]]}",OpenStreetMap,osm:way/1430177328
492,covered_walkway,Covered walkway 1434567843,-37.820841900000005,144.94785375,2,,"{""type"":""LineString"",""coordinates"":[[144.9480253,-37.8207916],[144.9476822,-37.8208922]]}",OpenStreetMap,osm:way/1434567843
493,covered_walkway,Covered walkway 1435055254,-37.82157315,144.9457051125,2,,"{""type"":""LineString"",""coordinates"":[[144.9451567,-37.8216298],[144.9453789,-37.8216181],[144.9455311,-37.8216038],[144.9456669,-37.8215878],[144.9457665,-37.8215746],[144.9458818,-37.8215561],[144.9460421,-37.8215264],[144.9462169,-37.8214886]]}",OpenStreetMap,osm:way/1435055254
494,covered_walkway,Covered walkway 1435055255,-37.821358425,144.94517315000002,2,,"{""type"":""LineString"",""coordinates"":[[144.944974,-37.8213509],[144.9450842,-37.8213579],[144.9452344,-37.8213628],[144.9454,-37.8213621]]}",OpenStreetMap,osm:way/1435055255
495,covered_walkway,Covered walkway 1435065610,-37.82136165,144.94508455,2,,"{""type"":""LineString"",""coordinates"":[[144.9450849,-37.8213654],[144.9450842,-37.8213579]]}",OpenStreetMap,osm:way/1435065610
496,covered_walkway,Covered walkway 1435065620,-37.8213161,144.9447569,2,,"{""type"":""LineString"",""coordinates"":[[144.9445232,-37.8212679],[144.9448592,-37.8213384],[144.9448883,-37.821342]]}",OpenStreetMap,osm:way/1435065620
497,covered_walkway,Covered walkway 1435065629,-37.821273000000005,144.94452074999998,2,,"{""type"":""LineString"",""coordinates"":[[144.9445232,-37.8212679],[144.9445183,-37.8212781]]}",OpenStreetMap,osm:way/1435065629
498,covered_walkway,Covered walkway 1435604749,-37.82076775,144.94184665,2,,"{""type"":""LineString"",""coordinates"":[[144.9418888,-37.8207777],[144.9418045,-37.8207578]]}",OpenStreetMap,osm:way/1435604749
499,covered_walkway,Covered walkway 1435604752,-37.82079315,144.94195430000002,2,,"{""type"":""LineString"",""coordinates"":[[144.9419962,-37.8208031],[144.9419124,-37.8207832]]}",OpenStreetMap,osm:way/1435604752
500,covered_walkway,Covered walkway 1435604753,-37.8207753,144.94196115,2,,"{""type"":""LineString"",""coordinates"":[[144.9419193,-37.8207654],[144.942003,-37.8207852]]}",OpenStreetMap,osm:way/1435604753
501,covered_walkway,Covered walkway 1435604756,-37.8207497,144.94185334999997,2,,"{""type"":""LineString"",""coordinates"":[[144.9418112,-37.8207397],[144.9418955,-37.8207597]]}",OpenStreetMap,osm:way/1435604756
502,covered_walkway,Covered walkway 1435610049,-37.82176432222222,144.94362685555555,2,,"{""type"":""LineString"",""coordinates"":[[144.9437225,-37.8219719],[144.9437154,-37.8219564],[144.9436952,-37.8219127],[144.9436366,-37.8217854],[144.9436117,-37.8217314],[144.9435964,-37.8216983],[144.9435821,-37.8216672],[144.9435636,-37.8216271],[144.9435182,-37.8215285]]}",OpenStreetMap,osm:way/1435610049
503,covered_walkway,Covered walkway 1435610050,-37.82127665,144.9434021,2,,"{""type"":""LineString"",""coordinates"":[[144.9434099,-37.8212936],[144.9433943,-37.8212597]]}",OpenStreetMap,osm:way/1435610050
504,covered_walkway,Covered walkway 1435610052,-37.82148226666666,144.9443342666667,2,,"{""type"":""LineString"",""coordinates"":[[144.9443248,-37.8214798],[144.9443302,-37.8214812],[144.9443478,-37.8214858]]}",OpenStreetMap,osm:way/1435610052
505,covered_walkway,Covered walkway 1436624937,-37.8212644,144.9445088,2,,"{""type"":""LineString"",""coordinates"":[[144.9444944,-37.8212609],[144.9445232,-37.8212679]]}",OpenStreetMap,osm:way/1436624937
506,covered_walkway,Covered walkway 1436624941,-37.821115266666666,144.94388173333334,2,,"{""type"":""LineString"",""coordinates"":[[144.9433718,-37.820995],[144.9441252,-37.8211727],[144.9441482,-37.8211781]]}",OpenStreetMap,osm:way/1436624941
507,covered_walkway,Covered walkway 1436627050,-37.82109885,144.9442215,2,,"{""type"":""LineString"",""coordinates"":[[144.9442152,-37.8210864],[144.9442278,-37.8211113]]}",OpenStreetMap,osm:way/1436627050
508,covered_walkway,Covered walkway 1436627052,-37.82099186666667,144.9441346333333,2,,"{""type"":""LineString"",""coordinates"":[[144.9441252,-37.8211727],[144.9441558,-37.8211625],[144.9441712,-37.8211557],[144.9441853,-37.8211459],[144.944196,-37.821135],[144.9442028,-37.8211231],[144.9442088,-37.8211074],[144.9442152,-37.8210864],[144.9440537,-37.8207355],[144.9440515,-37.8207307],[144.9440378,-37.8207012],[144.9440123,-37.8206463]]}",OpenStreetMap,osm:way/1436627052
509,park,Ievers Reserve,-37.795528164705885,144.95372394411766,1,13848.1,"{""type"":""Polygon"",""coordinates"":[[[144.9551162,-37.7941867],[144.9547266,-37.7945493],[144.9545518,-37.7947292],[144.9544963,-37.7948043],[144.9543943,-37.7948903],[144.9543843,-37.7949038],[144.954376,-37.7949224],[144.9543655,-37.7949716],[144.9543607,-37.7949811],[144.9543538,-37.7949915],[144.9543193,-37.7950224],[144.9542617,-37.7950693],[144.9542339,-37.7951004],[144.954171,-37.7951769],[144.9539097,-37.7954587],[144.9531833,-37.7962724],[144.953094,-37.7963758],[144.9530506,-37.7964419],[144.9527678,-37.796757],[144.9527614,-37.7967693],[144.9527572,-37.7967817],[144.9527572,-37.7967946],[144.95276,-37.7968047],[144.9523541,-37.7971428],[144.9518332,-37.7967154],[144.9527067,-37.7960229],[144.952764,-37.795971],[144.9528119,-37.7959347],[144.9528876,-37.7958953],[144.9532147,-37.7956367],[144.9540116,-37.7950073],[144.9546605,-37.7945163],[144.955101,-37.7941732],[144.9551162,-37.7941867]]]}",OpenStreetMap,osm:way/14415724
510,covered_walkway,Frederick Way,-37.810079,144.9569099,2,,"{""type"":""LineString"",""coordinates"":[[144.956995,-37.8102662],[144.9568248,-37.8098918]]}",OpenStreetMap,osm:way/1443116955
511,library,Burnley Library Building (914),-37.828189566666666,145.02177749999998,1,,"{""type"":""Polygon"",""coordinates"":[[[145.0216586,-37.8281108],[145.0216519,-37.8281856],[145.0216162,-37.8281836],[145.021608,-37.8282752],[145.0219981,-37.828297],[145.0220056,-37.8282123],[145.0218966,-37.8282062],[145.0219039,-37.8281246],[145.0216586,-37.8281108]]]}",OpenStreetMap,osm:way/144351848
512,covered_walkway,Covered walkway 1445904334,-37.80894034,144.95664019999998,2,,"{""type"":""LineString"",""coordinates"":[[144.9565914,-37.8091985],[144.9565987,-37.8091497],[144.9566474,-37.8089002],[144.9566768,-37.8087487],[144.9566867,-37.8087046]]}",OpenStreetMap,osm:way/1445904334
513,covered_walkway,Covered walkway 1445905448,-37.81710065,144.9668322,2,,"{""type"":""LineString"",""coordinates"":[[144.9668199,-37.8170721],[144.9668445,-37.8171292]]}",OpenStreetMap,osm:way/1445905448
514,covered_walkway,Covered walkway 1448137787,-37.82132015,144.94342215,2,,"{""type"":""LineString"",""coordinates"":[[144.9434344,-37.8213467],[144.9434099,-37.8212936]]}",OpenStreetMap,osm:way/1448137787
515,covered_walkway,Covered walkway 1448166061,-37.8216695,144.944393,2,,"{""type"":""LineString"",""coordinates"":[[144.9443721,-37.8216752],[144.9444139,-37.8216638]]}",OpenStreetMap,osm:way/1448166061
516,covered_walkway,Covered walkway 1448166062,-37.8216386,144.94437885,2,,"{""type"":""LineString"",""coordinates"":[[144.944358,-37.8216442],[144.9443997,-37.821633]]}",OpenStreetMap,osm:way/1448166062
517,covered_walkway,Covered walkway 1448166065,-37.821838150000005,144.94408655,2,,"{""type"":""LineString"",""coordinates"":[[144.9440826,-37.8218297],[144.9440905,-37.8218466]]}",OpenStreetMap,osm:way/1448166065
518,covered_walkway,Covered walkway 1448166066,-37.8219255,144.94378735,2,,"{""type"":""LineString"",""coordinates"":[[144.9437833,-37.8219169],[144.9437914,-37.8219341]]}",OpenStreetMap,osm:way/1448166066
519,covered_walkway,Covered walkway 1448166069,-37.821634275,144.944400325,2,,"{""type"":""LineString"",""coordinates"":[[144.9444575,-37.8217591],[144.9444139,-37.8216638],[144.9443997,-37.821633],[144.9443302,-37.8214812]]}",OpenStreetMap,osm:way/1448166069
520,covered_walkway,Covered walkway 1448166071,-37.821875733333336,144.9440016,2,,"{""type"":""LineString"",""coordinates"":[[144.9437213,-37.8219546],[144.9437914,-37.8219341],[144.9440905,-37.8218466],[144.9441176,-37.8218387],[144.9441407,-37.8218318],[144.9441481,-37.8218486]]}",OpenStreetMap,osm:way/1448166071
521,covered_walkway,Covered walkway 1452566017,-37.821973,144.94465094999998,2,,"{""type"":""LineString"",""coordinates"":[[144.9446597,-37.8219927],[144.9446422,-37.8219533]]}",OpenStreetMap,osm:way/1452566017
522,covered_walkway,Covered walkway 1453780432,-37.8074388,144.9631963,2,,"{""type"":""LineString"",""coordinates"":[[144.9632063,-37.8074588],[144.9631863,-37.8074188]]}",OpenStreetMap,osm:way/1453780432
523,covered_walkway,Covered walkway 1453780459,-37.8074117,144.9632075,2,,"{""type"":""LineString"",""coordinates"":[[144.9631863,-37.8074188],[144.9632287,-37.8074046]]}",OpenStreetMap,osm:way/1453780459
524,covered_walkway,Entrance/Exit 1 - Grattan Street East,-37.79987045,144.95968415,2,,"{""type"":""LineString"",""coordinates"":[[144.9596668,-37.7998686],[144.9597015,-37.7998723]]}",OpenStreetMap,osm:way/1453794765
525,covered_walkway,Covered walkway 1453811165,-37.8171083,144.96680105000002,2,,"{""type"":""LineString"",""coordinates"":[[144.9667891,-37.8170801],[144.966813,-37.8171365]]}",OpenStreetMap,osm:way/1453811165
526,covered_walkway,Covered walkway 1453831049,-37.83308436666667,144.97235363333334,2,,"{""type"":""LineString"",""coordinates"":[[144.9723353,-37.8330596],[144.9723504,-37.8330896],[144.9723752,-37.8331039]]}",OpenStreetMap,osm:way/1453831049
527,covered_walkway,Covered walkway 1453831052,-37.83303495,144.97228845,2,,"{""type"":""LineString"",""coordinates"":[[144.9722728,-37.8330268],[144.9723041,-37.8330431]]}",OpenStreetMap,osm:way/1453831052
528,covered_walkway,Covered walkway 1453831065,-37.83341833333333,144.9728736666667,2,,"{""type"":""LineString"",""coordinates"":[[144.9728443,-37.833405],[144.972866,-37.8334217],[144.9729107,-37.8334283]]}",OpenStreetMap,osm:way/1453831065
529,covered_walkway,Covered walkway 1453831066,-37.8334113,144.97288223333334,2,,"{""type"":""LineString"",""coordinates"":[[144.9728569,-37.8333944],[144.9728791,-37.8334112],[144.9729107,-37.8334283]]}",OpenStreetMap,osm:way/1453831066
530,covered_walkway,Covered walkway 1453831069,-37.833061825,144.972347475,2,,"{""type"":""LineString"",""coordinates"":[[144.9723041,-37.8330431],[144.9723353,-37.8330596],[144.9723647,-37.8330666],[144.9723858,-37.833078]]}",OpenStreetMap,osm:way/1453831069
531,covered_walkway,Covered walkway 1453831072,-37.83276846666666,144.97306136666668,2,,"{""type"":""LineString"",""coordinates"":[[144.9730265,-37.832766],[144.9730608,-37.8327642],[144.9730968,-37.8327752]]}",OpenStreetMap,osm:way/1453831072
532,covered_walkway,Covered walkway 1453831074,-37.8327935,144.97290705,2,,"{""type"":""LineString"",""coordinates"":[[144.9729127,-37.8327932],[144.9729014,-37.8327938]]}",OpenStreetMap,osm:way/1453831074
533,covered_walkway,Covered walkway 1453831093,-37.83277386666666,144.97311946666665,2,,"{""type"":""LineString"",""coordinates"":[[144.9730968,-37.8327752],[144.9731238,-37.8327736],[144.9731378,-37.8327728]]}",OpenStreetMap,osm:way/1453831093
534,covered_walkway,Covered walkway 1461780585,-37.83343825,144.97292745,2,,"{""type"":""LineString"",""coordinates"":[[144.9729107,-37.8334283],[144.9729442,-37.8334482]]}",OpenStreetMap,osm:way/1461780585
535,covered_walkway,Covered walkway 1461780590,-37.8334041,144.97289106666668,2,,"{""type"":""LineString"",""coordinates"":[[144.9729107,-37.8334283],[144.9728927,-37.8334006],[144.9728698,-37.8333834]]}",OpenStreetMap,osm:way/1461780590
536,covered_walkway,Covered walkway 1462199526,-37.83372266666667,144.9724624,2,,"{""type"":""LineString"",""coordinates"":[[144.9724688,-37.8337402],[144.9724571,-37.8337217],[144.9724613,-37.8337061]]}",OpenStreetMap,osm:way/1462199526
537,covered_walkway,Covered walkway 1462242477,-37.83306585,144.972498,2,,"{""type"":""LineString"",""coordinates"":[[144.9725052,-37.8330598],[144.9724908,-37.8330719]]}",OpenStreetMap,osm:way/1462242477
538,covered_walkway,Covered walkway 1462242478,-37.83305175,144.9722407,2,,"{""type"":""LineString"",""coordinates"":[[144.9722466,-37.8330523],[144.9722348,-37.8330512]]}",OpenStreetMap,osm:way/1462242478
539,covered_walkway,Covered walkway 1462242479,-37.8334274,144.97297665000002,2,,"{""type"":""LineString"",""coordinates"":[[144.9729671,-37.8334249],[144.9729862,-37.8334299]]}",OpenStreetMap,osm:way/1462242479
540,covered_walkway,Covered walkway 1462242480,-37.8334794,144.97293845000002,2,,"{""type"":""LineString"",""coordinates"":[[144.972917,-37.8334747],[144.9729599,-37.8334841]]}",OpenStreetMap,osm:way/1462242480
541,covered_walkway,Covered walkway 1462242481,-37.83317580000001,144.9726686,2,,"{""type"":""LineString"",""coordinates"":[[144.9727495,-37.8332272],[144.9725877,-37.8331244]]}",OpenStreetMap,osm:way/1462242481
542,covered_walkway,Covered walkway 1462242482,-37.833385066666665,144.9728436888889,2,,"{""type"":""LineString"",""coordinates"":[[144.97263,-37.833346],[144.9727451,-37.8334119],[144.9728694,-37.8334656],[144.972917,-37.8334747],[144.9729442,-37.8334482],[144.9729671,-37.8334249],[144.9729259,-37.8333693],[144.972845,-37.8332978],[144.9727495,-37.8332272]]}",OpenStreetMap,osm:way/1462242482
543,covered_walkway,Covered walkway 1462242483,-37.833297,144.9725456,2,,"{""type"":""LineString"",""coordinates"":[[144.9724612,-37.833248],[144.97263,-37.833346]]}",OpenStreetMap,osm:way/1462242483
544,covered_walkway,Covered walkway 1462242486,-37.83319386666667,144.97251659999998,2,,"{""type"":""LineString"",""coordinates"":[[144.9724612,-37.833248],[144.9725009,-37.8332092],[144.9725877,-37.8331244]]}",OpenStreetMap,osm:way/1462242486
545,covered_walkway,Covered walkway 1462242487,-37.833197766666665,144.97248303333333,2,,"{""type"":""LineString"",""coordinates"":[[144.9725009,-37.8332092],[144.9724822,-37.8331972],[144.972466,-37.8331869]]}",OpenStreetMap,osm:way/1462242487
546,covered_walkway,Covered walkway 1462242488,-37.833295,144.97268116666666,2,,"{""type"":""LineString"",""coordinates"":[[144.97263,-37.833346],[144.972664,-37.8333118],[144.9727495,-37.8332272]]}",OpenStreetMap,osm:way/1462242488
547,covered_walkway,Covered walkway 1462242489,-37.8333235,144.9726825,2,,"{""type"":""LineString"",""coordinates"":[[144.972664,-37.8333118],[144.9726834,-37.8333241],[144.9727001,-37.8333346]]}",OpenStreetMap,osm:way/1462242489
548,covered_walkway,Covered walkway 1464046862,-37.8327893,144.97297594999998,2,,"{""type"":""LineString"",""coordinates"":[[144.9729875,-37.8327886],[144.9729644,-37.83279]]}",OpenStreetMap,osm:way/1464046862
549,covered_walkway,Covered walkway 1464046867,-37.8328087,144.97307185,2,,"{""type"":""LineString"",""coordinates"":[[144.973017,-37.8328118],[144.9731267,-37.8328056]]}",OpenStreetMap,osm:way/1464046867
550,covered_walkway,Covered walkway 1464046869,-37.8327896,144.97312525,2,,"{""type"":""LineString"",""coordinates"":[[144.9731238,-37.8327736],[144.9731267,-37.8328056]]}",OpenStreetMap,osm:way/1464046869
551,covered_walkway,Covered walkway 1464046870,-37.8328143,144.97299003333333,2,,"{""type"":""LineString"",""coordinates"":[[144.9729763,-37.8328166],[144.9729768,-37.8328145],[144.973017,-37.8328118]]}",OpenStreetMap,osm:way/1464046870
552,covered_walkway,Covered walkway 1464046873,-37.83278153333333,144.97306590000002,2,,"{""type"":""LineString"",""coordinates"":[[144.9730968,-37.8327752],[144.9730625,-37.8327839],[144.9730384,-37.8327855]]}",OpenStreetMap,osm:way/1464046873
553,park,Angliss Rain Garden,-37.81343724117647,144.95256164705884,1,739.3,"{""type"":""Polygon"",""coordinates"":[[[144.952515,-37.8135991],[144.9525427,-37.8136583],[144.9527547,-37.8136018],[144.9527029,-37.8134865],[144.9527005,-37.8134812],[144.9526507,-37.8134907],[144.9526479,-37.8134767],[144.9525597,-37.8134821],[144.9525137,-37.8134193],[144.9525106,-37.8133616],[144.9526323,-37.8133306],[144.9525853,-37.8132245],[144.9524659,-37.813263],[144.9524408,-37.8132165],[144.9523406,-37.8132413],[144.9524697,-37.8135008],[144.952515,-37.8135991]]]}",OpenStreetMap,osm:way/1470001597
554,park,Australian Catholic University Campus Park,-37.807103757142855,144.97841852857144,1,1785.9,"{""type"":""Polygon"",""coordinates"":[[[144.9786289,-37.8069962],[144.978557,-37.8074398],[144.9781515,-37.8073988],[144.9782234,-37.8069552],[144.97826,-37.8069589],[144.97848,-37.8069812],[144.9786289,-37.8069962]]]}",OpenStreetMap,osm:way/1473286900
555,park,Cardigan Street Park,-37.79437744285714,144.96624244285712,1,513.3,"{""type"":""Polygon"",""coordinates"":[[[144.9663276,-37.7944825],[144.9663669,-37.794262],[144.9661611,-37.7942413],[144.9661299,-37.7942387],[144.9660943,-37.7944568],[144.9662897,-37.7944783],[144.9663276,-37.7944825]]]}",OpenStreetMap,osm:way/1474999602
556,park,Cade Square,-37.7777116,144.93945408,1,819.7,"{""type"":""Polygon"",""coordinates"":[[[144.9393625,-37.777563],[144.9397316,-37.7777956],[144.9395915,-37.7779345],[144.9392223,-37.7777019],[144.9393625,-37.777563]]]}",OpenStreetMap,osm:way/147522654
557,park,Unnamed park 148017595,-37.781261973333336,144.98509778000002,1,2878.6,"{""type"":""Polygon"",""coordinates"":[[[144.985126,-37.7816212],[144.9850831,-37.7816008],[144.9846489,-37.7812026],[144.9845,-37.78108],[144.9840983,-37.7809274],[144.9855468,-37.7811009],[144.9854531,-37.7812112],[144.9854139,-37.7812069],[144.985328,-37.7811976],[144.9853312,-37.7811792],[144.9852778,-37.7811735],[144.9852746,-37.7811919],[144.9849788,-37.78116],[144.9852802,-37.7814552],[144.985126,-37.7816212]]]}",OpenStreetMap,osm:way/148017595
558,covered_walkway,Covered walkway 1481647399,-37.81811966666667,144.96988839999997,2,,"{""type"":""LineString"",""coordinates"":[[144.9699062,-37.8181457],[144.9698991,-37.8181353],[144.9698599,-37.818078]]}",OpenStreetMap,osm:way/1481647399
559,park,Unnamed park 1481647412,-37.8183458,144.96976147857143,1,743.8,"{""type"":""Polygon"",""coordinates"":[[[144.9698731,-37.8181544],[144.9699289,-37.8182449],[144.9699103,-37.818364],[144.9699777,-37.8184744],[144.9697288,-37.8184768],[144.9697862,-37.8185359],[144.9696487,-37.8185402],[144.9695372,-37.8184061],[144.969574,-37.8183203],[144.9695838,-37.8183205],[144.9695959,-37.8183491],[144.9698444,-37.8183368],[144.9697986,-37.8181634],[144.9698731,-37.8181544]]]}",OpenStreetMap,osm:way/1481647412
560,park,Unnamed park 1481647414,-37.8184782,144.96926152799998,1,836.3,"{""type"":""Polygon"",""coordinates"":[[[144.9694098,-37.8183629],[144.9693973,-37.8183475],[144.969206,-37.8183455],[144.9690958,-37.8183528],[144.9690031,-37.8183808],[144.9688801,-37.8184113],[144.9690455,-37.8185722],[144.9692076,-37.8185645],[144.9692221,-37.81854],[144.9691839,-37.8185282],[144.9691739,-37.8185105],[144.9691834,-37.8184879],[144.969213,-37.8184751],[144.9692712,-37.8184687],[144.969329,-37.8184694],[144.9693782,-37.8184791],[144.9693954,-37.8185006],[144.9693874,-37.8185199],[144.9693585,-37.818535],[144.9693135,-37.818545],[144.9692923,-37.8185468],[144.9692823,-37.818561],[144.9694294,-37.818554],[144.9694697,-37.8185334],[144.9694098,-37.8183629]]]}",OpenStreetMap,osm:way/1481647414
561,covered_walkway,Covered walkway 1482759746,-37.822180175,144.9538594,2,,"{""type"":""LineString"",""coordinates"":[[144.9538346,-37.8221265],[144.9538447,-37.8221498],[144.9538747,-37.8222129],[144.9538836,-37.8222315]]}",OpenStreetMap,osm:way/1482759746
562,covered_walkway,Covered walkway 1483715928,-37.8074051,144.96320505,2,,"{""type"":""LineString"",""coordinates"":[[144.9631863,-37.8074188],[144.9632238,-37.8073914]]}",OpenStreetMap,osm:way/1483715928
563,covered_walkway,Covered walkway 1483715929,-37.80741915,144.96321039999998,2,,"{""type"":""LineString"",""coordinates"":[[144.9631863,-37.8074188],[144.9632345,-37.8074195]]}",OpenStreetMap,osm:way/1483715929
564,park,Unnamed park 1489355328,-37.823512375,144.9669156375,1,573.7,"{""type"":""Polygon"",""coordinates"":[[[144.9671013,-37.8234894],[144.9669873,-37.8234675],[144.9668799,-37.8234605],[144.966846,-37.8234924],[144.9666809,-37.8234607],[144.9666806,-37.8235842],[144.9670478,-37.8236549],[144.9671013,-37.8234894]]]}",OpenStreetMap,osm:way/1489355328
565,park,Unnamed park 1489355329,-37.82345048571428,144.9664808,1,521.9,"{""type"":""Polygon"",""coordinates"":[[[144.9666351,-37.8235746],[144.9666286,-37.8234133],[144.9664669,-37.8233825],[144.9663917,-37.8233593],[144.966327,-37.8233439],[144.9662812,-37.8235052],[144.9666351,-37.8235746]]]}",OpenStreetMap,osm:way/1489355329
566,park,Unnamed park 1489355333,-37.82323924166667,144.96547270833335,1,1173.6,"{""type"":""Polygon"",""coordinates"":[[[144.9659553,-37.8232852],[144.9659042,-37.823441],[144.9651857,-37.8233143],[144.9652167,-37.8232453],[144.9652327,-37.823213],[144.9652499,-37.8231872],[144.9652852,-37.8231708],[144.9653241,-37.823167],[144.9653615,-37.8231699],[144.9653989,-37.823176],[144.965603,-37.823216],[144.9659553,-37.8232852]]]}",OpenStreetMap,osm:way/1489355333
567,park,Capital City Trail Linear Reserve,-37.80425061666666,145.0003161952381,1,13418.8,"{""type"":""Polygon"",""coordinates"":[[[144.9991812,-37.8055814],[144.9991382,-37.8053852],[144.9990998,-37.8051053],[144.9993088,-37.8047694],[144.9994406,-37.8046519],[144.9995961,-37.8044823],[144.999809,-37.8043248],[145.0000232,-37.8042198],[145.0002412,-37.8041136],[145.0005793,-37.8040579],[145.0013099,-37.804058],[145.0018794,-37.8041424],[145.0023927,-37.8043604],[145.0024167,-37.8042327],[145.002426,-37.8041833],[145.0016892,-37.8039295],[145.0018112,-37.8032698],[145.0018697,-37.8029532],[145.0016756,-37.8029309],[145.0014091,-37.803846],[145.0012185,-37.8037634],[145.0009722,-37.8037677],[145.0009763,-37.8037414],[145.0006996,-37.8037144],[145.0006835,-37.8038182],[145.0005096,-37.8038224],[145.000379,-37.8038255],[145.0003816,-37.8038095],[145.0003077,-37.8038021],[145.0001704,-37.8038535],[145.0001807,-37.8038706],[144.9998043,-37.8040098],[144.999612,-37.8041118],[144.9995468,-37.8041334],[144.9994694,-37.8041256],[144.9994469,-37.8042381],[144.9990445,-37.8046747],[144.9988849,-37.8048336],[144.998857,-37.805423],[144.9988272,-37.8054229],[144.99883,-37.8055851],[144.9991812,-37.8055814]]]}",OpenStreetMap,osm:way/1493064101
568,park,Unnamed park 1493064102,-37.806248927272726,144.9994808181818,1,4712.4,"{""type"":""Polygon"",""coordinates"":[[[144.9991812,-37.8055814],[144.9992122,-37.8056612],[144.9994575,-37.8058667],[144.9995386,-37.8061658],[144.9995796,-37.8062355],[144.9996172,-37.8062461],[144.999648,-37.8063033],[144.9996346,-37.8063329],[144.9996775,-37.806405],[144.9997181,-37.8064683],[144.9998666,-37.8066794],[145.0000001,-37.8068186],[144.9999781,-37.806833],[144.999724,-37.8070105],[144.9996703,-37.8069808],[144.9995715,-37.8068547],[144.9991892,-37.8061295],[144.9992376,-37.8061203],[144.9990774,-37.8058228],[144.9989875,-37.8057941],[144.99883,-37.8055851],[144.9991812,-37.8055814]]]}",OpenStreetMap,osm:way/1493064102
569,park,West Gate Tunnel Wetlands,-37.81078874444445,144.90281631481483,1,20675.0,"{""type"":""Polygon"",""coordinates"":[[[144.9031452,-37.8102102],[144.9034506,-37.8102987],[144.9034166,-37.810373],[144.9034937,-37.8104113],[144.9035722,-37.8104837],[144.9036536,-37.8105195],[144.9037149,-37.8105719],[144.9032712,-37.8109402],[144.9029704,-37.8111939],[144.9027163,-37.811377],[144.9025069,-37.8115376],[144.9022467,-37.8117271],[144.9020501,-37.8118695],[144.9016761,-37.812014],[144.9013549,-37.8119048],[144.9022393,-37.8099422],[144.9024599,-37.810007],[144.9028546,-37.8101247],[144.9027302,-37.8103879],[144.9025091,-37.8104906],[144.9027148,-37.8107624],[144.9027537,-37.8107867],[144.9027977,-37.8107993],[144.9028377,-37.8107972],[144.9028701,-37.8107873],[144.9028888,-37.8107682],[144.9031452,-37.8102102]]]}",OpenStreetMap,osm:way/1493562591
570,park,Seafarers Rest Park,-37.82299305,144.95142715,1,3789.0,"{""type"":""Polygon"",""coordinates"":[[[144.9518775,-37.8231422],[144.9518811,-37.8229978],[144.9517136,-37.822705],[144.9512654,-37.8227075],[144.951095,-37.8227539],[144.9508922,-37.8230032],[144.9508772,-37.8231548],[144.950915,-37.8231599],[144.951877,-37.823164],[144.9518775,-37.8231422]]]}",OpenStreetMap,osm:way/1494569679
571,park,Monument Park,-37.81427183142857,144.94308280285713,1,1730.6,"{""type"":""Polygon"",""coordinates"":[[[144.943085,-37.8141356],[144.9431613,-37.8141696],[144.9432427,-37.8141982],[144.9432709,-37.8142067],[144.9433217,-37.8142186],[144.9434021,-37.8142275],[144.9434637,-37.8142286],[144.943522,-37.814226],[144.9435686,-37.8142186],[144.9436184,-37.8142082],[144.9436389,-37.8142401],[144.9436502,-37.8142573],[144.9432744,-37.8143999],[144.943086,-37.8144714],[144.943003,-37.8145031],[144.9428767,-37.8145512],[144.9428599,-37.8145237],[144.9428288,-37.8144706],[144.9428486,-37.8144631],[144.9427597,-37.8143168],[144.9427374,-37.8142802],[144.9427514,-37.8142688],[144.9427604,-37.8142544],[144.9427636,-37.8142385],[144.942762,-37.8142237],[144.9428012,-37.8142253],[144.9428396,-37.8142276],[144.9428872,-37.8142279],[144.9429319,-37.8142257],[144.9429681,-37.8142186],[144.9429949,-37.8142101],[144.9430203,-37.8141974],[144.9430466,-37.8141826],[144.9430659,-37.8141629],[144.943085,-37.8141356]]]}",OpenStreetMap,osm:way/1495382909
572,covered_walkway,Covered walkway 1496341123,-37.81780485,144.960176,2,,"{""type"":""LineString"",""coordinates"":[[144.9601124,-37.8176646],[144.9602396,-37.8179451]]}",OpenStreetMap,osm:way/1496341123
573,covered_walkway,Covered walkway 1496405304,-37.8179411,144.9602543,2,,"{""type"":""LineString"",""coordinates"":[[144.9602396,-37.8179451],[144.960269,-37.8179371]]}",OpenStreetMap,osm:way/1496405304
574,covered_walkway,Covered walkway 1496405311,-37.8180835,144.96030385,2,,"{""type"":""LineString"",""coordinates"":[[144.9602396,-37.8179451],[144.9603681,-37.8182219]]}",OpenStreetMap,osm:way/1496405311
575,park,TiTree Park,-37.82100943333334,144.95312276666667,1,1085.9,"{""type"":""Polygon"",""coordinates"":[[[144.9529004,-37.8209548],[144.9529752,-37.8209338],[144.9530136,-37.8209227],[144.9532702,-37.8208485],[144.9532865,-37.8208438],[144.9534874,-37.8209826],[144.9535075,-37.8210203],[144.9530774,-37.8211493],[144.953038,-37.8211614],[144.9530139,-37.8211689],[144.9530027,-37.8211723],[144.9529004,-37.8209548]]]}",OpenStreetMap,osm:way/1498379390
576,covered_walkway,Covered walkway 1498770905,-37.82159515,144.94994880000002,2,,"{""type"":""LineString"",""coordinates"":[[144.9502089,-37.8214686],[144.9496887,-37.8217217]]}",OpenStreetMap,osm:way/1498770905
577,covered_walkway,Covered walkway 1499822165,-37.8183495,144.95004870000002,2,,"{""type"":""LineString"",""coordinates"":[[144.9500758,-37.8183388],[144.9500216,-37.8183602]]}",OpenStreetMap,osm:way/1499822165
578,covered_walkway,Covered walkway 1499822166,-37.819693650000005,144.9506596,2,,"{""type"":""LineString"",""coordinates"":[[144.9508294,-37.81991],[144.9504898,-37.8194773]]}",OpenStreetMap,osm:way/1499822166
579,covered_walkway,Covered walkway 1499822170,-37.81930105,144.95039125,2,,"{""type"":""LineString"",""coordinates"":[[144.9503844,-37.8192928],[144.9503981,-37.8193093]]}",OpenStreetMap,osm:way/1499822170
580,covered_walkway,Covered walkway 1499822172,-37.8193203,144.950366,2,,"{""type"":""LineString"",""coordinates"":[[144.9503804,-37.8193377],[144.9503516,-37.8193029]]}",OpenStreetMap,osm:way/1499822172
581,covered_walkway,Covered walkway 1499822185,-37.82003795,144.95076725,2,,"{""type"":""LineString"",""coordinates"":[[144.9506752,-37.8199063],[144.9508593,-37.8201696]]}",OpenStreetMap,osm:way/1499822185
582,covered_walkway,Covered walkway 1499822187,-37.82029155,144.9504784,2,,"{""type"":""LineString"",""coordinates"":[[144.9504964,-37.8202679],[144.9504604,-37.8203152]]}",OpenStreetMap,osm:way/1499822187
583,covered_walkway,Covered walkway 1505014318,-37.82080725,144.9656974,2,,"{""type"":""LineString"",""coordinates"":[[144.9656949,-37.8208018],[144.9656999,-37.8208127]]}",OpenStreetMap,osm:way/1505014318
584,covered_walkway,Covered walkway 1505014319,-37.820812966666665,144.96569896666668,2,,"{""type"":""LineString"",""coordinates"":[[144.9656261,-37.8208335],[144.9656999,-37.8208127],[144.9657709,-37.8207927]]}",OpenStreetMap,osm:way/1505014319
585,park,Unnamed park 1505465879,-37.801658333333336,144.9089442,1,521.6,"{""type"":""Polygon"",""coordinates"":[[[144.9089089,-37.8016106],[144.9089282,-37.8015925],[144.9089526,-37.8015787],[144.9089777,-37.8015707],[144.9090045,-37.8015673],[144.9090826,-37.8016166],[144.9089449,-37.8019116],[144.9087895,-37.8018664],[144.9089089,-37.8016106]]]}",OpenStreetMap,osm:way/1505465879
586,covered_walkway,Covered walkway 1505606282,-37.8215895,144.9650626,2,,"{""type"":""LineString"",""coordinates"":[[144.9648091,-37.8213169],[144.9650799,-37.8215685],[144.9652988,-37.8218831]]}",OpenStreetMap,osm:way/1505606282
587,covered_walkway,Covered walkway 1506813434,-37.81527805,144.96546619999998,2,,"{""type"":""LineString"",""coordinates"":[[144.9654627,-37.8152696],[144.9654697,-37.8152865]]}",OpenStreetMap,osm:way/1506813434
588,covered_walkway,Covered walkway 1507331358,-37.8211639,144.9330007,2,,"{""type"":""LineString"",""coordinates"":[[144.9330231,-37.8210361],[144.9329783,-37.8212917]]}",OpenStreetMap,osm:way/1507331358
589,park,Unnamed park 1507370789,-37.79316596666667,145.02537628666667,1,1237.9,"{""type"":""Polygon"",""coordinates"":[[[145.0251672,-37.7930021],[145.0252657,-37.7929517],[145.0256902,-37.7930145],[145.0256778,-37.7933207],[145.0255994,-37.7932889],[145.0255155,-37.7932703],[145.0254292,-37.7932659],[145.0253676,-37.7932641],[145.0253419,-37.793257],[145.0253284,-37.7932464],[145.0253206,-37.7932296],[145.0253027,-37.7931906],[145.0252657,-37.7931322],[145.0252052,-37.7930534],[145.0251672,-37.7930021]]]}",OpenStreetMap,osm:way/1507370789
590,covered_walkway,Covered walkway 1507394323,-37.8152188,144.96588939999998,2,,"{""type"":""LineString"",""coordinates"":[[144.9658987,-37.8152163],[144.9658801,-37.8152213]]}",OpenStreetMap,osm:way/1507394323
591,covered_walkway,Covered walkway 1507400712,-37.8180192,144.94702278,2,,"{""type"":""LineString"",""coordinates"":[[144.9468937,-37.8180955],[144.9469495,-37.818051],[144.9470181,-37.8180092],[144.9470891,-37.8179814],[144.9471635,-37.8179589]]}",OpenStreetMap,osm:way/1507400712
592,covered_walkway,Covered walkway 1507400713,-37.8183633,144.946772475,2,,"{""type"":""LineString"",""coordinates"":[[144.9467795,-37.8183103],[144.9467722,-37.8183465],[144.9467687,-37.8183805],[144.9467695,-37.8184159]]}",OpenStreetMap,osm:way/1507400713
593,covered_walkway,Covered walkway 1507400716,-37.81826615,144.94852394999998,2,,"{""type"":""LineString"",""coordinates"":[[144.9484828,-37.8182202],[144.9485651,-37.8183121]]}",OpenStreetMap,osm:way/1507400716
594,covered_walkway,Covered walkway 1507400717,-37.818215225,144.94836705,2,,"{""type"":""LineString"",""coordinates"":[[144.9482589,-37.8182363],[144.9483251,-37.8182147],[144.9484014,-37.8181897],[144.9484828,-37.8182202]]}",OpenStreetMap,osm:way/1507400717
595,covered_walkway,Covered walkway 1507456191,-37.81485305,144.9586195,2,,"{""type"":""LineString"",""coordinates"":[[144.9585682,-37.8148685],[144.9586708,-37.8148376]]}",OpenStreetMap,osm:way/1507456191
596,covered_walkway,Covered walkway 1507640340,-37.82221246666666,144.95387653333333,2,,"{""type"":""LineString"",""coordinates"":[[144.953954,-37.8221903],[144.9538747,-37.8222129],[144.9538009,-37.8222342]]}",OpenStreetMap,osm:way/1507640340
597,covered_walkway,Covered walkway 1508072787,-37.82306046666667,144.95405276666665,2,,"{""type"":""LineString"",""coordinates"":[[144.9540462,-37.8230458],[144.95405,-37.8230545],[144.9540621,-37.8230811]]}",OpenStreetMap,osm:way/1508072787
598,covered_walkway,Covered walkway 1508072790,-37.82311905,144.95407895,2,,"{""type"":""LineString"",""coordinates"":[[144.9540718,-37.8231031],[144.9540861,-37.823135]]}",OpenStreetMap,osm:way/1508072790
599,covered_walkway,Covered walkway 1508072791,-37.8230554,144.95404686666666,2,,"{""type"":""LineString"",""coordinates"":[[144.9540795,-37.823046],[144.95405,-37.8230545],[144.9540111,-37.8230657]]}",OpenStreetMap,osm:way/1508072791
600,covered_walkway,Covered walkway 1508895392,-37.8125696,144.9625458,2,,"{""type"":""LineString"",""coordinates"":[[144.9625312,-37.8125374],[144.9625604,-37.8126018]]}",OpenStreetMap,osm:way/1508895392
601,covered_walkway,Covered walkway 1509700088,-37.8150869,144.9478562,2,,"{""type"":""LineString"",""coordinates"":[[144.9478293,-37.8150478],[144.9478831,-37.815126]]}",OpenStreetMap,osm:way/1509700088
602,covered_walkway,Covered walkway 1513437337,-37.81643413333333,144.961763,2,,"{""type"":""LineString"",""coordinates"":[[144.9617043,-37.8164088],[144.9617667,-37.8163913],[144.961818,-37.8165023]]}",OpenStreetMap,osm:way/1513437337
603,park,Power Avenue Reserve,-37.82425598,145.02426602,1,503.4,"{""type"":""Polygon"",""coordinates"":[[[145.0241085,-37.8241908],[145.0245232,-37.8242303],[145.0244986,-37.8243527],[145.0240913,-37.8243153],[145.0241085,-37.8241908]]]}",OpenStreetMap,osm:way/1513919346
604,covered_walkway,Covered walkway 1515285562,-37.822680250000005,144.96034305,2,,"{""type"":""LineString"",""coordinates"":[[144.9603434,-37.8226448],[144.9603427,-37.8227157]]}",OpenStreetMap,osm:way/1515285562
605,covered_walkway,Covered walkway 1515285572,-37.82300823333333,144.95978153333334,2,,"{""type"":""LineString"",""coordinates"":[[144.9597468,-37.8230359],[144.9597735,-37.8230074],[144.9598243,-37.8229814]]}",OpenStreetMap,osm:way/1515285572
606,covered_walkway,Covered walkway 1520527474,-37.812793150000005,144.96188865,2,,"{""type"":""LineString"",""coordinates"":[[144.9618603,-37.8127324],[144.961917,-37.8128539]]}",OpenStreetMap,osm:way/1520527474
607,park,Unnamed park 152173742,-37.81767078888889,145.02172857777776,1,6021.7,"{""type"":""Polygon"",""coordinates"":[[[145.0213198,-37.8177645],[145.0214614,-37.817782],[145.0214359,-37.8179103],[145.0220635,-37.8179836],[145.022111,-37.8177466],[145.0221538,-37.817753],[145.0222552,-37.8172125],[145.0214368,-37.8171201],[145.0213198,-37.8177645]]]}",OpenStreetMap,osm:way/152173742
608,park,Fashoda Street Reserve,-37.817783258333336,145.02442616666667,1,2782.5,"{""type"":""Polygon"",""coordinates"":[[[145.0246455,-37.817597],[145.0246266,-37.8177013],[145.0245621,-37.8177134],[145.0245328,-37.8177645],[145.0245615,-37.8178211],[145.024633,-37.8178532],[145.0245941,-37.818081],[145.0242212,-37.818034],[145.0242493,-37.8178855],[145.0238872,-37.817838],[145.0239552,-37.8175131],[145.0246455,-37.817597]]]}",OpenStreetMap,osm:way/152173750
609,park,O'Connell Reserve,-37.819744605,145.01458459999998,1,5530.6,"{""type"":""Polygon"",""coordinates"":[[[145.0141251,-37.8194062],[145.0140974,-37.8195645],[145.0140634,-37.8195608],[145.0140622,-37.819575],[145.0139778,-37.8200465],[145.0143611,-37.8201035],[145.0146517,-37.8201184],[145.0147355,-37.8201169],[145.0150325,-37.8200745],[145.0149611,-37.8199737],[145.0149172,-37.8198639],[145.0148988,-37.8197929],[145.0148923,-37.8197702],[145.0149209,-37.8197653],[145.0148877,-37.8196425],[145.0148591,-37.8196473],[145.0148167,-37.8195385],[145.0147958,-37.819477],[145.0145106,-37.8194483],[145.0141251,-37.8194062]]]}",OpenStreetMap,osm:way/152173787
610,park,Unnamed park 1522376149,-37.79733683333333,145.02863381666666,1,1524.2,"{""type"":""Polygon"",""coordinates"":[[[145.0290386,-37.7972834],[145.0288111,-37.7974451],[145.0287911,-37.797428],[145.0285099,-37.7976285],[145.028234,-37.7973821],[145.0283316,-37.7973118],[145.028467,-37.7972842],[145.028569,-37.7972671],[145.0285815,-37.7972513],[145.0286031,-37.7972404],[145.0286303,-37.7972367],[145.0290386,-37.7972834]]]}",OpenStreetMap,osm:way/1522376149
611,park,Unnamed park 1522376150,-37.798515504166666,145.02896252291666,1,17640.3,"{""type"":""Polygon"",""coordinates"":[[[145.0288168,-37.7980945],[145.0287687,-37.7982858],[145.0286663,-37.798329],[145.0280226,-37.7982437],[145.0271395,-37.7981383],[145.0256487,-37.7980283],[145.0256389,-37.7981446],[145.0255345,-37.7981376],[145.0250424,-37.7981128],[145.0249813,-37.7983024],[145.0265986,-37.7983927],[145.0268134,-37.7984327],[145.0270396,-37.7984404],[145.0279607,-37.7985541],[145.0285695,-37.7986318],[145.029152,-37.7987539],[145.0296225,-37.7988117],[145.0297745,-37.798875],[145.029722,-37.7991553],[145.0298064,-37.7991603],[145.0298834,-37.7991529],[145.0299729,-37.7991276],[145.0300282,-37.7990933],[145.0300295,-37.7990352],[145.0299951,-37.7990085],[145.0300623,-37.7989281],[145.0300992,-37.7988075],[145.0301262,-37.7988023],[145.0301434,-37.7987932],[145.030159,-37.7987816],[145.030169,-37.7987642],[145.0302209,-37.7984881],[145.0302882,-37.7980093],[145.0301604,-37.7980336],[145.0301297,-37.7980693],[145.0301128,-37.7981595],[145.0301188,-37.7981907],[145.0300654,-37.7984597],[145.030037,-37.7984932],[145.0299831,-37.7985228],[145.0299033,-37.7985259],[145.0297445,-37.7985032],[145.02971,-37.7984742],[145.0294703,-37.7984461],[145.0293916,-37.7984612],[145.0292241,-37.7984115],[145.0288371,-37.7980821],[145.0288168,-37.7980945]]]}",OpenStreetMap,osm:way/1522376150
612,park,Unnamed park 1522376160,-37.79419764000001,145.0262158,1,579.0,"{""type"":""Polygon"",""coordinates"":[[[145.0261246,-37.7940836],[145.0263225,-37.7940709],[145.0263523,-37.7943677],[145.026155,-37.7943824],[145.0261246,-37.7940836]]]}",OpenStreetMap,osm:way/1522376160
613,covered_walkway,Covered walkway 1522636253,-37.81036704,144.9655682,2,,"{""type"":""LineString"",""coordinates"":[[144.9655193,-37.8105292],[144.965523,-37.8103435],[144.9655585,-37.8103325],[144.9655933,-37.8103229],[144.9656469,-37.8103071]]}",OpenStreetMap,osm:way/1522636253
614,covered_walkway,Covered walkway 1524273130,-37.81363805,144.96314805,2,,"{""type"":""LineString"",""coordinates"":[[144.9631345,-37.8136421],[144.9631616,-37.813634]]}",OpenStreetMap,osm:way/1524273130
615,covered_walkway,Covered walkway 1524273133,-37.813964850000005,144.96347885,2,,"{""type"":""LineString"",""coordinates"":[[144.9634753,-37.8139575],[144.9634824,-37.8139722]]}",OpenStreetMap,osm:way/1524273133
616,covered_walkway,Covered walkway 1524273135,-37.81394945,144.96347179999998,2,,"{""type"":""LineString"",""coordinates"":[[144.9634753,-37.8139575],[144.9634683,-37.8139414]]}",OpenStreetMap,osm:way/1524273135
617,covered_walkway,Covered walkway 1524273136,-37.813445,144.96342794999998,2,,"{""type"":""LineString"",""coordinates"":[[144.9634408,-37.8134413],[144.9634151,-37.8134487]]}",OpenStreetMap,osm:way/1524273136
618,covered_walkway,Covered walkway 1524285238,-37.816199775,144.9617317,2,,"{""type"":""LineString"",""coordinates"":[[144.9615315,-37.8162763],[144.961693,-37.81623],[144.9618201,-37.8161935],[144.9618822,-37.8160993]]}",OpenStreetMap,osm:way/1524285238
619,covered_walkway,Covered walkway 1524285239,-37.81627806666666,144.9617152,2,,"{""type"":""LineString"",""coordinates"":[[144.9617444,-37.8163412],[144.9617082,-37.816263],[144.961693,-37.81623]]}",OpenStreetMap,osm:way/1524285239
620,covered_walkway,Covered walkway 1524289746,-37.8107258,144.96537095,2,,"{""type"":""LineString"",""coordinates"":[[144.9653256,-37.810631],[144.9654163,-37.8108206]]}",OpenStreetMap,osm:way/1524289746
621,covered_walkway,Covered walkway 1525009207,-37.828873566666665,144.98793373333334,2,,"{""type"":""LineString"",""coordinates"":[[144.9879082,-37.8290978],[144.9879504,-37.8288026],[144.9879426,-37.8287203]]}",OpenStreetMap,osm:way/1525009207
622,park,Unnamed park 1526030231,-37.80603545,144.90595069375,1,2287.5,"{""type"":""Polygon"",""coordinates"":[[[144.9054148,-37.8060723],[144.9055206,-37.8059886],[144.9055655,-37.8059658],[144.9057144,-37.8059404],[144.9059276,-37.8059118],[144.9060416,-37.8059028],[144.9061623,-37.8059086],[144.9062917,-37.8059372],[144.9066802,-37.8060524],[144.9066243,-37.8061062],[144.9065432,-37.8062281],[144.9060282,-37.8061521],[144.9060305,-37.8061425],[144.9056406,-37.806085],[144.9056108,-37.8061011],[144.9054148,-37.8060723]]]}",OpenStreetMap,osm:way/1526030231
623,park,Shepherd Bridge Reserve,-37.80525766666667,144.90842888787878,1,5499.7,"{""type"":""Polygon"",""coordinates"":[[[144.9078037,-37.8068305],[144.9078897,-37.8068543],[144.9082571,-37.8061835],[144.9084234,-37.8057502],[144.908575,-37.805427],[144.9086595,-37.8051473],[144.9087104,-37.8048675],[144.9087587,-37.80445],[144.9087828,-37.8043208],[144.9088646,-37.8041258],[144.9089545,-37.8039425],[144.9090055,-37.8038884],[144.9090254,-37.8038502],[144.9090104,-37.8038454],[144.9089961,-37.803842],[144.9089278,-37.8038428],[144.9088817,-37.8038675],[144.9088164,-37.8039768],[144.9086734,-37.8043333],[144.9085597,-37.8047894],[144.9085039,-37.8050317],[144.908388,-37.8053335],[144.9082373,-37.8057257],[144.9081713,-37.8058602],[144.9081458,-37.8059393],[144.9080989,-37.8059948],[144.9080277,-37.8060719],[144.9079878,-37.806138],[144.9078406,-37.8064397],[144.9077943,-37.806558],[144.9077832,-37.8066849],[144.907795,-37.8067596],[144.9078037,-37.8068305]]]}",OpenStreetMap,osm:way/1526030250
624,park,Unnamed park 1526280756,-37.807488275,145.00705615,1,3394.5,"{""type"":""Polygon"",""coordinates"":[[[145.0077472,-37.807679],[145.0077957,-37.8074227],[145.0077081,-37.8073824],[145.0073006,-37.8073136],[145.0061136,-37.8073324],[145.006092,-37.807461],[145.0062003,-37.8074373],[145.0065695,-37.8074699],[145.0068296,-37.807477],[145.006941,-37.807552],[145.007629,-37.807653],[145.0077472,-37.807679]]]}",OpenStreetMap,osm:way/1526280756
625,covered_walkway,Covered walkway 1526334959,-37.81235985,144.97012949999998,2,,"{""type"":""LineString"",""coordinates"":[[144.9699347,-37.8124456],[144.9703243,-37.8122741]]}",OpenStreetMap,osm:way/1526334959
626,park,Rockingham Reserve,-37.81168085,145.016001,1,5470.0,"{""type"":""Polygon"",""coordinates"":[[[145.0158716,-37.8112844],[145.0165769,-37.811368],[145.0163266,-37.8121553],[145.0156602,-37.812072],[145.0156991,-37.811921],[145.0158716,-37.8112844]]]}",OpenStreetMap,osm:way/1526396907
627,park,Muir Street Reserve,-37.81384520952381,145.01523477619048,1,2115.0,"{""type"":""Polygon"",""coordinates"":[[[145.0153962,-37.8132694],[145.0153933,-37.8132837],[145.0153372,-37.8135588],[145.0154278,-37.813539],[145.0154249,-37.8135709],[145.0154166,-37.8136556],[145.015337,-37.8136736],[145.0153343,-37.8137526],[145.0153315,-37.8138326],[145.0152272,-37.8141826],[145.0152043,-37.8142595],[145.015141,-37.8143654],[145.015104,-37.8144635],[145.0149981,-37.8144514],[145.0148956,-37.814442],[145.0149243,-37.8143843],[145.0149585,-37.8141639],[145.0151398,-37.813939],[145.0152525,-37.8134016],[145.01529,-37.8132906],[145.0153962,-37.8132694]]]}",OpenStreetMap,osm:way/1526396910
628,park,Unnamed park 1526427037,-37.78467097142857,145.02649392857143,1,690.8,"{""type"":""Polygon"",""coordinates"":[[[145.0263301,-37.7845547],[145.0267463,-37.784606],[145.0267293,-37.7847189],[145.0265242,-37.784694],[145.0265055,-37.7847958],[145.026292,-37.7847727],[145.0263301,-37.7845547]]]}",OpenStreetMap,osm:way/1526427037
629,covered_walkway,Covered walkway 1526689527,-37.819272100000006,144.9450995,2,,"{""type"":""LineString"",""coordinates"":[[144.9451094,-37.8192693],[144.9450896,-37.8192749]]}",OpenStreetMap,osm:way/1526689527
630,covered_walkway,Covered walkway 1526689533,-37.818973150000005,144.9452568,2,,"{""type"":""LineString"",""coordinates"":[[144.9452449,-37.8189763],[144.9452687,-37.81897]]}",OpenStreetMap,osm:way/1526689533
631,covered_walkway,Covered walkway 1526689534,-37.8190032,144.94517835,2,,"{""type"":""LineString"",""coordinates"":[[144.9452198,-37.8189835],[144.9451369,-37.8190229]]}",OpenStreetMap,osm:way/1526689534
632,covered_walkway,Covered walkway 1526689535,-37.8189509,144.9452236,2,,"{""type"":""LineString"",""coordinates"":[[144.9452006,-37.8189418],[144.9452253,-37.8189346],[144.9452449,-37.8189763]]}",OpenStreetMap,osm:way/1526689535
633,park,Unnamed park 1528686218,-37.79747703571429,144.90844523928573,1,3156.6,"{""type"":""Polygon"",""coordinates"":[[[144.9079077,-37.7972434],[144.9081291,-37.7973386],[144.9083552,-37.7973636],[144.9083458,-37.7974186],[144.9083489,-37.7974429],[144.9083619,-37.7974728],[144.908383,-37.7974977],[144.9084099,-37.797517],[144.9084467,-37.7975311],[144.9084865,-37.7975364],[144.9085245,-37.7975332],[144.9085628,-37.7975215],[144.9085881,-37.7975081],[144.9086077,-37.797486],[144.9086155,-37.7974724],[144.9093918,-37.7975593],[144.9093861,-37.7976365],[144.909447,-37.79764],[144.9094352,-37.7977646],[144.9093627,-37.7977566],[144.9082657,-37.7976329],[144.9079311,-37.7974923],[144.9078293,-37.7974495],[144.9078323,-37.7974371],[144.9078517,-37.7973133],[144.9078668,-37.7972846],[144.907886,-37.7972636],[144.9079077,-37.7972434]]]}",OpenStreetMap,osm:way/1528686218
634,park,Unnamed park 1528686219,-37.79805289090909,144.90927004545455,1,757.8,"{""type"":""Polygon"",""coordinates"":[[[144.9094216,-37.7979122],[144.9093196,-37.7980101],[144.9092489,-37.7980044],[144.9092381,-37.7980655],[144.909137,-37.7980542],[144.9090854,-37.7980855],[144.9090762,-37.7981386],[144.9090524,-37.7982503],[144.9094863,-37.7981517],[144.9094834,-37.7979971],[144.9094216,-37.7979122]]]}",OpenStreetMap,osm:way/1528686219
635,park,Unnamed park 1528686221,-37.79704229130435,144.91640355652174,1,4559.4,"{""type"":""Polygon"",""coordinates"":[[[144.9158838,-37.7961541],[144.9155908,-37.7963311],[144.9161127,-37.7968173],[144.9162248,-37.7968896],[144.9165165,-37.7971655],[144.9165934,-37.7973599],[144.9168249,-37.7978541],[144.9168646,-37.7980227],[144.916849,-37.7981492],[144.9169227,-37.7981593],[144.9170675,-37.7980743],[144.9169625,-37.7977748],[144.916849,-37.7976455],[144.9169159,-37.7976088],[144.9165995,-37.7970411],[144.9161972,-37.7966681],[144.9163162,-37.796599],[144.9163105,-37.7965917],[144.916006,-37.7962593],[144.9159773,-37.7962757],[144.9159007,-37.7961921],[144.9159125,-37.7961854],[144.9158838,-37.7961541]]]}",OpenStreetMap,osm:way/1528686221
636,covered_walkway,Covered walkway 1528694168,-37.81383075,144.9688713,2,,"{""type"":""LineString"",""coordinates"":[[144.968826,-37.8138143],[144.9689166,-37.8138472]]}",OpenStreetMap,osm:way/1528694168
637,covered_walkway,Covered walkway 1528694169,-37.8140347,144.96931684999998,2,,"{""type"":""LineString"",""coordinates"":[[144.9693368,-37.8140293],[144.9692969,-37.8140401]]}",OpenStreetMap,osm:way/1528694169
638,covered_walkway,Covered walkway 1528694170,-37.81393905,144.96895855,2,,"{""type"":""LineString"",""coordinates"":[[144.9690005,-37.8140309],[144.9689166,-37.8138472]]}",OpenStreetMap,osm:way/1528694170
639,covered_walkway,Covered walkway 1528694171,-37.81380425,144.969066,2,,"{""type"":""LineString"",""coordinates"":[[144.9689166,-37.8138472],[144.9692154,-37.8137613]]}",OpenStreetMap,osm:way/1528694171
640,covered_walkway,Covered walkway 1528704423,-37.80906225,144.97057615,2,,"{""type"":""LineString"",""coordinates"":[[144.970565,-37.8090392],[144.9705873,-37.8090853]]}",OpenStreetMap,osm:way/1528704423
641,covered_walkway,Covered walkway 1528707242,-37.80997025,144.96770815000002,2,,"{""type"":""LineString"",""coordinates"":[[144.9677231,-37.8099655],[144.9676932,-37.809975]]}",OpenStreetMap,osm:way/1528707242
642,covered_walkway,Covered walkway 1528707244,-37.81037916666667,144.9678791,2,,"{""type"":""LineString"",""coordinates"":[[144.9679094,-37.810443],[144.967879,-37.8103789],[144.9678489,-37.8103156]]}",OpenStreetMap,osm:way/1528707244
643,covered_walkway,Covered walkway 1528707246,-37.80982705,144.9676229,2,,"{""type"":""LineString"",""coordinates"":[[144.9676932,-37.809975],[144.9675526,-37.8096791]]}",OpenStreetMap,osm:way/1528707246
644,covered_walkway,Covered walkway 1528707249,-37.8103747,144.967893,2,,"{""type"":""LineString"",""coordinates"":[[144.967907,-37.8103705],[144.967879,-37.8103789]]}",OpenStreetMap,osm:way/1528707249
645,park,Hobson Street Park,-37.84689878333334,145.00109538333334,1,554.2,"{""type"":""Polygon"",""coordinates"":[[[145.0009529,-37.8469565],[145.0012882,-37.8470036],[145.0013254,-37.8468293],[145.0010777,-37.8467969],[145.0009752,-37.8468499],[145.0009529,-37.8469565]]]}",OpenStreetMap,osm:way/1530734357
646,covered_walkway,Covered walkway 1530754074,-37.8162549,144.96173615,2,,"{""type"":""LineString"",""coordinates"":[[144.9617641,-37.8162468],[144.9617082,-37.816263]]}",OpenStreetMap,osm:way/1530754074
647,covered_walkway,Covered walkway 1532070002,-37.79922,144.98599130000002,2,,"{""type"":""LineString"",""coordinates"":[[144.985993,-37.799212],[144.9859896,-37.799228]]}",OpenStreetMap,osm:way/1532070002
648,covered_walkway,Covered walkway 1533395837,-37.8063503,144.94163745,2,,"{""type"":""LineString"",""coordinates"":[[144.9416578,-37.8063751],[144.9416171,-37.8063255]]}",OpenStreetMap,osm:way/1533395837
649,park,Polly Woodside Park,-37.82411746052632,144.9545888631579,1,7361.4,"{""type"":""Polygon"",""coordinates"":[[[144.9556611,-37.8237981],[144.9553646,-37.8239786],[144.9553514,-37.8239867],[144.9552065,-37.8240757],[144.9551357,-37.8241193],[144.9549418,-37.824236],[144.9547821,-37.8243344],[144.9547025,-37.8243832],[144.95469,-37.8243909],[144.9546656,-37.8244057],[144.9542813,-37.8246382],[144.9541374,-37.8247253],[144.9539463,-37.824592],[144.9536845,-37.8243812],[144.9538074,-37.8243296],[144.9537415,-37.8242815],[144.953792,-37.8242678],[144.9538731,-37.8242644],[144.9541282,-37.8243845],[144.9541578,-37.8243826],[144.9544111,-37.8243239],[144.9537755,-37.8240613],[144.9537687,-37.8240457],[144.9537756,-37.8240227],[144.9538973,-37.8240135],[144.9541549,-37.8239831],[144.9542944,-37.8239669],[144.9543321,-37.8239613],[144.9544397,-37.8239464],[144.9548049,-37.8238814],[144.9548583,-37.8238694],[144.9549344,-37.8238563],[144.9550958,-37.823817],[144.9553433,-37.8237562],[144.95555,-37.823695],[144.9555821,-37.8237248],[144.9556468,-37.8237848],[144.9556611,-37.8237981]]]}",OpenStreetMap,osm:way/154297021
650,park,Loys Paddock,-37.83163112419355,145.00961079516128,1,42090.4,"{""type"":""Polygon"",""coordinates"":[[[145.0053273,-37.8310189],[145.0056298,-37.8309319],[145.0065842,-37.8310225],[145.0071455,-37.8310973],[145.0081197,-37.831289],[145.0086424,-37.8313944],[145.009027,-37.8314616],[145.0093824,-37.8315331],[145.0097528,-37.8316133],[145.0098485,-37.8316369],[145.009884,-37.8316565],[145.0099108,-37.8316878],[145.009933,-37.8317285],[145.0099611,-37.8317947],[145.0099759,-37.8318848],[145.0099682,-37.8319666],[145.0100366,-37.831971],[145.0100802,-37.8319737],[145.010106,-37.8318043],[145.010104,-37.8317375],[145.0100979,-37.8316846],[145.0100845,-37.8316406],[145.0100758,-37.8316131],[145.0100731,-37.8315861],[145.0100745,-37.8315644],[145.0100872,-37.8315358],[145.0101066,-37.8315077],[145.0101436,-37.8314825],[145.0102092,-37.8314457],[145.0102783,-37.8313928],[145.0103252,-37.8313424],[145.0103715,-37.8312831],[145.0104097,-37.831219],[145.0104266,-37.8311639],[145.0104547,-37.8310888],[145.0104801,-37.8309796],[145.0107614,-37.8309056],[145.0117641,-37.8304977],[145.0122806,-37.8303068],[145.0125223,-37.8302543],[145.0125507,-37.8302987],[145.0121214,-37.8304736],[145.0113377,-37.830862],[145.0107856,-37.8312372],[145.0105555,-37.831404],[145.010405,-37.8316761],[145.010266,-37.8324879],[145.0101773,-37.8328224],[145.009998,-37.8330878],[145.0098612,-37.8331951],[145.0096914,-37.8332353],[145.009489,-37.8332349],[145.0092863,-37.8332135],[145.0091489,-37.8331907],[145.0090589,-37.8330839],[145.0089481,-37.8327919],[145.0084856,-37.8321278],[145.0078927,-37.8317958],[145.0072874,-37.8315883],[145.0070099,-37.8314932],[145.0057391,-37.8311119],[145.0053273,-37.8310189]]]}",OpenStreetMap,osm:way/154297024
651,park,Unnamed park 154297038,-37.834317026923074,145.00022251282053,1,23023.0,"{""type"":""Polygon"",""coordinates"":[[[144.9929974,-37.833683],[144.9938025,-37.8338555],[144.9946006,-37.8338639],[144.9954504,-37.8341689],[144.9957018,-37.8342722],[144.9957173,-37.8342855],[144.9957226,-37.8342976],[144.9958085,-37.8343088],[144.9958105,-37.8343257],[144.9958977,-37.8343395],[144.9960217,-37.8343803],[144.9961209,-37.8344136],[144.9962311,-37.8344708],[144.9963281,-37.8344809],[144.9963985,-37.8345037],[144.9964467,-37.8345261],[144.9965313,-37.834554],[144.9967217,-37.834564],[144.9967352,-37.8345476],[144.9967452,-37.8345328],[144.9968581,-37.8345267],[144.9974159,-37.8344469],[144.9981073,-37.834362],[144.9991718,-37.8341792],[144.99975,-37.8340477],[145.0006448,-37.8337814],[145.0009298,-37.8337276],[145.0019297,-37.8338996],[145.0025319,-37.8341792],[145.0028975,-37.834491],[145.0030544,-37.834641],[145.0030936,-37.8346601],[145.0032757,-37.8346795],[145.0033731,-37.8346943],[145.0034927,-37.8346777],[145.0036816,-37.8346761],[145.0038217,-37.8346671],[145.0040361,-37.8346408],[145.0041486,-37.8346169],[145.0042454,-37.8345675],[145.0043373,-37.834494],[145.0043477,-37.834486],[145.0043726,-37.834466],[145.0044243,-37.834405],[145.0044996,-37.8340824],[145.0045091,-37.8339154],[145.0045211,-37.8337061],[145.0045733,-37.8337],[145.0047877,-37.8336748],[145.0048511,-37.8339333],[145.0048572,-37.8340278],[145.0048494,-37.8341197],[145.0048149,-37.8342448],[145.0047597,-37.8343577],[145.0046736,-37.8344677],[145.0045804,-37.8345551],[145.0044994,-37.8346113],[145.0043334,-37.8346691],[145.0040545,-37.8347213],[145.0035034,-37.8347826],[145.0030731,-37.834716],[145.0025691,-37.8344714],[145.0023171,-37.8342741],[145.0018995,-37.8340201],[145.0014133,-37.8338913],[145.0010327,-37.8338818],[145.0005796,-37.8339271],[144.9999756,-37.8340869],[144.9992718,-37.8343112],[144.998704,-37.8344233],[144.9981452,-37.8345163],[144.9973297,-37.8347215],[144.9968465,-37.8347453],[144.9964132,-37.8346735],[144.9953786,-37.8344257],[144.9940496,-37.8341156],[144.9929609,-37.8338872],[144.9929974,-37.833683]]]}",OpenStreetMap,osm:way/154297038
652,park,Unnamed park 154297047,-37.82808262095238,144.98366364666668,1,54432.8,"{""type"":""Polygon"",""coordinates"":[[[144.9768647,-37.8233262],[144.9769678,-37.8234186],[144.9776615,-37.8240543],[144.9777038,-37.8240571],[144.9779171,-37.8242732],[144.9779117,-37.824305],[144.9780677,-37.824487],[144.9781022,-37.8244925],[144.9783011,-37.8247236],[144.9782963,-37.8247509],[144.9788229,-37.8253696],[144.9792135,-37.8258263],[144.9794009,-37.8260206],[144.9796525,-37.8262325],[144.9798732,-37.8263819],[144.9803608,-37.8266789],[144.9806607,-37.8268389],[144.9810122,-37.827012],[144.9813587,-37.8271663],[144.9816784,-37.8273043],[144.9818808,-37.8273743],[144.9821348,-37.8274441],[144.9824456,-37.8275241],[144.9828175,-37.8276073],[144.9833137,-37.8276954],[144.9833446,-37.8276796],[144.9836902,-37.8277317],[144.98371,-37.8277546],[144.9839109,-37.8277924],[144.9839355,-37.8277948],[144.9839651,-37.8277978],[144.9840467,-37.827798],[144.9840914,-37.8277976],[144.9841876,-37.8278065],[144.9842558,-37.827832],[144.9843461,-37.8278607],[144.9848714,-37.8279792],[144.9849738,-37.8280067],[144.9851488,-37.8280405],[144.9853861,-37.8281059],[144.9855989,-37.8281881],[144.9858411,-37.8283116],[144.9860982,-37.828468],[144.9863229,-37.8286259],[144.9865048,-37.828808],[144.9867502,-37.8290019],[144.9872956,-37.8295861],[144.9880213,-37.8303225],[144.9887228,-37.8309972],[144.9898094,-37.8320435],[144.9902361,-37.8324989],[144.9904402,-37.8327481],[144.9905243,-37.832819],[144.9908231,-37.8330514],[144.9910544,-37.8331644],[144.9912618,-37.8332672],[144.9914651,-37.833333],[144.9919732,-37.8334823],[144.9929974,-37.833683],[144.9929609,-37.8338872],[144.9921622,-37.8336966],[144.9916261,-37.8335566],[144.9911306,-37.8333862],[144.9903639,-37.832946],[144.9900457,-37.8326862],[144.9885442,-37.8311428],[144.9879761,-37.8305153],[144.9877858,-37.8303533],[144.9874251,-37.8300463],[144.9862485,-37.8289385],[144.9860217,-37.828746],[144.9858111,-37.8286015],[144.9856625,-37.828514],[144.9855098,-37.8284324],[144.9853307,-37.8283623],[144.9851872,-37.8283199],[144.9849269,-37.8282946],[144.9848172,-37.8282782],[144.9841274,-37.8281517],[144.9840214,-37.8281318],[144.9834343,-37.8280215],[144.9832062,-37.8279787],[144.9824374,-37.8278313],[144.9819501,-37.8277143],[144.9818733,-37.8276958],[144.981849,-37.8277393],[144.9815951,-37.8276576],[144.9816188,-37.827613],[144.9813457,-37.8275135],[144.9810726,-37.8274027],[144.9807964,-37.8272735],[144.9805467,-37.8271506],[144.9801617,-37.82694],[144.9797951,-37.8267197],[144.9791567,-37.8262579],[144.9788174,-37.8259345],[144.9783712,-37.8254166],[144.9783214,-37.8254377],[144.9781864,-37.8252753],[144.9782357,-37.8252507],[144.9781043,-37.8250857],[144.9775826,-37.8244302],[144.977113,-37.8240011],[144.9765372,-37.8234774],[144.9768647,-37.8233262]]]}",OpenStreetMap,osm:way/154297047
653,park,Jolimont Reserve,-37.81640043,144.98113422,1,9633.3,"{""type"":""Polygon"",""coordinates"":[[[144.9792153,-37.8160907],[144.9808551,-37.8162617],[144.9812843,-37.8162712],[144.9824642,-37.8164089],[144.9824393,-37.816552],[144.9823692,-37.8166097],[144.982274,-37.8166519],[144.9820707,-37.8166857],[144.9791548,-37.8163818],[144.9792153,-37.8160907]]]}",OpenStreetMap,osm:way/154434095
654,park,Wellington Park,-37.815839286666666,144.97638062,1,8805.1,"{""type"":""Polygon"",""coordinates"":[[[144.9754223,-37.8157142],[144.9758651,-37.8157139],[144.9760737,-37.8157245],[144.9764274,-37.8157606],[144.9769171,-37.8158113],[144.9774838,-37.815874],[144.978242,-37.8159573],[144.9788821,-37.8160285],[144.9788405,-37.816323],[144.9760311,-37.8159415],[144.974863,-37.8157828],[144.974915,-37.8157781],[144.975086,-37.8157393],[144.9752379,-37.8157261],[144.9754223,-37.8157142]]]}",OpenStreetMap,osm:way/154434398
655,park,Unnamed park 155428009,-37.79374978571429,144.98445055714288,1,2127.0,"{""type"":""Polygon"",""coordinates"":[[[144.9840207,-37.7936351],[144.9843921,-37.7936778],[144.9847005,-37.7937231],[144.9850312,-37.7937603],[144.9850047,-37.7939608],[144.983984,-37.7938563],[144.9840207,-37.7936351]]]}",OpenStreetMap,osm:way/155428009
656,park,Unnamed park 155428385,-37.79404676666667,144.98666228333337,1,6539.9,"{""type"":""Polygon"",""coordinates"":[[[144.9880967,-37.7940938],[144.9873671,-37.7940177],[144.9872678,-37.7940079],[144.9872061,-37.7939995],[144.987139,-37.7939861],[144.9870155,-37.7939585],[144.9869502,-37.7939478],[144.9852832,-37.7937734],[144.9852478,-37.7939994],[144.9855443,-37.7940269],[144.9856576,-37.7940395],[144.9857429,-37.794053],[144.9859259,-37.7940888],[144.9859999,-37.7941006],[144.9863832,-37.7941409],[144.986936,-37.7941982],[144.9880612,-37.794316],[144.9880967,-37.7940938]]]}",OpenStreetMap,osm:way/155428385
657,park,Studley Reserve,-37.801416716666665,144.99693723333334,1,617.8,"{""type"":""Polygon"",""coordinates"":[[[144.9970394,-37.8015535],[144.9967984,-37.8015315],[144.9968329,-37.8012946],[144.9968361,-37.8012726],[144.9970772,-37.8012946],[144.9970394,-37.8015535]]]}",OpenStreetMap,osm:way/155534107
658,park,Unnamed park 155550705,-37.7882462484375,145.0064600890625,1,131849.1,"{""type"":""Polygon"",""coordinates"":[[[145.0043175,-37.7844903],[145.0025623,-37.7848878],[145.002558,-37.7849864],[145.0026277,-37.7850966],[145.0059,-37.7866864],[145.0061253,-37.7868602],[145.006254,-37.7870765],[145.0062648,-37.7872376],[145.0060126,-37.7886069],[145.0059912,-37.7888188],[145.0058571,-37.7888867],[145.0057337,-37.7888612],[145.0054457,-37.7888277],[145.0052832,-37.7896529],[145.0056067,-37.7898366],[145.0055374,-37.7903133],[145.005307,-37.7907515],[145.0051892,-37.7920429],[145.0053321,-37.791867],[145.0054981,-37.7916307],[145.0056263,-37.7914223],[145.0056637,-37.7913499],[145.0056951,-37.7911704],[145.0057059,-37.7911309],[145.0057445,-37.7910508],[145.0057871,-37.7910025],[145.0058983,-37.7909241],[145.0061936,-37.790739],[145.0065144,-37.7905492],[145.0067665,-37.7903977],[145.0069388,-37.7903135],[145.0070694,-37.7902652],[145.0074817,-37.7901465],[145.0076015,-37.7900712],[145.0083792,-37.7891391],[145.0084464,-37.7890239],[145.0084995,-37.7888743],[145.0085297,-37.7887203],[145.0085578,-37.788487],[145.0085694,-37.7882304],[145.0085714,-37.788022],[145.0085652,-37.7879601],[145.0085471,-37.7879075],[145.0085076,-37.7878497],[145.0084433,-37.7877619],[145.0084229,-37.7877147],[145.0083498,-37.7874688],[145.0082799,-37.7872848],[145.0081496,-37.7870639],[145.0080569,-37.7869169],[145.0079632,-37.7868068],[145.0078147,-37.786629],[145.007664,-37.7864975],[145.0075209,-37.7864133],[145.0073072,-37.7863246],[145.0070964,-37.7862247],[145.0067069,-37.7860818],[145.0058252,-37.7857555],[145.0050919,-37.7854792],[145.0049623,-37.7853894],[145.0048382,-37.7852684],[145.0047468,-37.7851162],[145.0046244,-37.7849067],[145.0043175,-37.7844903]]]}",OpenStreetMap,osm:way/155550705
659,park,Unnamed park 155551201,-37.78280498181818,145.0043935818182,1,34791.7,"{""type"":""Polygon"",""coordinates"":[[[145.00594,-37.7822624],[145.0058087,-37.7829083],[145.0056996,-37.7834677],[145.0039663,-37.7837845],[145.0033547,-37.7832652],[145.0033409,-37.7832728],[145.003348,-37.7828458],[145.003348,-37.7826016],[145.003657,-37.7821878],[145.0039262,-37.7819963],[145.00594,-37.7822624]]]}",OpenStreetMap,osm:way/155551201
660,park,Unnamed park 155551337,-37.78513668,144.99579562000002,1,5604.7,"{""type"":""Polygon"",""coordinates"":[[[144.9956429,-37.7847559],[144.9963945,-37.7852323],[144.9960566,-37.7857749],[144.9952412,-37.7851644],[144.9956429,-37.7847559]]]}",OpenStreetMap,osm:way/155551337
661,park,Merri Creek Recreation Reserve,-37.782500586486485,144.9924946027027,1,34028.1,"{""type"":""Polygon"",""coordinates"":[[[144.9917577,-37.7802151],[144.9910852,-37.7807691],[144.9908861,-37.7809911],[144.9908263,-37.7812557],[144.9908023,-37.7815112],[144.9908616,-37.781761],[144.9909638,-37.7819574],[144.9912286,-37.7822011],[144.9918839,-37.7827448],[144.9922004,-37.7829645],[144.9922493,-37.7829222],[144.9931598,-37.7835449],[144.9931598,-37.7836127],[144.9950427,-37.7849313],[144.9950846,-37.7850113],[144.9952749,-37.7848395],[144.9954888,-37.784659],[144.9948174,-37.7841808],[144.9944675,-37.7838608],[144.9942154,-37.7836243],[144.9938344,-37.7834185],[144.9935199,-37.7832486],[144.993088,-37.7830611],[144.9920875,-37.7826906],[144.9919838,-37.7826639],[144.9919137,-37.7825524],[144.991831,-37.7824969],[144.9918466,-37.7824304],[144.9918882,-37.7824226],[144.9918937,-37.782399],[144.9919205,-37.7822775],[144.9918121,-37.7817744],[144.9917308,-37.7813052],[144.9918103,-37.7810833],[144.9920027,-37.7806272],[144.9919233,-37.7802972],[144.9917577,-37.7802151]]]}",OpenStreetMap,osm:way/155551391
662,park,Grovesland Reserve,-37.7782476787234,144.9904975382979,1,31985.2,"{""type"":""Polygon"",""coordinates"":[[[144.9892218,-37.7772234],[144.9894626,-37.7769378],[144.9895151,-37.7768889],[144.9895677,-37.7768467],[144.9896697,-37.7767744],[144.9896968,-37.7767518],[144.9897178,-37.7767545],[144.9897416,-37.776761],[144.9897665,-37.7767746],[144.9897906,-37.776799],[144.9898438,-37.7768705],[144.9898819,-37.7769257],[144.9898967,-37.7769492],[144.9899204,-37.7769763],[144.9899501,-37.7770152],[144.9899993,-37.7771045],[144.9900134,-37.7771294],[144.9900222,-37.7771297],[144.9900263,-37.7771146],[144.9900668,-37.7771653],[144.9900987,-37.7771983],[144.9901401,-37.7772471],[144.9902169,-37.7775314],[144.9904785,-37.7783742],[144.9905703,-37.7785739],[144.9907897,-37.7788107],[144.99103,-37.7790099],[144.9923273,-37.7799795],[144.9924958,-37.7801255],[144.9928571,-37.7805557],[144.9929748,-37.7806736],[144.9929635,-37.7807172],[144.9925167,-37.780679],[144.9922008,-37.780652],[144.9920264,-37.7802841],[144.9916926,-37.780098],[144.9914378,-37.7800219],[144.9911428,-37.7799583],[144.9905902,-37.779865],[144.9903756,-37.7797802],[144.9901021,-37.77953],[144.9899733,-37.7792841],[144.9900323,-37.7789534],[144.9899465,-37.7783132],[144.9898016,-37.7777747],[144.98961,-37.7775341],[144.9892218,-37.7772234]]]}",OpenStreetMap,osm:way/155551503
663,park,Merri Creek Linear Reserve,-37.77794706666666,144.98917877777777,1,9056.9,"{""type"":""Polygon"",""coordinates"":[[[144.988345,-37.7782229],[144.989154,-37.7783154],[144.9891562,-37.7783036],[144.9898484,-37.7783828],[144.989752,-37.7778849],[144.9895307,-37.7775886],[144.9893048,-37.7773374],[144.9891729,-37.7772651],[144.988345,-37.7782229]]]}",OpenStreetMap,osm:way/155551733
664,park,Unnamed park 155551756,-37.77664121111111,144.98893843333337,1,2869.0,"{""type"":""Polygon"",""coordinates"":[[[144.9886322,-37.7763861],[144.9887118,-37.7764003],[144.9894424,-37.7765306],[144.9893227,-37.776724],[144.9892228,-37.7768757],[144.9890619,-37.7770466],[144.9887341,-37.7767365],[144.9886858,-37.776685],[144.9886322,-37.7763861]]]}",OpenStreetMap,osm:way/155551756
665,park,Merri Creek Reserve,-37.7754436,144.98781543928573,1,13078.4,"{""type"":""Polygon"",""coordinates"":[[[144.9874681,-37.7758264],[144.9875057,-37.7756801],[144.987959,-37.7755296],[144.9880824,-37.7757373],[144.9881899,-37.7759537],[144.9881519,-37.776237],[144.9884781,-37.7762777],[144.9885737,-37.7762937],[144.9884992,-37.7759616],[144.9886083,-37.7757014],[144.9886643,-37.7755679],[144.9886871,-37.7753496],[144.9886429,-37.7752686],[144.9883271,-37.7750255],[144.9881628,-37.7749762],[144.9879959,-37.7749556],[144.9876934,-37.7749974],[144.9874869,-37.7749442],[144.9872187,-37.7748001],[144.9868163,-37.7743635],[144.9865669,-37.7744738],[144.9870256,-37.7749211],[144.9871838,-37.7751859],[144.9873716,-37.7753791],[144.9873115,-37.7756476],[144.9873486,-37.7757076],[144.9873445,-37.7758322],[144.9874681,-37.7758264]]]}",OpenStreetMap,osm:way/155552194
666,park,Albert Park,-37.84578122758621,144.97086948965517,1,2218334.5,"{""type"":""Polygon"",""coordinates"":[[[144.9679906,-37.8375509],[144.9684492,-37.8373761],[144.9689421,-37.8371563],[144.9692968,-37.8369763],[144.9695101,-37.8368587],[144.9698011,-37.8366728],[144.9701136,-37.8364578],[144.9704763,-37.836184],[144.9706802,-37.8360119],[144.9709296,-37.8357614],[144.9711476,-37.835566],[144.9712079,-37.8355321],[144.9712535,-37.8355141],[144.9713011,-37.8355268],[144.9715822,-37.8356623],[144.9717698,-37.8357492],[144.9719495,-37.8357964],[144.9719855,-37.8358121],[144.9717296,-37.8358435],[144.9704294,-37.836614],[144.9711911,-37.8369265],[144.9712354,-37.8368862],[144.971623,-37.8370684],[144.9727191,-37.8362216],[144.9728745,-37.8363564],[144.9729466,-37.8364451],[144.9731398,-37.8366988],[144.9732336,-37.836899],[144.9733154,-37.8371341],[144.9734281,-37.8373999],[144.9736816,-37.8380174],[144.9738277,-37.838404],[144.9741134,-37.839192],[144.9767501,-37.8465638],[144.9775694,-37.8487128],[144.9776888,-37.8490761],[144.9777572,-37.849345],[144.9778967,-37.8499349],[144.9790084,-37.8532886],[144.9791239,-37.8536079],[144.9792163,-37.8537884],[144.9793196,-37.8539472],[144.9794148,-37.8540838],[144.9794831,-37.8541558],[144.9797125,-37.8543835],[144.9798721,-37.854537],[144.9799658,-37.8545987],[144.9802624,-37.8547986],[144.9803978,-37.8548843],[144.9805266,-37.8549701],[144.9808323,-37.8551406],[144.9812092,-37.8553301],[144.9819568,-37.8556297],[144.9820697,-37.8556832],[144.9821625,-37.8557467],[144.9822399,-37.8558217],[144.9822888,-37.8559147],[144.9822962,-37.8559882],[144.9823211,-37.8560557],[144.982332,-37.8561227],[144.982365,-37.8563927],[144.9823707,-37.8564064],[144.9824034,-37.8564213],[144.9824014,-37.8564642],[144.9823994,-37.8565039],[144.982388,-37.8565436],[144.9823444,-37.8565833],[144.9823203,-37.8565934],[144.9822392,-37.8566479],[144.9803663,-37.8577629],[144.9800035,-37.8579688],[144.9798238,-37.8580811],[144.9787281,-37.8587312],[144.9781039,-37.8581123],[144.9780872,-37.858095],[144.9774595,-37.8574426],[144.9768412,-37.8578163],[144.9760065,-37.8573855],[144.9755687,-37.8571484],[144.9754915,-37.857189],[144.9744014,-37.8562877],[144.9735174,-37.8555287],[144.9725941,-37.8548607],[144.9709425,-37.8536176],[144.9680675,-37.8516037],[144.9672805,-37.8510034],[144.9663952,-37.8502729],[144.965706,-37.8496564],[144.9657758,-37.8496098],[144.965584,-37.8494488],[144.9655223,-37.8494891],[144.9650802,-37.8490769],[144.9643163,-37.8483449],[144.9637155,-37.847701],[144.963089,-37.8469894],[144.9625654,-37.8463591],[144.9620161,-37.8456474],[144.9617136,-37.8452758],[144.9620234,-37.8451332],[144.9621843,-37.8449803],[144.9625918,-37.8445475],[144.9627027,-37.8444071],[144.9627556,-37.8443708],[144.9628486,-37.8442986],[144.9630375,-37.8441563],[144.963112,-37.8440629],[144.9630794,-37.8439597],[144.9632173,-37.8439127],[144.9629031,-37.8435524],[144.9626009,-37.843144],[144.9620663,-37.8423208],[144.9617239,-37.8416597],[144.9615669,-37.8413286],[144.9615831,-37.8410741],[144.9616056,-37.8410441],[144.9616436,-37.8410188],[144.961678,-37.8409963],[144.961697,-37.840971],[144.9617033,-37.8409545],[144.9617167,-37.8409207],[144.9617184,-37.8408935],[144.9617192,-37.8408636],[144.9616365,-37.8407535],[144.9616044,-37.84076],[144.9615617,-37.8407675],[144.9615047,-37.8407675],[144.9614584,-37.8407572],[144.9614133,-37.8407263],[144.9613872,-37.8406897],[144.9613836,-37.8406625],[144.9614882,-37.8406334],[144.9618503,-37.8403835],[144.9629594,-37.8396311],[144.9634516,-37.8394218],[144.9636796,-37.8392947],[144.9640015,-37.839138],[144.9643984,-37.8389579],[144.9647766,-37.8387715],[144.965128,-37.8385957],[144.9656564,-37.8383585],[144.9660117,-37.8382228],[144.9668482,-37.8379411],[144.9672905,-37.8377728],[144.9675728,-37.8377039],[144.9679906,-37.8375509]]]}",OpenStreetMap,osm:way/15865305
667,park,Jewell Station Reserve,-37.77491505238096,144.95860838095237,1,4797.8,"{""type"":""Polygon"",""coordinates"":[[[144.9585273,-37.7740524],[144.9588392,-37.7740876],[144.9588206,-37.7741966],[144.9588023,-37.7741948],[144.9587853,-37.7742852],[144.9587644,-37.7743555],[144.9587285,-37.7745005],[144.9586565,-37.7748156],[144.9586425,-37.7748135],[144.9586227,-37.7748959],[144.9586511,-37.7749002],[144.9585782,-37.7752087],[144.9585319,-37.7754208],[144.9585139,-37.7754955],[144.9585491,-37.7755004],[144.9585234,-37.775595],[144.9585382,-37.7755973],[144.9585025,-37.7757615],[144.9584785,-37.7757593],[144.9581926,-37.7757274],[144.9585273,-37.7740524]]]}",OpenStreetMap,osm:way/17592793
668,square,Cussonia Court,-37.797700628125,144.960514490625,1,,"{""type"":""Polygon"",""coordinates"":[[[144.9606603,-37.7979227],[144.9606353,-37.7979199],[144.960643,-37.797877],[144.9605848,-37.7978705],[144.9605239,-37.7978637],[144.9604577,-37.7978563],[144.9604444,-37.7979313],[144.9603761,-37.7979237],[144.960339,-37.7979195],[144.9603543,-37.7978345],[144.9603944,-37.797839],[144.9604189,-37.7977031],[144.960381,-37.7976988],[144.9603921,-37.7976367],[144.9604087,-37.7976386],[144.9604117,-37.7976223],[144.9604158,-37.7975993],[144.9603988,-37.7975974],[144.9604131,-37.7975176],[144.9604151,-37.7975063],[144.9604174,-37.7974937],[144.9604548,-37.7974979],[144.9604951,-37.7975024],[144.9604959,-37.7974979],[144.9607072,-37.7975216],[144.9607053,-37.7975322],[144.9607032,-37.7975435],[144.9606865,-37.7976366],[144.960684,-37.7976506],[144.9606806,-37.79767],[144.960705,-37.7976728],[144.9606603,-37.7979227]]]}",OpenStreetMap,osm:way/177482297
669,square,MacFarland Court,-37.79781162888889,144.96146122666667,1,,"{""type"":""Polygon"",""coordinates"":[[[144.9616427,-37.797962],[144.961611,-37.797975],[144.9615748,-37.7979682],[144.9615485,-37.7979501],[144.9615351,-37.7979228],[144.9615163,-37.7979056],[144.961462,-37.7978799],[144.9614131,-37.7978632],[144.9613911,-37.7978385],[144.9613812,-37.7978109],[144.9614,-37.7977825],[144.9614327,-37.7977496],[144.9614651,-37.7977296],[144.9615141,-37.7976946],[144.9615422,-37.7976662],[144.9615641,-37.7976499],[144.9615873,-37.7976397],[144.9616119,-37.7976377],[144.9617232,-37.7976503],[144.9617299,-37.7976169],[144.9617414,-37.7975597],[144.9615863,-37.7975424],[144.961404,-37.7975221],[144.9613547,-37.7975167],[144.9613145,-37.7975122],[144.9612861,-37.7975488],[144.9612668,-37.7975745],[144.9612609,-37.7976078],[144.9612452,-37.7976989],[144.9612142,-37.7976955],[144.9612117,-37.7977097],[144.9611586,-37.798007],[144.9612345,-37.7980155],[144.9612384,-37.7979938],[144.9613412,-37.7980054],[144.9613844,-37.7980102],[144.9614273,-37.798015],[144.961432,-37.7979993],[144.96149,-37.798007],[144.9614886,-37.7980272],[144.9615181,-37.7980305],[144.9616023,-37.7980395],[144.9616277,-37.7980425],[144.9616373,-37.7979869],[144.9616427,-37.797962]]]}",OpenStreetMap,osm:way/177482300
670,park,Lincoln Square,-37.80230361176471,144.9630105882353,1,15343.4,"{""type"":""Polygon"",""coordinates"":[[[144.9623761,-37.8020232],[144.9622238,-37.8029148],[144.9622655,-37.8029399],[144.9622476,-37.8030449],[144.9632147,-37.803151],[144.963331,-37.8031639],[144.9633498,-37.8030579],[144.96337,-37.8029438],[144.9633794,-37.8028834],[144.9633838,-37.8028541],[144.9634072,-37.8027254],[144.9634239,-37.8026254],[144.9634398,-37.8025332],[144.9634496,-37.8024706],[144.9634599,-37.8024065],[144.963479,-37.802299],[144.9634925,-37.802219],[144.9635144,-37.8020917],[144.9635176,-37.8020747],[144.9635242,-37.8020399],[144.963533,-37.8019928],[144.9635699,-37.8017975],[144.9634319,-37.8017818],[144.9633866,-37.8017626],[144.9626262,-37.8016778],[144.9624923,-37.8016631],[144.9624735,-37.8017897],[144.9624687,-37.8018069],[144.9624626,-37.8018259],[144.9624145,-37.8017883],[144.962387,-37.8019574],[144.9624494,-37.8019638],[144.9624385,-37.8020297],[144.9623761,-37.8020232]]]}",OpenStreetMap,osm:way/177499279
671,park,Hawke and King Street Reserve,-37.8054733,144.94911596129035,1,564.0,"{""type"":""Polygon"",""coordinates"":[[[144.948949,-37.8054283],[144.9489898,-37.8053877],[144.9490317,-37.8053585],[144.9490854,-37.8053249],[144.9491261,-37.8053053],[144.9491699,-37.8052921],[144.9491894,-37.8052875],[144.9492021,-37.8052861],[144.9492138,-37.8052895],[144.9492206,-37.8052975],[144.9492094,-37.8053421],[144.9491967,-37.8053937],[144.9491842,-37.8054584],[144.9491747,-37.8055188],[144.9491753,-37.8055541],[144.9491807,-37.8055548],[144.9491852,-37.8055965],[144.9491919,-37.8056211],[144.9492023,-37.8056525],[144.9492109,-37.8056718],[144.9492103,-37.8056739],[144.9492081,-37.8056759],[144.9492055,-37.8056758],[144.9492027,-37.8056743],[144.9490638,-37.8055623],[144.9489437,-37.8054921],[144.9489323,-37.8054825],[144.9489268,-37.8054724],[144.9489311,-37.8054622],[144.9489324,-37.8054514],[144.948949,-37.8054283]]]}",OpenStreetMap,osm:way/177930583
672,park,Unnamed park 177930589,-37.805172625,144.9486059,1,501.5,"{""type"":""Polygon"",""coordinates"":[[[144.9483328,-37.8050866],[144.948801,-37.8051427],[144.9488725,-37.8051515],[144.9488079,-37.8051984],[144.9486916,-37.8053065],[144.9486672,-37.8053075],[144.9483414,-37.8051012],[144.9483328,-37.8050866]]]}",OpenStreetMap,osm:way/177930589
673,park,College Crescent Reserve,-37.79290148333334,144.95876778888888,1,1359.7,"{""type"":""Polygon"",""coordinates"":[[[144.958715,-37.7926814],[144.9588415,-37.7926817],[144.95901,-37.7926859],[144.9590949,-37.7926807],[144.9591101,-37.7927162],[144.958975,-37.7928387],[144.9588107,-37.7930235],[144.9587445,-37.7931085],[144.95871,-37.7931465],[144.9586914,-37.7931574],[144.9586601,-37.7931561],[144.9586527,-37.7931731],[144.9585879,-37.7931709],[144.9586053,-37.7930349],[144.9586217,-37.792867],[144.9586298,-37.7927204],[144.9586446,-37.7927024],[144.958715,-37.7926814]]]}",OpenStreetMap,osm:way/178279894
674,park,University Cenotaph Garden,-37.79835952,144.96096196,1,637.3,"{""type"":""Polygon"",""coordinates"":[[[144.9608596,-37.7984787],[144.9610598,-37.7985005],[144.9611155,-37.7981807],[144.9609153,-37.798159],[144.9608596,-37.7984787]]]}",OpenStreetMap,osm:way/178457735
675,park,Catani Gardens,-37.86156891375,144.9710816875,1,63990.7,"{""type"":""Polygon"",""coordinates"":[[[144.9700517,-37.8590548],[144.9697278,-37.8588712],[144.9697144,-37.858866],[144.9696955,-37.8588643],[144.9696798,-37.8588642],[144.9696309,-37.858904],[144.9693545,-37.8592395],[144.9693307,-37.8592718],[144.9693225,-37.8593],[144.9693242,-37.8593323],[144.9693302,-37.8593553],[144.9693486,-37.859378],[144.9694594,-37.8594948],[144.9695418,-37.8595941],[144.9695542,-37.8595933],[144.9695727,-37.8595844],[144.9695856,-37.8595988],[144.9695971,-37.8596137],[144.9695888,-37.8596188],[144.9695834,-37.8596261],[144.9695809,-37.8596354],[144.9695862,-37.8596443],[144.9702563,-37.8604017],[144.9703426,-37.8605082],[144.9704058,-37.8606058],[144.9705339,-37.8608799],[144.9708444,-37.8615444],[144.9711005,-37.8616682],[144.9710862,-37.8618394],[144.9709988,-37.8619365],[144.9712462,-37.8625243],[144.9712996,-37.862645],[144.9713139,-37.8626947],[144.9713253,-37.8627466],[144.971331,-37.862811],[144.9713339,-37.8628754],[144.9713314,-37.8629763],[144.9713232,-37.8630773],[144.9712957,-37.8632183],[144.9714933,-37.8631374],[144.9717776,-37.8634995],[144.9711416,-37.8637927],[144.9711567,-37.8639738],[144.9711782,-37.8640913],[144.9712585,-37.8641772],[144.9713539,-37.8642396],[144.9714282,-37.8642653],[144.9714898,-37.8642784],[144.9715571,-37.8642848],[144.9716613,-37.8642782],[144.9718708,-37.8642636],[144.9719681,-37.8642478],[144.9719865,-37.8641546],[144.9719761,-37.8640233],[144.971971,-37.8638556],[144.9719962,-37.8635794],[144.9720499,-37.8632493],[144.972085,-37.8630305],[144.9721458,-37.8628509],[144.9722023,-37.8627413],[144.9723052,-37.8625959],[144.972469,-37.8623891],[144.9725388,-37.8622721],[144.9725777,-37.8621847],[144.9726032,-37.8621069],[144.9726211,-37.8620131],[144.9726282,-37.8619341],[144.9726298,-37.8618516],[144.9726206,-37.8617289],[144.9726038,-37.8616278],[144.972579,-37.861512],[144.9725347,-37.8613586],[144.9724417,-37.8611368],[144.9723811,-37.8610237],[144.972283,-37.8608906],[144.9718669,-37.8603966],[144.971352,-37.8598567],[144.9711966,-37.8597312],[144.9709734,-37.8595753],[144.9700517,-37.8590548]]]}",OpenStreetMap,osm:way/18043576
676,park,Unity Park,-37.800682875,144.9875816125,1,5995.1,"{""type"":""Polygon"",""coordinates"":[[[144.9879728,-37.8002731],[144.9873098,-37.8002162],[144.987277,-37.8002347],[144.9871388,-37.8011085],[144.9875449,-37.8011494],[144.9876001,-37.8010921],[144.9878367,-37.8011159],[144.9879728,-37.8002731]]]}",OpenStreetMap,osm:way/184394118
677,park,Gladstone Gardens,-37.85343022857143,144.9871990642857,1,5326.9,"{""type"":""Polygon"",""coordinates"":[[[144.9863477,-37.8531342],[144.9869671,-37.8532227],[144.9869972,-37.8530486],[144.9875565,-37.8531275],[144.9874964,-37.8534466],[144.9881649,-37.8537101],[144.9881361,-37.8538763],[144.9877759,-37.8537349],[144.9875446,-37.8536544],[144.9873058,-37.8535829],[144.9870601,-37.853523],[144.9867694,-37.8534553],[144.9863175,-37.8533725],[144.9863477,-37.8531342]]]}",OpenStreetMap,osm:way/18523406
678,park,Inner Circle-Mark Street Reserve,-37.78481341764706,144.98517098235294,1,5718.1,"{""type"":""Polygon"",""coordinates"":[[[144.9853978,-37.7851744],[144.9852002,-37.7851534],[144.9851669,-37.7851498],[144.9848421,-37.7854971],[144.9848272,-37.7855844],[144.9847452,-37.7856006],[144.9845925,-37.7855114],[144.9849387,-37.7851201],[144.9850278,-37.7846826],[144.9851807,-37.7846972],[144.9853056,-37.7843125],[144.9853632,-37.7839743],[144.9853833,-37.7839765],[144.9854517,-37.7835747],[144.9856665,-37.7835976],[144.9854195,-37.7850471],[144.9853978,-37.7851744]]]}",OpenStreetMap,osm:way/185735838
679,park,Unnamed park 185735839,-37.78241059333333,144.98555062,1,3307.0,"{""type"":""Polygon"",""coordinates"":[[[144.98529,-37.7817685],[144.9854152,-37.7816428],[144.9855815,-37.7819099],[144.985644,-37.7821798],[144.985785,-37.7821941],[144.9857474,-37.7823847],[144.9857299,-37.7830362],[144.9856709,-37.7834093],[144.9855294,-37.7833935],[144.9856329,-37.7828367],[144.9856172,-37.7826716],[144.9854026,-37.7826546],[144.9854724,-37.7822222],[144.9854509,-37.7820865],[144.98529,-37.7817685]]]}",OpenStreetMap,osm:way/185735839
680,park,Unnamed park 188284106,-37.8012904,144.9896425764706,1,1194.0,"{""type"":""Polygon"",""coordinates"":[[[144.9898579,-37.8013928],[144.9897443,-37.8013803],[144.9896522,-37.8013701],[144.9896499,-37.8013831],[144.9895646,-37.8013737],[144.9894917,-37.8013657],[144.9894932,-37.8013572],[144.9894155,-37.8013486],[144.9893943,-37.8012573],[144.9894298,-37.8012099],[144.9894204,-37.8011387],[144.9894264,-37.8011051],[144.9897921,-37.8011455],[144.9899064,-37.8011581],[144.9899344,-37.8011612],[144.9898928,-37.8013967],[144.9898579,-37.8013928]]]}",OpenStreetMap,osm:way/188284106
681,library,Collingwood Library,-37.80452546666667,144.99306401111113,1,,"{""type"":""Polygon"",""coordinates"":[[[144.9930672,-37.8043849],[144.9930438,-37.8045345],[144.9931336,-37.8045433],[144.9931256,-37.8045944],[144.9931913,-37.8046008],[144.9931798,-37.8046741],[144.9928624,-37.8046432],[144.9929052,-37.8043691],[144.9930672,-37.8043849]]]}",OpenStreetMap,osm:way/188434970
682,park,Leveson Street Park,-37.80063444347826,144.9515948695652,1,1320.8,"{""type"":""Polygon"",""coordinates"":[[[144.9514934,-37.8009523],[144.9515074,-37.800954],[144.9515115,-37.8009537],[144.9515337,-37.8009534],[144.9515453,-37.8009528],[144.9515842,-37.8009479],[144.9516263,-37.800876],[144.9516636,-37.8008194],[144.9517086,-37.8007509],[144.9517887,-37.8006472],[144.9518834,-37.8005213],[144.9518593,-37.8004913],[144.9515396,-37.8002226],[144.95151,-37.8003265],[144.951529,-37.8003334],[144.9515451,-37.8003471],[144.9515588,-37.8003651],[144.9515636,-37.8003828],[144.9515629,-37.8004005],[144.9515574,-37.8004319],[144.9515456,-37.8005036],[144.9515712,-37.8005062],[144.9514934,-37.8009523]]]}",OpenStreetMap,osm:way/188843615
683,park,Holden Byrne Reserve,-37.78026042222222,144.98474656666667,1,5075.4,"{""type"":""Polygon"",""coordinates"":[[[144.9844256,-37.780381],[144.9845197,-37.779861],[144.9845208,-37.7798281],[144.9852179,-37.7799022],[144.9851398,-37.7803722],[144.9850577,-37.7803696],[144.9850204,-37.780663],[144.9843916,-37.7805857],[144.9844256,-37.780381]]]}",OpenStreetMap,osm:way/192587812
684,park,Batson Reserve,-37.78265784285714,144.99113777142858,1,3231.0,"{""type"":""Polygon"",""coordinates"":[[[144.9910393,-37.7830725],[144.9915567,-37.7829104],[144.9915477,-37.7826801],[144.9909579,-37.7821604],[144.9908551,-37.7822578],[144.9909684,-37.7824512],[144.9910393,-37.7830725]]]}",OpenStreetMap,osm:way/192764683
685,park,Unnamed park 192764684,-37.78451997368421,144.99227173684213,1,10100.4,"{""type"":""Polygon"",""coordinates"":[[[144.9921734,-37.7832548],[144.9922689,-37.7833199],[144.9923331,-37.7833637],[144.9930145,-37.783828],[144.9933029,-37.7840245],[144.9936788,-37.7842806],[144.993073,-37.7848636],[144.9921633,-37.7857391],[144.9920902,-37.785737],[144.9919474,-37.7855054],[144.991879,-37.785375],[144.9918354,-37.7852701],[144.9917925,-37.7851402],[144.9917188,-37.7849124],[144.9912977,-37.7834446],[144.9912373,-37.783234],[144.9918011,-37.7829994],[144.9916725,-37.7829823],[144.9915773,-37.7829886],[144.9910797,-37.7831508],[144.9910656,-37.7831775],[144.9916451,-37.785188],[144.9917027,-37.7853549],[144.9919058,-37.7857343],[144.9920118,-37.7858922],[144.9920446,-37.7859177],[144.9921244,-37.785924],[144.9921855,-37.7859473],[144.9922478,-37.7859427],[144.9924695,-37.7857312],[144.9924246,-37.7857018],[144.9937261,-37.7844597],[144.9937633,-37.784446],[144.9938195,-37.7844557],[144.9939209,-37.7843514],[144.9929589,-37.7836974],[144.9921997,-37.7831684],[144.9921734,-37.7832548]]]}",OpenStreetMap,osm:way/192764684
686,park,Henry Turner North Reserve,-37.788993835,144.8971482825,1,127177.9,"{""type"":""Polygon"",""coordinates"":[[[144.8936194,-37.789717],[144.8936249,-37.789691],[144.8939385,-37.7879517],[144.8940441,-37.7879647],[144.8948762,-37.7880694],[144.8952053,-37.7879456],[144.8954521,-37.7877252],[144.8958758,-37.7878704],[144.896274,-37.7879498],[144.8963083,-37.7878938],[144.8964119,-37.7878903],[144.8964771,-37.7879203],[144.8965302,-37.7879145],[144.896581,-37.7880198],[144.8966287,-37.7880893],[144.8966839,-37.7881261],[144.8967582,-37.7881503],[144.8971534,-37.7882288],[144.897641,-37.7883015],[144.8982655,-37.7883784],[144.8983256,-37.788413],[144.9000566,-37.7886221],[144.9002372,-37.7887228],[144.9008272,-37.7887905],[144.9006929,-37.7899106],[144.9006934,-37.7900442],[144.90066,-37.7900873],[144.9005684,-37.7901215],[144.9004198,-37.7901675],[144.900286,-37.7901793],[144.9001659,-37.7901685],[144.8986238,-37.7900139],[144.8981483,-37.7900354],[144.8978834,-37.7900589],[144.8959758,-37.7903156],[144.8956306,-37.7903979],[144.8953718,-37.7904936],[144.8947593,-37.7898554],[144.8946364,-37.7898405],[144.8936194,-37.789717]]]}",OpenStreetMap,osm:way/196615745
687,park,Burndap Park,-37.788012558888894,144.90257268444444,1,58033.3,"{""type"":""Polygon"",""coordinates"":[[[144.9032116,-37.7851957],[144.9037936,-37.7853903],[144.9037936,-37.7854175],[144.9037602,-37.785562],[144.9037173,-37.7856569],[144.9036658,-37.7857519],[144.9035971,-37.7858469],[144.9035285,-37.7859893],[144.9034598,-37.7861589],[144.9034083,-37.7863217],[144.9033568,-37.7865184],[144.903331,-37.7866473],[144.9033139,-37.7868237],[144.9032967,-37.7869729],[144.9032795,-37.7871289],[144.903271,-37.7872578],[144.9032452,-37.7873867],[144.9032109,-37.7874884],[144.9031422,-37.7876648],[144.9030821,-37.7878072],[144.9030135,-37.7879293],[144.9029877,-37.7880311],[144.9029448,-37.7881124],[144.9028933,-37.7881803],[144.9028332,-37.7882752],[144.9027388,-37.7884516],[144.902653,-37.7886347],[144.9025757,-37.7887975],[144.9025071,-37.7889671],[144.9024813,-37.7890282],[144.902447,-37.7890485],[144.9024041,-37.7890621],[144.9023869,-37.789096],[144.902344,-37.7892452],[144.9023182,-37.7893877],[144.9023011,-37.7895369],[144.9022925,-37.7896861],[144.9022901,-37.7897473],[144.9022839,-37.7899032],[144.9023011,-37.7900252],[144.9023222,-37.7901422],[144.9023275,-37.7901697],[144.9023268,-37.7901812],[144.9023612,-37.790344],[144.9023955,-37.7904933],[144.9024384,-37.7906154],[144.9025672,-37.790907],[144.9026101,-37.791002],[144.9026873,-37.7911376],[144.9019148,-37.7911108],[144.9017776,-37.7910937],[144.9013173,-37.7907827],[144.9010374,-37.7905537],[144.9009693,-37.7904724],[144.9008614,-37.7901422],[144.9008603,-37.790034],[144.900864,-37.7895978],[144.9009573,-37.7890841],[144.9009877,-37.7889169],[144.9010208,-37.7887298],[144.9013892,-37.7869297],[144.9016261,-37.7869467],[144.9015465,-37.787597],[144.9015551,-37.7876648],[144.9015894,-37.7877394],[144.9016237,-37.7878072],[144.9017267,-37.7878751],[144.9018555,-37.7878954],[144.9020701,-37.7879429],[144.9022846,-37.7879768],[144.9024992,-37.78797],[144.9026623,-37.7879361],[144.9027599,-37.7878438],[144.9029198,-37.7874477],[144.9028854,-37.7872849],[144.9028854,-37.7871832],[144.9029884,-37.7870001],[144.9030228,-37.7868712],[144.9030829,-37.7865727],[144.9030743,-37.786437],[144.9030829,-37.7863421],[144.9030912,-37.7863048],[144.9030989,-37.7862704],[144.9031344,-37.7861115],[144.9031429,-37.7859147],[144.9031487,-37.7858692],[144.9031541,-37.7858264],[144.9031944,-37.7855077],[144.9031687,-37.7852228],[144.9032116,-37.7851957]]]}",OpenStreetMap,osm:way/196615752
688,park,Hardy Gallagher Reserve,-37.77954718958333,144.96524140208334,1,26716.4,"{""type"":""Polygon"",""coordinates"":[[[144.9629526,-37.779892],[144.963425,-37.7798645],[144.9633999,-37.7796666],[144.9636929,-37.7796135],[144.9637505,-37.7792547],[144.963816,-37.7792608],[144.963757,-37.7796204],[144.9643253,-37.7796743],[144.9643687,-37.7796777],[144.9645226,-37.7796115],[144.9645309,-37.7795589],[144.9646049,-37.7792445],[144.9648228,-37.7792602],[144.9649281,-37.7792573],[144.9650026,-37.779252],[144.9652663,-37.7792055],[144.9655397,-37.779149],[144.9658016,-37.7790767],[144.9658601,-37.7790528],[144.9659258,-37.7790024],[144.9659736,-37.7789472],[144.9660126,-37.7788745],[144.9668717,-37.7789687],[144.9671272,-37.7790034],[144.9672023,-37.7790189],[144.9673374,-37.7792527],[144.9674373,-37.7793676],[144.967284,-37.779431],[144.9671355,-37.779482],[144.9669415,-37.7795428],[144.9667584,-37.7796002],[144.9665887,-37.7796553],[144.9664188,-37.7797033],[144.9661944,-37.779766],[144.9659621,-37.7798269],[144.9657954,-37.7798662],[144.9657596,-37.7798799],[144.9657344,-37.7798949],[144.9657139,-37.7799179],[144.9657032,-37.7799391],[144.9656817,-37.7800603],[144.9656645,-37.780196],[144.9643856,-37.7800807],[144.9637721,-37.7799916],[144.9629654,-37.7800192],[144.9629603,-37.779949],[144.9629598,-37.7799425],[144.9629526,-37.779892]]]}",OpenStreetMap,osm:way/198843622
689,covered_walkway,Covered walkway 198989383,-37.8186235,144.9544936,2,,"{""type"":""LineString"",""coordinates"":[[144.9545845,-37.8188279],[144.9544027,-37.8184191]]}",OpenStreetMap,osm:way/198989383
690,park,Merri Common,-37.777316084615386,144.99335074615385,1,7854.5,"{""type"":""Polygon"",""coordinates"":[[[144.9933072,-37.7766024],[144.9933716,-37.7765981],[144.9934222,-37.7765646],[144.9934896,-37.7765091],[144.9935616,-37.7764332],[144.9936318,-37.7764222],[144.9936854,-37.7764455],[144.9937015,-37.776473],[144.993723,-37.776543],[144.9934677,-37.7779638],[144.9935992,-37.7779872],[144.9935137,-37.778364],[144.9934174,-37.7784715],[144.9929693,-37.7784149],[144.9930601,-37.7779596],[144.9931597,-37.7779718],[144.9931744,-37.7779088],[144.9931868,-37.7778417],[144.9931917,-37.7778103],[144.993176,-37.77779],[144.9932046,-37.777575],[144.9931905,-37.7774073],[144.993214,-37.7772484],[144.9931955,-37.7771758],[144.9931977,-37.7771346],[144.9933072,-37.7766024]]]}",OpenStreetMap,osm:way/199770370
691,park,Oxford Street Park,-37.8067211625,144.9842899,1,547.9,"{""type"":""Polygon"",""coordinates"":[[[144.9843843,-37.8068399],[144.98416,-37.8068133],[144.9841616,-37.8068033],[144.9841822,-37.8066867],[144.9841999,-37.8065698],[144.9844262,-37.8065927],[144.9844207,-37.8066237],[144.9843843,-37.8068399]]]}",OpenStreetMap,osm:way/203432978
692,covered_walkway,Watertank Way,-37.81551335,144.95290555,2,,"{""type"":""LineString"",""coordinates"":[[144.9527359,-37.8155618],[144.9530752,-37.8154649]]}",OpenStreetMap,osm:way/207298911
693,park,Railway Reserve,-37.80257047333334,144.9001214266667,1,4828.6,"{""type"":""Polygon"",""coordinates"":[[[144.8999692,-37.8030058],[144.8996779,-37.8028843],[144.8993626,-37.802658],[144.8993379,-37.8026386],[144.8994227,-37.802627],[144.899524,-37.8026126],[144.899714,-37.8025741],[144.9001246,-37.8024918],[144.9004438,-37.8024197],[144.9005358,-37.8023878],[144.9005971,-37.8023666],[144.9008322,-37.80229],[144.9011181,-37.8022978],[144.9011923,-37.8022972],[144.8999692,-37.8030058]]]}",OpenStreetMap,osm:way/209528467
694,park,Gahan Reserve,-37.8033267,144.99433784,1,11842.2,"{""type"":""Polygon"",""coordinates"":[[[144.9941015,-37.8027114],[144.9949196,-37.8027906],[144.9946927,-37.8042498],[144.9938739,-37.8041703],[144.9941015,-37.8027114]]]}",OpenStreetMap,osm:way/21133506
695,park,Darling Gardens,-37.79049497826088,144.99160363913043,1,77786.6,"{""type"":""Polygon"",""coordinates"":[[[144.9904554,-37.7918839],[144.9907522,-37.7900876],[144.9907601,-37.790029],[144.9907729,-37.789978],[144.9908177,-37.7899077],[144.9908273,-37.7898999],[144.9908529,-37.7898834],[144.9909071,-37.7898531],[144.9909972,-37.7898133],[144.9910523,-37.7897955],[144.9910981,-37.7898049],[144.9911296,-37.7898203],[144.9911515,-37.7898335],[144.9911791,-37.7898488],[144.9912823,-37.7899285],[144.9913356,-37.789963],[144.9926149,-37.7900915],[144.9947068,-37.7902922],[144.9943659,-37.7922923],[144.9940952,-37.7922645],[144.9930194,-37.7921541],[144.9922548,-37.7920756],[144.9904554,-37.7918839]]]}",OpenStreetMap,osm:way/21419505
696,park,Mayors Park,-37.7889773,144.99427349444443,1,28730.6,"{""type"":""Polygon"",""coordinates"":[[[144.9927101,-37.7881889],[144.9947795,-37.7874905],[144.9949133,-37.787497],[144.9949771,-37.7875815],[144.9948805,-37.7883159],[144.9948187,-37.788786],[144.9948032,-37.7890117],[144.9947349,-37.7900093],[144.9947125,-37.7901575],[144.9946035,-37.7901511],[144.9946255,-37.7900285],[144.9946017,-37.7899757],[144.9945258,-37.7898805],[144.9944809,-37.7898273],[144.9940948,-37.7894694],[144.9933157,-37.7887924],[144.9926351,-37.7882393],[144.9927101,-37.7881889]]]}",OpenStreetMap,osm:way/21420462
697,park,Kings Business Park,-37.83070962857143,144.96644577142857,1,13278.6,"{""type"":""Polygon"",""coordinates"":[[[144.9672201,-37.8309504],[144.9660024,-37.8313],[144.9653828,-37.8306875],[144.9654445,-37.8304693],[144.9668285,-37.830088],[144.967022,-37.8305218],[144.9672201,-37.8309504]]]}",OpenStreetMap,osm:way/218014207
698,park,Unnamed park 218893230,-37.79673271111111,144.96912650000002,1,664.1,"{""type"":""Polygon"",""coordinates"":[[[144.9691596,-37.7963796],[144.9692168,-37.7963851],[144.9692301,-37.796399],[144.9691057,-37.7971574],[144.9690735,-37.7971786],[144.9690279,-37.7971722],[144.9690171,-37.7971534],[144.9691482,-37.7963895],[144.9691596,-37.7963796]]]}",OpenStreetMap,osm:way/218893230
699,park,White Street Reserve,-37.82659425,144.9944544375,1,1106.6,"{""type"":""Polygon"",""coordinates"":[[[144.9943262,-37.8266671],[144.9943068,-37.826665],[144.9943662,-37.8263243],[144.9946925,-37.8263597],[144.9946332,-37.8267005],[144.9945541,-37.8266919],[144.9944303,-37.8266784],[144.9943262,-37.8266671]]]}",OpenStreetMap,osm:way/220544670
700,park,Annettes Place,-37.81453075,145.01375835,1,3483.7,"{""type"":""Polygon"",""coordinates"":[[[145.0133254,-37.8146747],[145.0132081,-37.8142382],[145.0140941,-37.8143618],[145.0144348,-37.8144094],[145.0143837,-37.8145666],[145.0136597,-37.8147001],[145.0136356,-37.8146205],[145.0133254,-37.8146747]]]}",OpenStreetMap,osm:way/220549962
701,park,Cairns Reserve,-37.822542525,144.99983521250002,1,2853.8,"{""type"":""Polygon"",""coordinates"":[[[144.9995465,-37.8222661],[145.0000382,-37.8223201],[145.0002053,-37.8223385],[145.0000917,-37.8229836],[144.9998522,-37.8229573],[144.9999103,-37.8226273],[144.999491,-37.8225812],[144.9995465,-37.8222661]]]}",OpenStreetMap,osm:way/220550148
702,park,Coronet Park,-37.7859941,144.9232528117647,1,4417.2,"{""type"":""Polygon"",""coordinates"":[[[144.9229621,-37.7855059],[144.9229125,-37.7857849],[144.9228435,-37.7861118],[144.9231342,-37.7861474],[144.9231728,-37.7861644],[144.9231922,-37.7861887],[144.9232271,-37.7861993],[144.9232646,-37.7862205],[144.9233049,-37.7862269],[144.9233706,-37.7862301],[144.9234215,-37.7862343],[144.9234779,-37.7862407],[144.9235315,-37.7862449],[144.9236069,-37.785797],[144.923646,-37.7855648],[144.9232674,-37.7855322],[144.9229621,-37.7855059]]]}",OpenStreetMap,osm:way/221428683
703,park,Flemington Stockyards,-37.78831666428572,144.9264696857143,1,2227.6,"{""type"":""Polygon"",""coordinates"":[[[144.9261475,-37.7883085],[144.9262229,-37.7883917],[144.9259521,-37.7885626],[144.9261327,-37.7887528],[144.9264224,-37.7885742],[144.9263539,-37.7885079],[144.926723,-37.7882741],[144.9269394,-37.7881435],[144.9269532,-37.7880337],[144.9267538,-37.7880196],[144.9267518,-37.7881634],[144.9266011,-37.7882662],[144.9264743,-37.7881266],[144.9261475,-37.7883085]]]}",OpenStreetMap,osm:way/221428684
704,park,Flockhart Reserve,-37.80795145,145.00833194285715,1,7650.8,"{""type"":""Polygon"",""coordinates"":[[[145.0077957,-37.8074227],[145.0079001,-37.8074708],[145.0081699,-37.8075931],[145.0086001,-37.8078535],[145.0087219,-37.8079098],[145.0087965,-37.8079403],[145.0088378,-37.8080834],[145.0088422,-37.8084282],[145.0086775,-37.8084118],[145.008642,-37.8084083],[145.008474,-37.8083916],[145.0076466,-37.8083051],[145.0077472,-37.807679],[145.0077957,-37.8074227]]]}",OpenStreetMap,osm:way/222254709
705,library,East Melbourne Library and Community Centre,-37.81506151428572,144.98642643333332,1,,"{""type"":""Polygon"",""coordinates"":[[[144.9865055,-37.8150939],[144.9864986,-37.8150928],[144.986484,-37.8151415],[144.9864966,-37.8151445],[144.9864744,-37.8152038],[144.9863449,-37.8151736],[144.9863335,-37.8151979],[144.9862568,-37.8151755],[144.9862659,-37.815156],[144.986242,-37.8151535],[144.9862632,-37.8150243],[144.9863246,-37.8150306],[144.9863962,-37.8148775],[144.986473,-37.8148999],[144.9864699,-37.8149065],[144.9865393,-37.8149268],[144.9865167,-37.814975],[144.9865304,-37.814979],[144.9865104,-37.8150216],[144.9865237,-37.8150237],[144.9865055,-37.8150939]]]}",OpenStreetMap,osm:way/223544289
706,park,Gillbrook Reserve,-37.775125333333335,144.95149684999998,1,2602.9,"{""type"":""Polygon"",""coordinates"":[[[144.951328,-37.7748808],[144.951915,-37.7749487],[144.9518269,-37.7754023],[144.9513173,-37.775343],[144.9512659,-37.7752964],[144.951328,-37.7748808]]]}",OpenStreetMap,osm:way/223617006
707,park,Darling Square,-37.81294508333334,144.98891918333334,1,8130.1,"{""type"":""Polygon"",""coordinates"":[[[144.9885635,-37.8132024],[144.98872,-37.8123123],[144.9896264,-37.8124139],[144.9894572,-37.8133163],[144.9885845,-37.8132232],[144.9885635,-37.8132024]]]}",OpenStreetMap,osm:way/22562115
708,park,Powlett Reserve,-37.81158512222223,144.98695937777777,1,20597.8,"{""type"":""Polygon"",""coordinates"":[[[144.9861501,-37.8117612],[144.9861634,-37.8116845],[144.9861717,-37.8116342],[144.9863051,-37.8108508],[144.9885792,-37.8110995],[144.9884741,-37.8116944],[144.98842,-37.8120109],[144.9862207,-37.8117694],[144.9861501,-37.8117612]]]}",OpenStreetMap,osm:way/22562116
709,park,Hardy Reserve,-37.78533336666666,144.96600962222223,1,12324.4,"{""type"":""Polygon"",""coordinates"":[[[144.9635387,-37.7849656],[144.9634785,-37.7850198],[144.9634511,-37.7851637],[144.9658861,-37.7854142],[144.9662878,-37.7854585],[144.9693309,-37.7857894],[144.9693491,-37.7856784],[144.9692257,-37.7855451],[144.9635387,-37.7849656]]]}",OpenStreetMap,osm:way/22716785
710,park,Armadale Reserve,-37.85865851428572,145.0179433142857,1,4309.7,"{""type"":""Polygon"",""coordinates"":[[[145.0185174,-37.8585893],[145.0184664,-37.858962],[145.0170825,-37.8587989],[145.0171281,-37.8585236],[145.01794,-37.8586186],[145.0179514,-37.8585279],[145.0185174,-37.8585893]]]}",OpenStreetMap,osm:way/227649827
711,park,Shakespeare Street Reserve,-37.788044033333335,144.96997539999998,1,582.9,"{""type"":""Polygon"",""coordinates"":[[[144.9701538,-37.7879627],[144.9701215,-37.7881475],[144.9700926,-37.7881443],[144.9699676,-37.7881307],[144.9698047,-37.7881129],[144.9698124,-37.7880688],[144.9698352,-37.7879386],[144.969837,-37.7879281],[144.9701538,-37.7879627]]]}",OpenStreetMap,osm:way/22769294
712,park,Victory Square,-37.85295572352941,145.01415054705882,1,8091.6,"{""type"":""Polygon"",""coordinates"":[[[145.0148338,-37.8526166],[145.0148226,-37.852682],[145.0147759,-37.8529674],[145.0147324,-37.8532577],[145.0145833,-37.8532461],[145.0143987,-37.8532318],[145.0144063,-37.8532051],[145.0140139,-37.8531726],[145.0140106,-37.8531975],[145.0136418,-37.8531483],[145.0136491,-37.8531085],[145.0134531,-37.8530795],[145.0134698,-37.8530006],[145.0135434,-37.8528904],[145.013621,-37.852345],[145.0137698,-37.8524816],[145.0148338,-37.8526166]]]}",OpenStreetMap,osm:way/227962341
713,park,St Mary of the Cross Square,-37.807381425,144.97743151666666,1,2252.2,"{""type"":""Polygon"",""coordinates"":[[[144.9770181,-37.8075648],[144.9773831,-37.8076017],[144.9775367,-37.8076173],[144.9775701,-37.8074111],[144.9775847,-37.8074126],[144.9775933,-37.8073596],[144.9775681,-37.807357],[144.977595,-37.8071913],[144.9776097,-37.8071928],[144.977612,-37.8071785],[144.9770893,-37.8071256],[144.9770181,-37.8075648]]]}",OpenStreetMap,osm:way/228168199
714,park,University Square,-37.801570304,144.96025701,1,18704.4,"{""type"":""Polygon"",""coordinates"":[[[144.9597002,-37.8019134],[144.9597805,-37.8019221],[144.9599262,-37.80194],[144.9599389,-37.8019403],[144.9599518,-37.8019304],[144.9600102,-37.8019365],[144.9600787,-37.8019436],[144.9600856,-37.8019558],[144.9600974,-37.801959],[144.9601328,-37.8019534],[144.9601737,-37.8019587],[144.960202,-37.8019623],[144.9602009,-37.8019679],[144.9602052,-37.8019728],[144.9602754,-37.8019811],[144.960284,-37.8019742],[144.9603053,-37.8019766],[144.9603361,-37.8019801],[144.9603385,-37.8019878],[144.9603434,-37.8019899],[144.960418,-37.8019891],[144.9605636,-37.8020087],[144.9606495,-37.8020253],[144.9607389,-37.8020354],[144.9607464,-37.8020137],[144.9607802,-37.8018272],[144.9607864,-37.8017912],[144.9608147,-37.8016257],[144.9608177,-37.8016079],[144.9608606,-37.8013577],[144.9608635,-37.8013404],[144.9608921,-37.8011738],[144.9608953,-37.8011553],[144.9608983,-37.8011374],[144.9609356,-37.8009198],[144.9610526,-37.8002364],[144.9600065,-37.8001245],[144.959953,-37.8004418],[144.9599495,-37.8004577],[144.9599459,-37.8004785],[144.9599084,-37.8006747],[144.9598968,-37.8007389],[144.9598944,-37.8007522],[144.9598917,-37.8007673],[144.9597334,-37.8016457],[144.9597429,-37.801664],[144.9597255,-37.8017655],[144.9597146,-37.8018292],[144.9597075,-37.8018709],[144.9597002,-37.8019134]]]}",OpenStreetMap,osm:way/22818856
715,covered_walkway,Covered walkway 22820441,-37.8103338,144.9656641,2,,"{""type"":""LineString"",""coordinates"":[[144.9656282,-37.8102754],[144.9656364,-37.8102888],[144.9656469,-37.8103071],[144.9657449,-37.8104639]]}",OpenStreetMap,osm:way/22820441
716,library,State Library Victoria,-37.80981358666666,144.96522163,1,,"{""type"":""Polygon"",""coordinates"":[[[144.9665549,-37.8098491],[144.9664029,-37.8098924],[144.9663921,-37.8098688],[144.9658743,-37.8100163],[144.9658844,-37.8100382],[144.9653444,-37.8101921],[144.9653348,-37.810171],[144.9648735,-37.8103024],[144.9648807,-37.810318],[144.9647578,-37.810353],[144.9647078,-37.8102432],[144.9647576,-37.810229],[144.9646753,-37.8100489],[144.9646391,-37.8100592],[144.9645969,-37.8099666],[144.9645539,-37.8098724],[144.9645934,-37.8098611],[144.9645097,-37.8096776],[144.9644657,-37.8096901],[144.9644211,-37.8095924],[144.9645624,-37.8095522],[144.9647452,-37.8095001],[144.9647367,-37.8094744],[144.9652821,-37.8093153],[144.9652903,-37.8093351],[144.9653449,-37.8093196],[144.9653388,-37.8092992],[144.966191,-37.8090505],[144.9663823,-37.8094703],[144.9665549,-37.8098491]]]}",OpenStreetMap,osm:way/22820458
717,library,Baillieu Library,-37.798463913333336,144.95934255333336,1,,"{""type"":""Polygon"",""coordinates"":[[[144.9591577,-37.7979652],[144.959598,-37.7979958],[144.9595722,-37.798227],[144.959559,-37.798337],[144.9595134,-37.7987551],[144.9594338,-37.7987496],[144.9594315,-37.7987704],[144.9594223,-37.7987698],[144.9593884,-37.7987674],[144.9592613,-37.7987586],[144.9592641,-37.798734],[144.9590969,-37.7987224],[144.9591526,-37.7982214],[144.9591294,-37.7982198],[144.9591577,-37.7979652]]]}",OpenStreetMap,osm:way/22871257
718,park,South Lawn,-37.79861607666667,144.9600157666667,1,4936.7,"{""type"":""Polygon"",""coordinates"":[[[144.9600072,-37.7983757],[144.960001,-37.7984094],[144.9599664,-37.7984253],[144.9598863,-37.7984672],[144.9598514,-37.798454],[144.9598219,-37.7983782],[144.9597951,-37.7983753],[144.9597377,-37.7984131],[144.9597052,-37.7984102],[144.9596687,-37.7987501],[144.959721,-37.7987692],[144.9597331,-37.7986579],[144.9597646,-37.7986354],[144.9598021,-37.7986256],[144.9598249,-37.7986285],[144.9598531,-37.7986111],[144.9599057,-37.7986156],[144.9599278,-37.7986383],[144.9599056,-37.7987606],[144.9598828,-37.7988779],[144.9598757,-37.7989224],[144.9598743,-37.7989334],[144.9598711,-37.7989518],[144.9606353,-37.799038],[144.9606398,-37.7990103],[144.9607282,-37.7985109],[144.9607284,-37.7985061],[144.9606711,-37.7984999],[144.9606803,-37.7984552],[144.9600072,-37.7983757]]]}",OpenStreetMap,osm:way/22881658
719,park,North Lawn,-37.79689273333333,144.96196732857143,1,1767.1,"{""type"":""Polygon"",""coordinates"":[[[144.9623048,-37.7969167],[144.9623093,-37.7968978],[144.962306,-37.7968758],[144.962299,-37.7968603],[144.9622849,-37.7968464],[144.9622638,-37.796835],[144.9622329,-37.7968266],[144.9616715,-37.7967612],[144.9616401,-37.7967621],[144.9616177,-37.7967672],[144.9615977,-37.7967793],[144.9615831,-37.7967916],[144.961574,-37.7968041],[144.9615667,-37.7968245],[144.9615417,-37.7969642],[144.9618841,-37.797003],[144.9618648,-37.7971093],[144.9620832,-37.797134],[144.9621028,-37.7970257],[144.962281,-37.7970459],[144.9623048,-37.7969167]]]}",OpenStreetMap,osm:way/22979222
720,park,Johnson Park,-37.776192225,145.0095261,1,21489.6,"{""type"":""Polygon"",""coordinates"":[[[145.0098976,-37.7771138],[145.0092754,-37.7770323],[145.0086382,-37.7769489],[145.0089945,-37.7752498],[145.0090706,-37.7752592],[145.010181,-37.7754052],[145.0102539,-37.7754148],[145.0098976,-37.7771138]]]}",OpenStreetMap,osm:way/23000753
721,park,Victoria Gardens,-37.85176833846154,145.0007471076923,1,19434.1,"{""type"":""Polygon"",""coordinates"":[[[145.0013245,-37.8505733],[145.0006328,-37.8505102],[145.0005144,-37.8513196],[145.0003702,-37.8523052],[145.0001429,-37.8522845],[145.00011,-37.8525092],[145.0000963,-37.8526032],[145.0000862,-37.8526718],[145.0011925,-37.852825],[145.0012064,-37.852731],[145.001455,-37.8510502],[145.0012567,-37.8510319],[145.0013245,-37.8505733]]]}",OpenStreetMap,osm:way/23014265
722,park,Barkly Gardens,-37.82886016153846,145.00139934615385,1,28615.2,"{""type"":""Polygon"",""coordinates"":[[[145.0005835,-37.8294513],[145.0009599,-37.8272464],[145.0011374,-37.8271721],[145.0021285,-37.8272735],[145.0021789,-37.8273044],[145.0017872,-37.8295654],[145.0017094,-37.8295741],[145.0016545,-37.8296036],[145.0016214,-37.8296248],[145.0015871,-37.8296529],[145.0015715,-37.8296789],[145.0006887,-37.8295834],[145.0005835,-37.8294513]]]}",OpenStreetMap,osm:way/23023673
723,park,Gosch's Paddock,-37.826493057142855,144.98687566122447,1,71887.5,"{""type"":""Polygon"",""coordinates"":[[[144.9852008,-37.8261851],[144.9853792,-37.8251603],[144.985531,-37.8243408],[144.9855599,-37.8243445],[144.9884322,-37.8247109],[144.9884188,-37.8247681],[144.9884268,-37.8248592],[144.9884255,-37.8249979],[144.9884349,-37.8251971],[144.988459,-37.8254185],[144.9883987,-37.8257204],[144.9882283,-37.8268062],[144.9882,-37.8272392],[144.9881515,-37.8272742],[144.9881233,-37.8273024],[144.988055,-37.8273645],[144.9879621,-37.8274317],[144.9878957,-37.827476],[144.9878185,-37.8275085],[144.9877282,-37.827532],[144.9876312,-37.8275446],[144.9875304,-37.827542],[144.9874497,-37.8275311],[144.987377,-37.827513],[144.987331,-37.8274966],[144.987284,-37.8274715],[144.9872149,-37.8273774],[144.9870211,-37.8272444],[144.9869229,-37.8272235],[144.9868572,-37.8271647],[144.9867768,-37.8270772],[144.986678,-37.8269673],[144.9864817,-37.8267484],[144.98629,-37.8265312],[144.9862479,-37.8264853],[144.9860408,-37.8263101],[144.9859914,-37.8263495],[144.9859557,-37.8263416],[144.9858969,-37.8263303],[144.9858138,-37.8263245],[144.9857196,-37.8263336],[144.9856387,-37.8263503],[144.9855795,-37.8263699],[144.9855438,-37.8263525],[144.985523,-37.8263426],[144.9854822,-37.826358],[144.9854401,-37.8263772],[144.9851579,-37.8262789],[144.9852008,-37.8261851]]]}",OpenStreetMap,osm:way/23024170
724,park,Travancore Reserve,-37.77981925357143,144.93724381428572,1,34470.2,"{""type"":""Polygon"",""coordinates"":[[[144.9386968,-37.781484],[144.9384173,-37.7814323],[144.9380311,-37.7813305],[144.9378251,-37.7812084],[144.937559,-37.7809642],[144.9372186,-37.7807104],[144.9370983,-37.7807648],[144.9369993,-37.7806241],[144.9369067,-37.7804419],[144.9368295,-37.7801434],[144.9368295,-37.7799195],[144.936881,-37.7797092],[144.9369067,-37.7796075],[144.9370612,-37.7794514],[144.9370577,-37.7794043],[144.9370526,-37.7793361],[144.9367866,-37.7789359],[144.9365205,-37.7785695],[144.9360484,-37.778115],[144.9358253,-37.7778369],[144.9357909,-37.7776673],[144.9367215,-37.7775335],[144.9368819,-37.7779493],[144.9373273,-37.7788409],[144.9378766,-37.7797228],[144.9383573,-37.7805436],[144.9386233,-37.7812084],[144.9386968,-37.781484]]]}",OpenStreetMap,osm:way/23142087
725,park,Ercildoune Reserve,-37.80382163846154,144.90220148461538,1,1968.5,"{""type"":""Polygon"",""coordinates"":[[[144.9020235,-37.8035755],[144.9021357,-37.8036089],[144.9024757,-37.8037101],[144.9024324,-37.803801],[144.9024752,-37.8038138],[144.9023603,-37.8040547],[144.9022945,-37.8040351],[144.9022883,-37.8040482],[144.9021506,-37.8040072],[144.9021569,-37.8039941],[144.9018222,-37.8038945],[144.9019805,-37.8035627],[144.9020235,-37.8035755]]]}",OpenStreetMap,osm:way/23143919
726,park,Charles Bates Reserve,-37.85085470483871,144.8974528887097,1,16027.4,"{""type"":""Polygon"",""coordinates"":[[[144.9011674,-37.8538461],[144.9011912,-37.8537672],[144.900154,-37.8527687],[144.8991755,-37.8518809],[144.8976199,-37.8507176],[144.8972306,-37.8504926],[144.8964666,-37.8499626],[144.8964283,-37.8499461],[144.8963996,-37.8499456],[144.8963709,-37.8499575],[144.8963488,-37.849955],[144.8963101,-37.849935],[144.896246,-37.8498771],[144.896206,-37.8498306],[144.8961623,-37.8497834],[144.8961379,-37.8497359],[144.89599,-37.8495925],[144.8959577,-37.8495806],[144.8959361,-37.849581],[144.8959227,-37.8495812],[144.895908,-37.8495765],[144.895887,-37.8495698],[144.8954258,-37.8490444],[144.8953485,-37.8489311],[144.8952748,-37.8488001],[144.8949613,-37.848926],[144.895399,-37.849414],[144.8955078,-37.8495145],[144.8956266,-37.8496243],[144.8956768,-37.8495887],[144.895908,-37.8497713],[144.8959874,-37.8498383],[144.8961076,-37.8499159],[144.8961749,-37.8500081],[144.8962237,-37.8500601],[144.8962694,-37.8501006],[144.8965029,-37.8502625],[144.8965531,-37.8502909],[144.8966383,-37.8503275],[144.8966712,-37.8503487],[144.8967109,-37.8503846],[144.8967497,-37.8504232],[144.8968382,-37.8504825],[144.8979226,-37.8512021],[144.8979858,-37.85123],[144.8980362,-37.8512664],[144.8980617,-37.8512858],[144.8981203,-37.851351],[144.8985473,-37.8516401],[144.8986951,-37.8517502],[144.8987799,-37.8518108],[144.899219,-37.852245],[144.8992849,-37.8521985],[144.8995886,-37.8524725],[144.8995171,-37.8525173],[144.9007837,-37.8536388],[144.9008147,-37.8536564],[144.900856,-37.8536737],[144.9008926,-37.8536858],[144.900927,-37.8537038],[144.9011067,-37.8538766],[144.9011674,-37.8538461]]]}",OpenStreetMap,osm:way/23146043
727,park,Fordham Reserve,-37.79936145555556,144.90540034444444,1,3547.5,"{""type"":""Polygon"",""coordinates"":[[[144.9060309,-37.7991317],[144.9052005,-37.7990381],[144.9051471,-37.7990691],[144.9050399,-37.7996197],[144.9049303,-37.7996688],[144.9049955,-37.7997337],[144.9051545,-37.7996525],[144.9060735,-37.7992078],[144.9060309,-37.7991317]]]}",OpenStreetMap,osm:way/23146584
728,park,University Lawn,-37.8084819,144.96505584,1,904.3,"{""type"":""Polygon"",""coordinates"":[[[144.9648842,-37.8084097],[144.9650125,-37.8086787],[144.9653123,-37.8085915],[144.965186,-37.8083199],[144.9648842,-37.8084097]]]}",OpenStreetMap,osm:way/233484534
729,library,Eastern Resource Centre Library (Building 171),-37.79933187692308,144.96288393076924,1,,"{""type"":""Polygon"",""coordinates"":[[[144.9631025,-37.7992661],[144.9628581,-37.7992401],[144.9627646,-37.7992302],[144.9626024,-37.7992129],[144.9625808,-37.7992106],[144.9625527,-37.7993754],[144.962538,-37.7994614],[144.9630597,-37.7995169],[144.9630671,-37.7994739],[144.9630743,-37.7994312],[144.963092,-37.7993277],[144.9630964,-37.7993019],[144.9631025,-37.7992661]]]}",OpenStreetMap,osm:way/23766613
730,park,1888 South Lawn,-37.80003029565217,144.9630393,1,1597.8,"{""type"":""Polygon"",""coordinates"":[[[144.9625715,-37.8001282],[144.963453,-37.8002277],[144.9634576,-37.8001645],[144.9634455,-37.8001177],[144.9634172,-37.8000705],[144.963394,-37.800042],[144.9633603,-37.8000268],[144.9633138,-37.8000206],[144.9632623,-37.8000324],[144.9632069,-37.8000367],[144.9631573,-37.8000282],[144.9631148,-37.8000101],[144.9630722,-37.7999806],[144.9630293,-37.7999566],[144.9629874,-37.799948],[144.9629475,-37.7999504],[144.9628697,-37.7999562],[144.9627731,-37.7999539],[144.962673,-37.7999499],[144.9626347,-37.7999612],[144.9625993,-37.7999899],[144.962592,-37.8000165],[144.9625715,-37.8001282]]]}",OpenStreetMap,osm:way/23766733
731,covered_walkway,Covered walkway 238391835,-37.7999804,144.96211946666665,2,,"{""type"":""LineString"",""coordinates"":[[144.9621393,-37.7998533],[144.9621106,-37.8000372],[144.9621085,-37.8000507]]}",OpenStreetMap,osm:way/238391835
732,covered_walkway,Covered walkway 238391839,-37.79693775,144.96403755,2,,"{""type"":""LineString"",""coordinates"":[[144.9643342,-37.7969708],[144.9637409,-37.7969047]]}",OpenStreetMap,osm:way/238391839
733,covered_walkway,Covered walkway 238391885,-37.79715675,144.96495775,2,,"{""type"":""LineString"",""coordinates"":[[144.964996,-37.7970437],[144.9649195,-37.7972698]]}",OpenStreetMap,osm:way/238391885
734,park,Unnamed park 239022711,-37.83263173518518,145.00986672592592,1,15935.7,"{""type"":""Polygon"",""coordinates"":[[[145.0123295,-37.831334],[145.0121981,-37.8314187],[145.0119245,-37.8315479],[145.0114819,-37.8317788],[145.0111011,-37.8320606],[145.0109884,-37.8323741],[145.0108999,-37.8328592],[145.010857,-37.8329842],[145.0107577,-37.8331579],[145.0104386,-37.8335244],[145.0102454,-37.8337426],[145.0100523,-37.8338888],[145.0098914,-37.8339608],[145.009701,-37.8340095],[145.0095293,-37.8340053],[145.0092101,-37.8339036],[145.0090814,-37.8338443],[145.0089258,-37.8337278],[145.0087836,-37.8335986],[145.0087059,-37.8334948],[145.0085556,-37.8332575],[145.0084752,-37.8330584],[145.0083545,-37.8328698],[145.0081158,-37.8326644],[145.0079495,-37.8325267],[145.0076272,-37.8323332],[145.007369,-37.8322183],[145.0069853,-37.8320921],[145.0064745,-37.8318273],[145.0071211,-37.8319706],[145.0076678,-37.8321521],[145.0081771,-37.8324873],[145.0084033,-37.8327099],[145.0084736,-37.8328676],[145.0085896,-37.8331899],[145.0086793,-37.8333427],[145.0088023,-37.8334865],[145.0091088,-37.8337573],[145.0092727,-37.8338487],[145.0095565,-37.8339119],[145.0099304,-37.833841],[145.0104074,-37.8333511],[145.0106717,-37.833003],[145.0108569,-37.8319889],[145.0109682,-37.8317847],[145.0110793,-37.8315892],[145.0113066,-37.8313979],[145.0121704,-37.8308758],[145.0125138,-37.8307169],[145.0124875,-37.8308823],[145.0124442,-37.8310803],[145.0124033,-37.8312053],[145.0123724,-37.8312752],[145.0123295,-37.831334]]]}",OpenStreetMap,osm:way/239022711
735,park,Queen Victoria Gardens,-37.82175931764706,144.97172237647058,1,48183.3,"{""type"":""Polygon"",""coordinates"":[[[144.9695661,-37.8208274],[144.9696193,-37.8208306],[144.9698498,-37.8208447],[144.9700619,-37.8208778],[144.9703278,-37.820922],[144.9705512,-37.820969],[144.970852,-37.8210323],[144.971058,-37.8210757],[144.972065,-37.8213039],[144.9732659,-37.8215882],[144.9736467,-37.8216783],[144.9736734,-37.8216924],[144.9736915,-37.8217168],[144.9737003,-37.8217355],[144.9736757,-37.8218074],[144.9736366,-37.8218951],[144.9735886,-37.8219402],[144.9734461,-37.8220047],[144.9733356,-37.82203],[144.9733035,-37.8220329],[144.9729421,-37.822107],[144.9726314,-37.8221876],[144.9723639,-37.8222527],[144.9720767,-37.8223611],[144.9717585,-37.8225346],[144.9714333,-37.8227789],[144.9712931,-37.8228433],[144.9711936,-37.822917],[144.9709174,-37.8230092],[144.9704882,-37.8231448],[144.9701332,-37.8223921],[144.969359,-37.8208284],[144.9694893,-37.8208278],[144.9695661,-37.8208274]]]}",OpenStreetMap,osm:way/23909867
736,park,Charles Grimes Reserve,-37.80453736470588,144.90725160588235,1,9299.9,"{""type"":""Polygon"",""coordinates"":[[[144.9073679,-37.8049282],[144.9076959,-37.8042404],[144.907746,-37.8042553],[144.9077987,-37.8041448],[144.9077813,-37.8040613],[144.9077422,-37.8040497],[144.9076691,-37.8042031],[144.9075041,-37.8040797],[144.9072428,-37.8041388],[144.9071272,-37.8043812],[144.9068108,-37.8045863],[144.9066691,-37.8048835],[144.906158,-37.8048329],[144.9060421,-37.8050759],[144.9071487,-37.8054053],[144.9074055,-37.8049406],[144.9073679,-37.8049282]]]}",OpenStreetMap,osm:way/239151260
737,park,Liddy Street Reserve,-37.78993788,144.92562442,1,1322.7,"{""type"":""Polygon"",""coordinates"":[[[144.9256303,-37.7897498],[144.9259088,-37.7900503],[144.9256156,-37.79022],[144.9253371,-37.7899195],[144.9256303,-37.7897498]]]}",OpenStreetMap,osm:way/243432049
738,park,Melbourne Park,-37.82410474722222,144.98752129444446,1,6177.5,"{""type"":""Polygon"",""coordinates"":[[[144.9873842,-37.8242327],[144.9872505,-37.8242484],[144.9871368,-37.8242627],[144.9870714,-37.824267],[144.9870267,-37.824268],[144.9869938,-37.8242657],[144.9869617,-37.8242628],[144.9869387,-37.8242597],[144.9868568,-37.8242508],[144.986849,-37.8242202],[144.9868395,-37.8241867],[144.9868473,-37.8241519],[144.9868682,-37.8240557],[144.9868815,-37.8239921],[144.9868959,-37.8239283],[144.9869092,-37.8238653],[144.9869262,-37.8237885],[144.9869628,-37.8236152],[144.9873241,-37.8237511],[144.9877518,-37.8238754],[144.9877616,-37.8238781],[144.9878415,-37.8239013],[144.9879199,-37.8239239],[144.9885337,-37.8241019],[144.9887122,-37.8239944],[144.9886948,-37.8240654],[144.9886582,-37.8241385],[144.9885918,-37.8242042],[144.9884376,-37.8242405],[144.988344,-37.8242507],[144.9881227,-37.8242268],[144.9879918,-37.8242171],[144.9878541,-37.8242114],[144.9876993,-37.8242142],[144.9875431,-37.8242216],[144.9873842,-37.8242327]]]}",OpenStreetMap,osm:way/24530888
739,park,Alma Park East,-37.85985816551724,144.9954674827586,1,39236.1,"{""type"":""Polygon"",""coordinates"":[[[144.9965774,-37.8597271],[144.9964508,-37.8604486],[144.9964225,-37.8606037],[144.9964161,-37.8606618],[144.9961698,-37.8619614],[144.9951352,-37.8618036],[144.9951654,-37.8616489],[144.9951986,-37.8613626],[144.99521,-37.8610068],[144.9952064,-37.8606948],[144.9951779,-37.8603812],[144.9951246,-37.8601155],[144.9950485,-37.8598233],[144.9949572,-37.8595501],[144.994862,-37.8592889],[144.9947056,-37.8589617],[144.9945977,-37.8587634],[144.9944747,-37.8585699],[144.9942781,-37.8582857],[144.9943147,-37.8583006],[144.9943961,-37.8583573],[144.9958674,-37.8585566],[144.9957362,-37.8592554],[144.9957007,-37.8594445],[144.9957569,-37.8596002],[144.9962147,-37.8596526],[144.9962282,-37.8596536],[144.9965862,-37.8596799],[144.9965774,-37.8597271]]]}",OpenStreetMap,osm:way/24591396
740,park,Alexandra Gardens,-37.820784803,144.972081443,1,87101.1,"{""type"":""Polygon"",""coordinates"":[[[144.9766045,-37.8230591],[144.9765568,-37.8230523],[144.9765038,-37.8230441],[144.9764539,-37.8230317],[144.9763844,-37.8230652],[144.9763275,-37.8230536],[144.9762544,-37.8230386],[144.9762075,-37.8230239],[144.9760876,-37.8229643],[144.9759832,-37.8228848],[144.9757681,-37.8226938],[144.9754756,-37.8224416],[144.9751871,-37.8222177],[144.9750014,-37.8221035],[144.9748834,-37.8220319],[144.9747861,-37.8219746],[144.9747567,-37.8219585],[144.9744751,-37.8218126],[144.9742906,-37.8217323],[144.9741387,-37.8216756],[144.9739608,-37.8216144],[144.9738457,-37.8215817],[144.9737752,-37.8215615],[144.9735406,-37.8215024],[144.9731462,-37.8214074],[144.9724991,-37.8212554],[144.9723817,-37.8212289],[144.9716381,-37.8210475],[144.9716066,-37.8210398],[144.9715658,-37.8210299],[144.9709739,-37.8208927],[144.9707546,-37.8208393],[144.9707407,-37.8208226],[144.9702553,-37.820704],[144.970117,-37.8206741],[144.9699523,-37.8206433],[144.9697487,-37.8206176],[144.9695457,-37.8206034],[144.9692614,-37.8205998],[144.9692035,-37.8204768],[144.9690838,-37.8203466],[144.9689081,-37.8201771],[144.9688464,-37.8201062],[144.9688318,-37.820075],[144.9687659,-37.8199335],[144.9687142,-37.8198225],[144.9687205,-37.8198202],[144.9687256,-37.8198147],[144.9687265,-37.8198101],[144.9687262,-37.8198056],[144.9687107,-37.8197752],[144.9687079,-37.8197719],[144.9687025,-37.8197693],[144.9686969,-37.8197689],[144.9686898,-37.8197697],[144.9686725,-37.8197332],[144.9686569,-37.8196985],[144.968663,-37.8196952],[144.9686674,-37.8196912],[144.9686688,-37.8196851],[144.9686676,-37.8196793],[144.9686559,-37.819651],[144.9687847,-37.8196382],[144.9688003,-37.8196153],[144.9688078,-37.8196086],[144.9688193,-37.8196036],[144.968846,-37.8196],[144.9691176,-37.819583],[144.9691661,-37.8195906],[144.9692777,-37.8195862],[144.9696549,-37.8195713],[144.9696921,-37.8195414],[144.9714345,-37.8194226],[144.9715939,-37.8194188],[144.9717066,-37.8194233],[144.971731,-37.8194454],[144.9718935,-37.8194595],[144.9719823,-37.8194672],[144.9721817,-37.8195042],[144.9722709,-37.8195248],[144.9723661,-37.8195487],[144.9727435,-37.8196602],[144.9729482,-37.8197262],[144.9731224,-37.8197966],[144.9732985,-37.8198733],[144.9734564,-37.8199563],[144.9736304,-37.8200525],[144.9738027,-37.8201589],[144.974047,-37.8203473],[144.9743726,-37.8206425],[144.9743935,-37.8206625],[144.9746475,-37.8209615],[144.9750433,-37.8214264],[144.9750769,-37.8214117],[144.975479,-37.8218934],[144.9757067,-37.8221453],[144.9760479,-37.8224983],[144.9761918,-37.8226491],[144.9765563,-37.8230043],[144.9766045,-37.8230591]]]}",OpenStreetMap,osm:way/24593719
741,park,Memorial Reserve,-37.82672291818182,144.9719583181818,1,1900.9,"{""type"":""Polygon"",""coordinates"":[[[144.9717581,-37.8270311],[144.9717193,-37.8266269],[144.971671,-37.8263144],[144.9720532,-37.8265104],[144.9721511,-37.8265729],[144.9722262,-37.8266471],[144.9722289,-37.8266704],[144.9722088,-37.8266862],[144.9719822,-37.826843],[144.9717846,-37.8270186],[144.9717581,-37.8270311]]]}",OpenStreetMap,osm:way/24593788
742,park,Tom's Block,-37.82487298064516,144.97159563225807,1,20804.0,"{""type"":""Polygon"",""coordinates"":[[[144.9722668,-37.8264429],[144.9722364,-37.8264606],[144.9719733,-37.8263303],[144.9716584,-37.826166],[144.9716277,-37.8261462],[144.9716077,-37.8259327],[144.9715178,-37.8256958],[144.9713719,-37.8252483],[144.9711134,-37.8246543],[144.9704948,-37.8233132],[144.9705822,-37.8232849],[144.9706498,-37.8232684],[144.9707202,-37.8232644],[144.9707989,-37.8232771],[144.9708724,-37.8232937],[144.9709374,-37.8233242],[144.9709931,-37.8233657],[144.9710453,-37.8234157],[144.971145,-37.8235722],[144.9714193,-37.8239937],[144.9717522,-37.8245775],[144.971914,-37.824832],[144.9720505,-37.8250188],[144.9722863,-37.8253117],[144.9723211,-37.8253915],[144.972363,-37.8255311],[144.9723845,-37.8256473],[144.9723963,-37.8257804],[144.9723704,-37.8259478],[144.9723277,-37.8261311],[144.9722668,-37.8264429]]]}",OpenStreetMap,osm:way/24593804
743,park,Kings Domain,-37.82599235232559,144.97435551744186,1,224200.0,"{""type"":""Polygon"",""coordinates"":[[[144.9720025,-37.8244979],[144.9717343,-37.8240148],[144.9714811,-37.8235659],[144.9713868,-37.8232964],[144.9714714,-37.8230563],[144.9715853,-37.822891],[144.9718146,-37.8227342],[144.9721257,-37.8225361],[144.9725737,-37.8223921],[144.9733394,-37.8222151],[144.9740582,-37.8221415],[144.9745008,-37.8221997],[144.9746785,-37.8222538],[144.9749581,-37.8223894],[144.9750638,-37.822454],[144.9751598,-37.8225321],[144.9762148,-37.8235213],[144.9767968,-37.8240859],[144.9772407,-37.8244917],[144.9775693,-37.8248985],[144.9781129,-37.8255427],[144.9779498,-37.8255688],[144.9777921,-37.8255941],[144.9776668,-37.8256935],[144.9775256,-37.8257584],[144.9773127,-37.8257946],[144.9770802,-37.8257835],[144.9770434,-37.8258297],[144.9769628,-37.8259425],[144.9768307,-37.8258832],[144.9764936,-37.8257337],[144.9763199,-37.8257759],[144.9761534,-37.8258928],[144.9759971,-37.8260227],[144.9758094,-37.8261568],[144.9756704,-37.8262207],[144.9755002,-37.8262934],[144.9753199,-37.8263812],[144.9752644,-37.82649],[144.9752455,-37.8266904],[144.9752284,-37.8268523],[144.9751847,-37.8271022],[144.9749682,-37.8272008],[144.9748101,-37.8273385],[144.9747963,-37.8273528],[144.974771,-37.8273789],[144.9747124,-37.8274409],[144.974669,-37.8274877],[144.974579,-37.8275943],[144.9745305,-37.8277228],[144.974582,-37.8278788],[144.9747193,-37.8280821],[144.9750149,-37.8283207],[144.9748996,-37.8283398],[144.9746736,-37.8284926],[144.974462,-37.828612],[144.9744805,-37.8291675],[144.9744881,-37.8296448],[144.9742379,-37.8294002],[144.9741626,-37.8291573],[144.9740225,-37.8288443],[144.973935,-37.8286729],[144.9737918,-37.8284832],[144.9736369,-37.8282906],[144.9734444,-37.828092],[144.9732554,-37.8278842],[144.9729562,-37.8275859],[144.9728029,-37.8274483],[144.9726398,-37.8272483],[144.9725327,-37.8270865],[144.9724895,-37.8269187],[144.9724838,-37.8268162],[144.972503,-37.8267451],[144.9725646,-37.8266974],[144.9726172,-37.826669],[144.9725916,-37.8264049],[144.9725862,-37.8262672],[144.9726023,-37.8261168],[144.9726452,-37.8259388],[144.972665,-37.8256812],[144.9726301,-37.8253962],[144.972551,-37.8252278],[144.9724303,-37.8250371],[144.9722895,-37.8248538],[144.9721286,-37.8246547],[144.9720025,-37.8244979]]]}",OpenStreetMap,osm:way/24593825
744,park,Merri Park,-37.77237353965517,144.98717328965515,1,115229.1,"{""type"":""Polygon"",""coordinates"":[[[144.9875207,-37.7719162],[144.9875289,-37.7718778],[144.9878305,-37.7718647],[144.9903672,-37.7721596],[144.9901986,-37.7730671],[144.9894483,-37.7729823],[144.9894214,-37.7731381],[144.9891881,-37.7732383],[144.9891572,-37.7732346],[144.9888058,-37.7730675],[144.9885346,-37.7729422],[144.9884056,-37.7728826],[144.9881932,-37.7731698],[144.9881809,-37.7731874],[144.9882849,-37.7732367],[144.9882842,-37.7732584],[144.9883492,-37.7732865],[144.9883868,-37.7732833],[144.988429,-37.7733061],[144.9881574,-37.7745056],[144.9882071,-37.774513],[144.9881916,-37.7745957],[144.988423,-37.7746259],[144.988404,-37.7746879],[144.9882369,-37.7746308],[144.9880992,-37.7746308],[144.9877452,-37.7746636],[144.9876317,-37.7746624],[144.9874011,-37.7745522],[144.9872536,-37.7743358],[144.9871422,-37.7740081],[144.9871422,-37.7739633],[144.9869263,-37.7739586],[144.9869692,-37.7736109],[144.9863952,-37.773153],[144.9860466,-37.772712],[144.9857027,-37.7724613],[144.9855208,-37.7722667],[144.9849844,-37.7717876],[144.9844426,-37.7711346],[144.9842066,-37.7697395],[144.984405,-37.7686412],[144.9845123,-37.7675598],[144.9847913,-37.767598],[144.9847836,-37.7676498],[144.984684,-37.7683189],[144.9847215,-37.7684504],[144.9858642,-37.7693409],[144.9854726,-37.7712618],[144.985655,-37.7714314],[144.9857944,-37.771389],[144.9858052,-37.7717791],[144.9861538,-37.7717028],[144.9866849,-37.7714611],[144.9869585,-37.7714356],[144.9871463,-37.7715713],[144.9873528,-37.7718595],[144.9875207,-37.7719162]]]}",OpenStreetMap,osm:way/25404607
745,park,Unnamed park 25560743,-37.78085668,144.95667324,1,18361.7,"{""type"":""Polygon"",""coordinates"":[[[144.9558481,-37.7809522],[144.9563157,-37.780732],[144.9568735,-37.7804553],[144.9571203,-37.7802937],[144.9574762,-37.7801624],[144.9578101,-37.7801034],[144.9572104,-37.7818855],[144.9561816,-37.781581],[144.9560484,-37.7814491],[144.9558481,-37.7809522]]]}",OpenStreetMap,osm:way/25560743
746,park,Ormond Park,-37.77197827,144.93497484,1,55726.6,"{""type"":""Polygon"",""coordinates"":[[[144.9342758,-37.7703866],[144.9343445,-37.7703934],[144.934857,-37.7704472],[144.9349856,-37.7704591],[144.9349518,-37.7707057],[144.9350969,-37.7711017],[144.9351427,-37.7712686],[144.9367392,-37.771255],[144.9366018,-37.7719538],[144.9361126,-37.7732361],[144.9359667,-37.7734057],[144.9358208,-37.7734125],[144.9353573,-37.7733311],[144.9347307,-37.7732497],[144.9343874,-37.7732089],[144.9341299,-37.773114],[144.9339583,-37.7729444],[144.933881,-37.772768],[144.933881,-37.7725373],[144.9342758,-37.7703866]]]}",OpenStreetMap,osm:way/25739077
747,park,Debneys Park,-37.78687461081081,144.9372616891892,1,74167.9,"{""type"":""Polygon"",""coordinates"":[[[144.9369678,-37.7842527],[144.9376087,-37.7845789],[144.9378833,-37.7847892],[144.9381151,-37.7850469],[144.9391067,-37.7865284],[144.9389098,-37.7869909],[144.938523,-37.7876732],[144.9384284,-37.7878401],[144.9383725,-37.7878896],[144.937952,-37.7882622],[144.9373403,-37.788758],[144.936852,-37.7887147],[144.9368594,-37.7886489],[144.9369112,-37.7885527],[144.9369178,-37.7885085],[144.9370445,-37.788522],[144.9371267,-37.788055],[144.937299,-37.7879953],[144.9372647,-37.7882023],[144.9373227,-37.7882531],[144.9374935,-37.7882557],[144.937632,-37.7880623],[144.9377634,-37.7876854],[144.9377891,-37.7875482],[144.9378142,-37.7874946],[144.9374501,-37.7874629],[144.9375829,-37.7865664],[144.9375763,-37.7865658],[144.9357228,-37.7863863],[144.9354097,-37.7863281],[144.9358624,-37.7857041],[144.9359567,-37.7855278],[144.9355343,-37.7853033],[144.9362752,-37.7843169],[144.9362786,-37.7843123],[144.9367679,-37.7845252],[144.9369678,-37.7842527]]]}",OpenStreetMap,osm:way/25739520
748,park,Victoria Park,-37.798119747368425,144.99680183157895,1,39575.4,"{""type"":""Polygon"",""coordinates"":[[[144.9954949,-37.7974707],[144.995526,-37.7972755],[144.9957851,-37.7972962],[144.997313,-37.7974418],[144.9972615,-37.7976312],[144.9974481,-37.7976786],[144.9975737,-37.7977109],[144.9977188,-37.7977518],[144.9978019,-37.7978968],[144.9979241,-37.7980938],[144.9978655,-37.7984653],[144.9978496,-37.7985604],[144.9976599,-37.7988675],[144.9973931,-37.7990701],[144.9972194,-37.7992021],[144.9953484,-37.7990134],[144.995245,-37.7989223],[144.9953119,-37.7984561],[144.9954949,-37.7974707]]]}",OpenStreetMap,osm:way/25841606
749,park,Tom Edmunds Reserve,-37.7713344125,144.9097187875,1,1984.4,"{""type"":""Polygon"",""coordinates"":[[[144.9095216,-37.7710848],[144.9099181,-37.771125],[144.9099648,-37.7711772],[144.9099006,-37.7715773],[144.9097471,-37.7715278],[144.9097337,-37.7715633],[144.9094428,-37.7715351],[144.9095216,-37.7710848]]]}",OpenStreetMap,osm:way/25869183
750,park,Dights Falls Park,-37.79648309186047,144.9999857767442,1,23828.4,"{""type"":""Polygon"",""coordinates"":[[[144.9993451,-37.7961303],[144.9995723,-37.796123],[144.9996096,-37.7961016],[144.9999821,-37.7960881],[145.0006327,-37.7960686],[145.0007179,-37.7960637],[145.0008052,-37.7960495],[145.0009129,-37.796013],[145.0009814,-37.7959754],[145.0010342,-37.7959352],[145.0011127,-37.7958563],[145.0011652,-37.7957124],[145.0011637,-37.7956916],[145.0012414,-37.7956864],[145.0012477,-37.7957327],[145.0012845,-37.7957783],[145.0013904,-37.7958503],[145.0014733,-37.7959235],[145.0015179,-37.7959802],[145.0015482,-37.7960763],[145.0016088,-37.7961957],[145.0016337,-37.7963043],[145.0016564,-37.7963496],[145.0017133,-37.7963923],[145.0017281,-37.7964251],[145.0017181,-37.7965142],[145.0016735,-37.7967582],[145.0016176,-37.7969844],[145.0015713,-37.7971007],[145.0015272,-37.7971196],[145.0014885,-37.7971036],[145.0013775,-37.796997],[145.0012875,-37.7969263],[145.0012132,-37.7968533],[145.0011869,-37.7967745],[145.0010369,-37.7968221],[145.0010631,-37.7968833],[145.0010307,-37.7968937],[145.0008517,-37.7969439],[145.000416,-37.7968458],[145.0002163,-37.7968058],[145.0001325,-37.7967917],[145.0000215,-37.7968045],[144.9997819,-37.7967807],[144.9996718,-37.7967876],[144.9994969,-37.7968209],[144.9993275,-37.7969138],[144.9991635,-37.7970324],[144.9990863,-37.7971718],[144.9990989,-37.7973482],[144.9989169,-37.7973551],[144.9987936,-37.7971103],[144.9986825,-37.7971115],[144.9986782,-37.7970704],[144.9986934,-37.7970028],[144.9987297,-37.7969316],[144.9988118,-37.7968393],[144.9988462,-37.7967951],[144.9988446,-37.796702],[144.9988436,-37.7966482],[144.9987693,-37.7966486],[144.9987726,-37.7965162],[144.9986166,-37.7964298],[144.9986464,-37.7962483],[144.9986513,-37.796232],[144.9986495,-37.7962126],[144.9986489,-37.7961933],[144.9986232,-37.7961315],[144.9986652,-37.7961313],[144.9987141,-37.796216],[144.9987087,-37.7962711],[144.9987208,-37.7963146],[144.9987394,-37.796354],[144.9987647,-37.7963877],[144.9988024,-37.7964158],[144.99887,-37.7964384],[144.9989156,-37.7964428],[144.998934,-37.7964735],[144.9989895,-37.7964726],[144.9990716,-37.7964483],[144.9991387,-37.7964166],[144.9991916,-37.7963857],[144.9992392,-37.796335],[144.9992881,-37.796269],[144.9993243,-37.7961832],[144.9993451,-37.7961303]]]}",OpenStreetMap,osm:way/25947381
751,park,Errol Street Park,-37.7992704117647,144.9505174735294,1,4959.1,"{""type"":""Polygon"",""coordinates"":[[[144.9501137,-37.8000942],[144.9502229,-37.8001052],[144.9503063,-37.8000791],[144.9507333,-37.799724],[144.9508916,-37.7996079],[144.9509118,-37.7995872],[144.9509219,-37.7995637],[144.9509271,-37.7995387],[144.9509243,-37.7995188],[144.9509142,-37.7994968],[144.9508904,-37.7994719],[144.9508549,-37.7994423],[144.9508373,-37.7994202],[144.9506364,-37.7992441],[144.9505508,-37.7991363],[144.9505204,-37.7990891],[144.9504971,-37.7990455],[144.950475,-37.7989966],[144.9504643,-37.798974],[144.9504462,-37.7989519],[144.9504236,-37.7989215],[144.9504067,-37.7989049],[144.9503956,-37.7988984],[144.9503778,-37.7988935],[144.9503626,-37.7988916],[144.9503455,-37.7988932],[144.9503309,-37.7988978],[144.9503151,-37.7989065],[144.950306,-37.7989179],[144.9502998,-37.7989296],[144.9502949,-37.7989471],[144.9502923,-37.7989777],[144.9502897,-37.7990326],[144.9501137,-37.8000942]]]}",OpenStreetMap,osm:way/25972760
752,park,Farnham Street Reserve,-37.7825588875,144.92890295,1,3117.8,"{""type"":""Polygon"",""coordinates"":[[[144.9286432,-37.7822521],[144.9285394,-37.7828982],[144.9290837,-37.7829528],[144.929124,-37.7827021],[144.9291455,-37.782568],[144.9290013,-37.7825536],[144.9290433,-37.7822922],[144.9286432,-37.7822521]]]}",OpenStreetMap,osm:way/259920751
753,park,Canterbury Stables Reserve,-37.78199602857143,144.92502404285716,1,1462.2,"{""type"":""Polygon"",""coordinates"":[[[144.9248875,-37.7822518],[144.9248938,-37.7822103],[144.9249787,-37.7816476],[144.9251662,-37.7816653],[144.9252229,-37.7816706],[144.9251317,-37.7822748],[144.9248875,-37.7822518]]]}",OpenStreetMap,osm:way/260231721
754,park,Fairbairn Park,-37.773368883636365,144.89807713818183,1,173945.8,"{""type"":""Polygon"",""coordinates"":[[[144.9022839,-37.7752358],[144.9013511,-37.7757722],[144.9011407,-37.7758932],[144.9012705,-37.7751834],[144.8999119,-37.7750375],[144.8991574,-37.7749722],[144.8990165,-37.7756932],[144.8980081,-37.7754223],[144.89732,-37.7755493],[144.8971629,-37.7755956],[144.8968188,-37.7757291],[144.8967752,-37.775748],[144.8966722,-37.7755513],[144.8965864,-37.7753952],[144.8965091,-37.7752053],[144.8964576,-37.7750696],[144.8964319,-37.7749068],[144.8963975,-37.7747643],[144.8963632,-37.774554],[144.8963289,-37.774398],[144.8963031,-37.7742419],[144.896286,-37.7740791],[144.8962602,-37.7739095],[144.8962259,-37.7737263],[144.8962001,-37.7735228],[144.8961915,-37.7733396],[144.8962001,-37.77317],[144.8962259,-37.7730275],[144.8962774,-37.7728918],[144.8963718,-37.772729],[144.8964834,-37.7726001],[144.8966035,-37.7724441],[144.8967151,-37.7723016],[144.8968524,-37.7721795],[144.8970155,-37.772037],[144.8972044,-37.7718877],[144.8974533,-37.7717181],[144.8976593,-37.7715824],[144.8978481,-37.7714603],[144.8981056,-37.771311],[144.8983974,-37.7711346],[144.8986377,-37.7710125],[144.8988695,-37.7708972],[144.8991441,-37.7707547],[144.8994188,-37.7706258],[144.8996419,-37.7705376],[144.8998475,-37.7704717],[144.9003414,-37.770979],[144.8999751,-37.7712126],[144.8999322,-37.7712804],[144.8998978,-37.7713958],[144.8999579,-37.7727255],[144.9000094,-37.7728409],[144.9014416,-37.7743489],[144.9022839,-37.7752358]]]}",OpenStreetMap,osm:way/26114605
755,park,Thornbury Park,-37.78359408333333,144.90367132222224,1,8069.0,"{""type"":""Polygon"",""coordinates"":[[[144.9033714,-37.7829217],[144.9034894,-37.7830119],[144.9038976,-37.7833492],[144.9041121,-37.7835188],[144.9043696,-37.7837834],[144.9045449,-37.7840199],[144.9041763,-37.7842021],[144.904135,-37.7842225],[144.9040005,-37.7840561],[144.9038718,-37.7839475],[144.9037344,-37.7838458],[144.9035542,-37.7837305],[144.9033825,-37.7836219],[144.903228,-37.783527],[144.903065,-37.7834184],[144.9029276,-37.7833302],[144.9028521,-37.7832649],[144.9033714,-37.7829217]]]}",OpenStreetMap,osm:way/26115219
756,park,Unnamed park 26115225,-37.78465606666666,144.9046571111111,1,1333.5,"{""type"":""Polygon"",""coordinates"":[[[144.904931,-37.7843889],[144.9045554,-37.7846074],[144.9043337,-37.7846563],[144.9043854,-37.7848935],[144.9044961,-37.7848745],[144.9045614,-37.7848633],[144.9046406,-37.7847452],[144.9050794,-37.7844866],[144.904931,-37.7843889]]]}",OpenStreetMap,osm:way/26115225
757,park,Quarries Park,-37.79059640967742,145.00390636774193,1,81990.7,"{""type"":""Polygon"",""coordinates"":[[[145.0012374,-37.7909584],[145.001563,-37.7892662],[145.0027654,-37.7893888],[145.0028366,-37.789353],[145.0028936,-37.7893081],[145.0029213,-37.7892125],[145.0029741,-37.7889604],[145.0043067,-37.7891283],[145.0042909,-37.7891879],[145.0052376,-37.789627],[145.0052832,-37.7896529],[145.0056067,-37.7898366],[145.0055475,-37.7902941],[145.0055374,-37.7903133],[145.005307,-37.7907515],[145.0052457,-37.7913315],[145.0052005,-37.7915237],[145.0051364,-37.7916248],[145.0050784,-37.7916789],[145.0047647,-37.7918219],[145.0045384,-37.7919021],[145.0043937,-37.7918965],[145.0041439,-37.7917398],[145.0040013,-37.7914491],[145.0037984,-37.7913257],[145.003562,-37.7912608],[145.0032399,-37.7912121],[145.0031843,-37.7912448],[145.0026671,-37.7911656],[145.0025969,-37.791114],[145.0012374,-37.7909584]]]}",OpenStreetMap,osm:way/26116508
758,park,Ramsden Street Reserve,-37.79215265862069,145.00305118965517,1,25303.8,"{""type"":""Polygon"",""coordinates"":[[[145.0026671,-37.7911656],[145.0026702,-37.7913382],[145.0027229,-37.7913442],[145.0026203,-37.7919138],[145.0025676,-37.7919079],[145.0025605,-37.7919075],[145.0025527,-37.7919515],[145.002577,-37.791972],[145.0025006,-37.7923715],[145.0023197,-37.7932295],[145.0022901,-37.7932377],[145.0022815,-37.7932799],[145.002311,-37.7932816],[145.0024044,-37.7932861],[145.0024688,-37.7932337],[145.0029455,-37.7930722],[145.0031387,-37.793009],[145.0036309,-37.7927241],[145.0038523,-37.792527],[145.0041325,-37.7922705],[145.0042796,-37.7921092],[145.0043937,-37.7918965],[145.0041439,-37.7917398],[145.0040013,-37.7914491],[145.0037984,-37.7913257],[145.003562,-37.7912608],[145.0032399,-37.7912121],[145.0031843,-37.7912448],[145.0026671,-37.7911656]]]}",OpenStreetMap,osm:way/26116510
759,park,Linear Park Reserve,-37.77903868484849,144.96843333636363,1,9921.8,"{""type"":""Polygon"",""coordinates"":[[[144.9704344,-37.7788903],[144.9704113,-37.7790421],[144.9703722,-37.7792534],[144.9696169,-37.7791628],[144.969311,-37.7791233],[144.9691398,-37.7791048],[144.9689351,-37.7791118],[144.9688058,-37.7791197],[144.9685313,-37.7791505],[144.9681365,-37.7792006],[144.9677932,-37.7792468],[144.967709,-37.7792589],[144.9675427,-37.7793294],[144.9674373,-37.7793676],[144.9673374,-37.7792527],[144.9672023,-37.7790189],[144.9672831,-37.7790249],[144.9673268,-37.7790116],[144.9674035,-37.778994],[144.967626,-37.7789518],[144.9676671,-37.7789518],[144.9677183,-37.7789615],[144.9677605,-37.7789659],[144.9678428,-37.7789527],[144.9679751,-37.7789282],[144.9680012,-37.7789191],[144.9680664,-37.7788771],[144.9681432,-37.7788648],[144.9682344,-37.7788507],[144.9683456,-37.7788323],[144.9696992,-37.7788217],[144.9700563,-37.7788446],[144.9704344,-37.7788903]]]}",OpenStreetMap,osm:way/26131217
760,park,Hawke Street Reserve,-37.806095263636365,144.94763288181818,1,1223.0,"{""type"":""Polygon"",""coordinates"":[[[144.9475808,-37.8063308],[144.9475452,-37.8063165],[144.9475624,-37.8062181],[144.9474279,-37.8062029],[144.9474581,-37.8060356],[144.9475828,-37.8060119],[144.947639,-37.805986],[144.947745,-37.8059076],[144.947792,-37.8058354],[144.9480477,-37.8058723],[144.9475808,-37.8063308]]]}",OpenStreetMap,osm:way/26262196
761,park,Port Melbourne Cricket Ground,-37.830636077777775,144.9425812,1,34160.2,"{""type"":""Polygon"",""coordinates"":[[[144.9417461,-37.8296422],[144.942092,-37.8299039],[144.9435887,-37.8308271],[144.9440196,-37.8311338],[144.9440228,-37.8311454],[144.9440156,-37.8311482],[144.9411765,-37.8317222],[144.9408234,-37.8305597],[144.9417461,-37.8296422]]]}",OpenStreetMap,osm:way/26322931
762,park,Coot Picnic Area,-37.842597565384615,144.96320165,1,12754.1,"{""type"":""Polygon"",""coordinates"":[[[144.9623084,-37.8423767],[144.9622775,-37.8422956],[144.9623045,-37.8421991],[144.9624165,-37.8421528],[144.9625015,-37.8421489],[144.9626868,-37.8421219],[144.9633394,-37.8420292],[144.9636986,-37.841979],[144.9639689,-37.841952],[144.9640872,-37.8422498],[144.9639216,-37.842338],[144.9638844,-37.8423649],[144.9637712,-37.8424457],[144.9636705,-37.8425179],[144.9635635,-37.8426097],[144.9634674,-37.8427089],[144.9633759,-37.8428227],[144.9632922,-37.8429476],[144.9632411,-37.8430382],[144.9632132,-37.8431055],[144.9631915,-37.8431765],[144.9631853,-37.8432487],[144.9631977,-37.8433405],[144.9632349,-37.8434434],[144.9631348,-37.8435468],[144.9623084,-37.8423767]]]}",OpenStreetMap,osm:way/26353084
763,park,McPherson Field,-37.7804643,144.94951901428573,1,15108.2,"{""type"":""Polygon"",""coordinates"":[[[144.9489539,-37.7795231],[144.9502186,-37.7804326],[144.9502037,-37.7806705],[144.9500441,-37.7808017],[144.9496949,-37.7808322],[144.948564,-37.7814669],[144.9489539,-37.7795231]]]}",OpenStreetMap,osm:way/26431694
764,park,Manningham Street Reserve,-37.7835092525,144.9432507175,1,54382.0,"{""type"":""Polygon"",""coordinates"":[[[144.9445066,-37.7827218],[144.9437473,-37.7830705],[144.9436701,-37.7830774],[144.9434884,-37.7830937],[144.9434463,-37.7830975],[144.9427092,-37.7830126],[144.9424429,-37.7829316],[144.9423117,-37.7828583],[144.9418829,-37.782852],[144.9418148,-37.7830606],[144.9418036,-37.7830948],[144.9415721,-37.7830442],[144.9415745,-37.7833616],[144.9417413,-37.7840046],[144.9416156,-37.7840092],[144.941629,-37.784092],[144.9416506,-37.7842255],[144.9416514,-37.7842302],[144.9417213,-37.7846622],[144.9417343,-37.7847423],[144.9417422,-37.7847911],[144.9418348,-37.7853629],[144.9432936,-37.7851724],[144.9440882,-37.7843333],[144.9444126,-37.7837327],[144.9444448,-37.7836731],[144.9444918,-37.783586],[144.9445089,-37.7835544],[144.9445344,-37.7835071],[144.9445381,-37.7833646],[144.94454,-37.7832909],[144.9445435,-37.7831533],[144.9445444,-37.7831194],[144.9445455,-37.7830757],[144.9445459,-37.7830619],[144.9445471,-37.7830145],[144.9445492,-37.7829313],[144.9445505,-37.7828838],[144.9445527,-37.7827973],[144.9445066,-37.7827218]]]}",OpenStreetMap,osm:way/26431829
765,park,Edwardes Place,-37.7839191,144.9881285857143,1,2845.1,"{""type"":""Polygon"",""coordinates"":[[[144.9878716,-37.7837666],[144.9878805,-37.7838126],[144.9879179,-37.7838771],[144.9880308,-37.7840258],[144.9882135,-37.7842646],[144.9891142,-37.7839204],[144.9878716,-37.7837666]]]}",OpenStreetMap,osm:way/26490144
766,park,Mercantile Parade North Reserve,-37.7957,144.92109983999998,1,4265.8,"{""type"":""Polygon"",""coordinates"":[[[144.9215096,-37.7958313],[144.9210296,-37.7961048],[144.9204958,-37.7955127],[144.9209546,-37.7952199],[144.9215096,-37.7958313]]]}",OpenStreetMap,osm:way/267164575
767,park,Mercantile Parade South Reserve,-37.79658512,144.92078278,1,4234.6,"{""type"":""Polygon"",""coordinates"":[[[144.9208091,-37.7962516],[144.9212877,-37.7967739],[144.9207433,-37.7970854],[144.9202647,-37.7965631],[144.9208091,-37.7962516]]]}",OpenStreetMap,osm:way/267164577
768,park,Jack Tripovich Reserve,-37.776462422222224,144.93809022222223,1,15094.2,"{""type"":""Polygon"",""coordinates"":[[[144.9391003,-37.7756169],[144.9388077,-37.7761687],[144.9386185,-37.7763768],[144.9385438,-37.7766362],[144.9382482,-37.7768611],[144.9380035,-37.7771656],[144.9379426,-37.7772461],[144.937952,-37.7772731],[144.9378077,-37.7773952],[144.9377033,-37.7770262],[144.9375913,-37.7766025],[144.937559,-37.7765166],[144.9374993,-37.7762547],[144.9375571,-37.7762484],[144.9377078,-37.7762691],[144.9378458,-37.7755172],[144.9380358,-37.7755323],[144.9391003,-37.7756169]]]}",OpenStreetMap,osm:way/26765736
769,park,Unnamed park 26765739,-37.77481065,144.93860215,1,2191.8,"{""type"":""Polygon"",""coordinates"":[[[144.9382791,-37.7744417],[144.9387921,-37.7745816],[144.9388367,-37.7746228],[144.9388062,-37.7752766],[144.9387452,-37.7752689],[144.9387078,-37.775247],[144.938371,-37.7746049],[144.9382791,-37.7744417]]]}",OpenStreetMap,osm:way/26765739
770,park,Loop Picnic Area,-37.798429991666666,145.01047574166668,1,7577.4,"{""type"":""Polygon"",""coordinates"":[[[145.0106124,-37.7977643],[145.0106681,-37.7977921],[145.0106364,-37.7978379],[145.0110319,-37.7979796],[145.0109612,-37.7982556],[145.0107066,-37.7986453],[145.0104157,-37.7989466],[145.0101559,-37.7992168],[145.0098805,-37.7993571],[145.0097427,-37.7993194],[145.0102851,-37.7982809],[145.0106124,-37.7977643]]]}",OpenStreetMap,osm:way/26830146
771,park,Unnamed park 26901932,-37.83099470526316,144.97545162105263,1,216841.2,"{""type"":""Polygon"",""coordinates"":[[[144.9717472,-37.8271946],[144.9719961,-37.8270116],[144.9722622,-37.826815],[144.9723366,-37.8268064],[144.9723688,-37.8270657],[144.9724494,-37.8271839],[144.9725853,-37.8274081],[144.972893,-37.8277289],[144.9733248,-37.8281518],[144.9735745,-37.8284297],[144.9738346,-37.8288142],[144.9740426,-37.8292759],[144.9741104,-37.8295003],[144.9741711,-37.8297355],[144.9742311,-37.829886],[144.9743211,-37.830025],[144.9746836,-37.8303992],[144.9748892,-37.8305036],[144.9755203,-37.8306654],[144.9760622,-37.8308236],[144.9765022,-37.8310249],[144.9769307,-37.8313379],[144.9773702,-37.8318897],[144.9777603,-37.8323079],[144.9781165,-37.8325798],[144.9787679,-37.832958],[144.979205,-37.8331808],[144.9796828,-37.8333179],[144.9802354,-37.8333609],[144.9805883,-37.8333739],[144.9811028,-37.8333676],[144.9814965,-37.8334087],[144.9819181,-37.8334382],[144.9822016,-37.8335525],[144.9823533,-37.8336653],[144.9824381,-37.8338203],[144.9824613,-37.8339242],[144.9824612,-37.8339928],[144.9824496,-37.8340268],[144.9749014,-37.8330718],[144.9733387,-37.8328505],[144.9732908,-37.8328269],[144.9732772,-37.8327835],[144.9732718,-37.8326958],[144.9729515,-37.8327137],[144.9728142,-37.8325501],[144.9726756,-37.8324604],[144.9724926,-37.8325818],[144.9722022,-37.8322897],[144.9720303,-37.8320211],[144.971833,-37.8315537],[144.9717043,-37.8310385],[144.9716614,-37.8305029],[144.9716356,-37.8296148],[144.9716957,-37.828442],[144.971773,-37.8275539],[144.9717472,-37.8271946]]]}",OpenStreetMap,osm:way/26901932
772,park,Andrews Reserve Picnic Area,-37.80466855714286,145.00082965714287,1,19592.7,"{""type"":""Polygon"",""coordinates"":[[[145.0020283,-37.8044999],[145.0019024,-37.8046549],[145.0013214,-37.805405],[144.9995637,-37.8054305],[144.9995589,-37.8053578],[144.9998193,-37.8047156],[144.9999847,-37.8045464],[145.0001067,-37.8044473],[145.0004139,-37.8043515],[145.0007417,-37.8043288],[145.0010742,-37.8043204],[145.0013652,-37.8043742],[145.0017065,-37.8044276],[145.0020283,-37.8044999]]]}",OpenStreetMap,osm:way/27246174
773,park,Dickinson Reserve Picnic Area,-37.8077253,145.01022669999998,1,21329.9,"{""type"":""Polygon"",""coordinates"":[[[145.0098944,-37.8093778],[145.0095583,-37.8090617],[145.0096336,-37.8085149],[145.0097507,-37.8064246],[145.0100024,-37.8064452],[145.0102935,-37.8065076],[145.010597,-37.8065268],[145.010666,-37.8065401],[145.0107074,-37.8065438],[145.0106837,-37.8066629],[145.0106199,-37.8069839],[145.010538,-37.8074093],[145.010369,-37.8082876],[145.0103555,-37.8083564],[145.0102632,-37.8088282],[145.0100269,-37.8094815],[145.0098944,-37.8093778]]]}",OpenStreetMap,osm:way/27246264
774,park,Studley Park Picnic Area,-37.80068886666666,145.00946736111112,1,10058.4,"{""type"":""Polygon"",""coordinates"":[[[145.0100636,-37.8004601],[145.0101695,-37.8006062],[145.0100215,-37.800694],[145.0099153,-37.8007569],[145.0097037,-37.8007871],[145.009615,-37.8007997],[145.0095523,-37.8008507],[145.0094285,-37.8009513],[145.0091569,-37.801172],[145.009,-37.8012995],[145.0083652,-37.801152],[145.0082393,-37.800866],[145.0089533,-37.8005373],[145.0092952,-37.8003638],[145.0095156,-37.800252],[145.00961,-37.800225],[145.009744,-37.8001659],[145.0100636,-37.8004601]]]}",OpenStreetMap,osm:way/27246521
775,park,Galatea Point,-37.79790884375,145.00703315,1,53219.3,"{""type"":""Polygon"",""coordinates"":[[[145.0055966,-37.7992523],[145.0055072,-37.7992195],[145.0054043,-37.7992018],[145.005175,-37.7991802],[145.0050565,-37.7991659],[145.0047052,-37.7984548],[145.0046327,-37.7983131],[145.0049924,-37.7982935],[145.005241,-37.7981692],[145.005725,-37.7979795],[145.0061568,-37.7976786],[145.0074389,-37.7969656],[145.0077486,-37.7967734],[145.0079938,-37.7965929],[145.008106,-37.7965556],[145.0083308,-37.7964935],[145.0087756,-37.7964505],[145.0091307,-37.7964641],[145.0094421,-37.7965549],[145.0096021,-37.7967236],[145.0095675,-37.7968922],[145.0093902,-37.7971301],[145.0090702,-37.7973074],[145.0087199,-37.7974934],[145.0083176,-37.7977356],[145.0076602,-37.7980773],[145.0069061,-37.7983379],[145.0066298,-37.7985859],[145.0063965,-37.7990119],[145.0063616,-37.7994718],[145.0056833,-37.7993047],[145.0055966,-37.7992523]]]}",OpenStreetMap,osm:way/27246595
776,park,Batman Park,-37.82174088947369,144.95655121052633,1,13933.1,"{""type"":""Polygon"",""coordinates"":[[[144.9554251,-37.8215117],[144.9559545,-37.8224476],[144.9560048,-37.8224343],[144.9560991,-37.8224077],[144.9563997,-37.8223269],[144.9567234,-37.8221629],[144.9568128,-37.8221192],[144.9574672,-37.8217802],[144.9577757,-37.8216065],[144.9577106,-37.8211426],[144.9574733,-37.8212395],[144.9572359,-37.8213364],[144.9570965,-37.8213933],[144.9567906,-37.821468],[144.9564349,-37.8215391],[144.9561255,-37.8215533],[144.955905,-37.8215569],[144.9556133,-37.8215391],[144.9554251,-37.8215117]]]}",OpenStreetMap,osm:way/27462510
777,park,Atherton Reserve,-37.8029769,144.9791786625,1,9714.2,"{""type"":""Polygon"",""coordinates"":[[[144.9788676,-37.8025131],[144.9793571,-37.8025651],[144.9793121,-37.8028296],[144.9798653,-37.8028884],[144.9797271,-37.8037009],[144.9786843,-37.8035901],[144.9787482,-37.8032149],[144.9788676,-37.8025131]]]}",OpenStreetMap,osm:way/27522337
778,park,McDonell Park,-37.76937390526316,145.0137912473684,1,65089.9,"{""type"":""Polygon"",""coordinates"":[[[145.0131876,-37.768401],[145.0134293,-37.7691413],[145.0134249,-37.7691763],[145.0132643,-37.7691675],[145.0132676,-37.7691885],[145.0132947,-37.7693612],[145.0132987,-37.7693866],[145.0132118,-37.7694329],[145.0132075,-37.7694732],[145.0131342,-37.7694689],[145.0132055,-37.7695414],[145.0130429,-37.7696805],[145.0129656,-37.7700875],[145.0135057,-37.770152],[145.0166061,-37.7705225],[145.0166563,-37.7705285],[145.0169911,-37.7686695],[145.0131523,-37.7683239],[145.0131876,-37.768401]]]}",OpenStreetMap,osm:way/27530672
779,park,St Vincent Gardens,-37.83915974615385,144.95436473333334,1,42401.5,"{""type"":""Polygon"",""coordinates"":[[[144.9570669,-37.8379472],[144.9570456,-37.8379459],[144.9570246,-37.8379496],[144.9527904,-37.8391713],[144.9527574,-37.8391852],[144.9527285,-37.839201],[144.9526906,-37.8392267],[144.9526588,-37.8392531],[144.9526248,-37.8392896],[144.9525978,-37.8393267],[144.9525772,-37.8393686],[144.9525614,-37.8394105],[144.9525583,-37.8394769],[144.9525646,-37.8395442],[144.9525803,-37.839609],[144.9526018,-37.8396687],[144.9526368,-37.8397493],[144.9526719,-37.8398118],[144.9527132,-37.8398618],[144.9527523,-37.8398979],[144.9528126,-37.8399419],[144.9528631,-37.8399717],[144.9529055,-37.8399897],[144.9529568,-37.8400055],[144.9530083,-37.8400176],[144.9530617,-37.840022],[144.9531155,-37.8400184],[144.9532046,-37.840001],[144.9573982,-37.8387836],[144.9574211,-37.8387766],[144.9574366,-37.8387658],[144.9574476,-37.8387508],[144.9574525,-37.8387374],[144.9574514,-37.83872],[144.9571198,-37.8379945],[144.9571111,-37.8379754],[144.957102,-37.837963],[144.9570861,-37.837953],[144.9570669,-37.8379472]]]}",OpenStreetMap,osm:way/27549948
780,park,Gasworks Arts Park,-37.84229612,144.94698488,1,28489.3,"{""type"":""Polygon"",""coordinates"":[[[144.9462447,-37.8419106],[144.9465003,-37.8419834],[144.9469723,-37.8418422],[144.9472465,-37.8415651],[144.9480454,-37.8420618],[144.9479334,-37.8421734],[144.9478758,-37.8428164],[144.9470492,-37.8437168],[144.9457365,-37.8429809],[144.9462447,-37.8419106]]]}",OpenStreetMap,osm:way/27551687
781,park,Lagoon Reserve,-37.840968277777776,144.94415287777778,1,22513.4,"{""type"":""Polygon"",""coordinates"":[[[144.9431236,-37.8414473],[144.9437402,-37.840865],[144.9438346,-37.8403905],[144.9442449,-37.840638],[144.9447147,-37.8401175],[144.9452075,-37.8404088],[144.9451966,-37.8413305],[144.9441902,-37.8420696],[144.9431236,-37.8414473]]]}",OpenStreetMap,osm:way/27552421
782,park,Edwards Park,-37.83917685,144.94458284,1,15080.5,"{""type"":""Polygon"",""coordinates"":[[[144.9437323,-37.8392222],[144.94402,-37.8388128],[144.9440759,-37.8387495],[144.9441536,-37.838492],[144.9451728,-37.8384787],[144.9452284,-37.8386903],[144.9452147,-37.8399567],[144.9452555,-37.8400643],[144.9452429,-37.8400798],[144.9437323,-37.8392222]]]}",OpenStreetMap,osm:way/27552706
783,park,Sangster Reserve,-37.83424564,144.94428168,1,610.9,"{""type"":""Polygon"",""coordinates"":[[[144.9440895,-37.8342945],[144.9442859,-37.8344165],[144.9445227,-37.8341424],[144.9444208,-37.8340803],[144.9440895,-37.8342945]]]}",OpenStreetMap,osm:way/27553134
784,park,Macarthur Square,-37.79831528,144.97137386,1,4662.6,"{""type"":""Polygon"",""coordinates"":[[[144.9706015,-37.7981364],[144.9725728,-37.7983458],[144.9725324,-37.7985836],[144.9705611,-37.7983742],[144.9706015,-37.7981364]]]}",OpenStreetMap,osm:way/27558341
785,park,Barkly Street Park,-37.77600875384615,144.96521212307692,1,6044.1,"{""type"":""Polygon"",""coordinates"":[[[144.9656132,-37.7757106],[144.9652349,-37.7756713],[144.9651214,-37.7756595],[144.9648893,-37.7756382],[144.9648646,-37.7758055],[144.964859,-37.7758462],[144.9647555,-37.7764813],[144.9648449,-37.7764901],[144.9653589,-37.7765479],[144.9654662,-37.7765432],[144.9655457,-37.7761321],[144.9655908,-37.7758773],[144.9656132,-37.7757106]]]}",OpenStreetMap,osm:way/27593681
786,park,R. F. Julier Reserve,-37.83755738333333,144.92280266666668,1,19323.5,"{""type"":""Polygon"",""coordinates"":[[[144.9219415,-37.8370716],[144.9241645,-37.8372546],[144.9241302,-37.8374918],[144.9228427,-37.8382714],[144.9217956,-37.8381833],[144.9219415,-37.8370716]]]}",OpenStreetMap,osm:way/27612949
787,park,Burnley Park,-37.824609235416666,145.01443614375,1,79630.3,"{""type"":""Polygon"",""coordinates"":[[[145.0138646,-37.8230488],[145.0138467,-37.8231752],[145.0138134,-37.8234222],[145.0138093,-37.8234514],[145.0137755,-37.8236934],[145.0137706,-37.8237222],[145.0137459,-37.8238688],[145.0137336,-37.8239413],[145.0137274,-37.8239828],[145.0136894,-37.8242368],[145.013618,-37.8246543],[145.0135405,-37.8250699],[145.0134441,-37.8251522],[145.0133389,-37.8257124],[145.0132327,-37.8262779],[145.0131484,-37.8267269],[145.0130539,-37.8272329],[145.0136867,-37.8272981],[145.0138845,-37.8272955],[145.0142324,-37.8271868],[145.0149705,-37.8268817],[145.0152606,-37.8267309],[145.0158644,-37.8264171],[145.0159747,-37.8263597],[145.0165724,-37.8259994],[145.0167313,-37.8259036],[145.0160847,-37.8252671],[145.0160692,-37.8252519],[145.0159552,-37.8251336],[145.0158191,-37.8249602],[145.0155348,-37.8246662],[145.015331,-37.8244555],[145.0151651,-37.8242839],[145.0151007,-37.8242172],[145.0150738,-37.8241894],[145.0150006,-37.8241137],[145.0147802,-37.8238858],[145.0144446,-37.8235387],[145.014301,-37.8233902],[145.0141899,-37.8232275],[145.0141584,-37.8231945],[145.0140376,-37.8229645],[145.0140181,-37.8229225],[145.0139471,-37.8227321],[145.0139267,-37.8226898],[145.0139097,-37.8227875],[145.0138924,-37.8228805],[145.0138646,-37.8230488]]]}",OpenStreetMap,osm:way/27630008
788,park,Jacoby Reserve,-37.85724067142858,144.97111226785714,1,2873.3,"{""type"":""Polygon"",""coordinates"":[[[144.9707773,-37.8573119],[144.9707766,-37.8572972],[144.9707769,-37.8572811],[144.9707815,-37.8572646],[144.9707994,-37.8572267],[144.9708194,-37.8572018],[144.9708521,-37.8572201],[144.9710929,-37.8569448],[144.9711917,-37.8569656],[144.9712796,-37.8569649],[144.9713542,-37.856964],[144.9714314,-37.8569833],[144.9715602,-37.8570375],[144.9716889,-37.8571188],[144.9718351,-37.8573036],[144.971411,-37.8573087],[144.9713219,-37.8573094],[144.9712622,-37.8573181],[144.9712077,-37.857333],[144.9711664,-37.8573473],[144.9711221,-37.857367],[144.9711467,-37.8573864],[144.9710697,-37.8574351],[144.9710441,-37.8574369],[144.9710232,-37.8574423],[144.9707912,-37.8573342],[144.9707828,-37.8573226],[144.9707773,-37.8573119]]]}",OpenStreetMap,osm:way/27695408
789,park,Pitcher Park,-37.77396977272727,145.02836204545454,1,29099.4,"{""type"":""Polygon"",""coordinates"":[[[145.0292169,-37.7747228],[145.0277577,-37.7746052],[145.0276992,-37.7746391],[145.0271036,-37.7745908],[145.0271447,-37.7743658],[145.0276672,-37.7744247],[145.0279982,-37.7727406],[145.0292654,-37.7728672],[145.0294748,-37.7728887],[145.0294379,-37.7730998],[145.0292169,-37.7747228]]]}",OpenStreetMap,osm:way/27703618
790,park,Oldis Gardens,-37.78261552307692,145.00266266923077,1,19267.2,"{""type"":""Polygon"",""coordinates"":[[[145.0019753,-37.7817736],[145.0039262,-37.7819963],[145.003657,-37.7821878],[145.003348,-37.7826016],[145.003348,-37.7828458],[145.0033409,-37.7832728],[145.0028553,-37.7830422],[145.0025848,-37.7829284],[145.0022629,-37.7829527],[145.001866,-37.7830331],[145.0016176,-37.7831516],[145.0018574,-37.7824423],[145.0019753,-37.7817736]]]}",OpenStreetMap,osm:way/27703706
791,park,McAdam Reserve,-37.78143823,145.01261508,1,3078.4,"{""type"":""Polygon"",""coordinates"":[[[145.0126531,-37.7810602],[145.0129652,-37.7810928],[145.0130151,-37.7810979],[145.0128754,-37.7818603],[145.0125343,-37.7818207],[145.0125556,-37.7816673],[145.0121638,-37.7816235],[145.012177,-37.7815309],[145.0125582,-37.7815685],[145.0126531,-37.7810602]]]}",OpenStreetMap,osm:way/27703771
792,park,Baden Morgan Reserve,-37.77737874,144.99832986,1,2639.8,"{""type"":""Polygon"",""coordinates"":[[[144.9980545,-37.7775217],[144.9981415,-37.7770867],[144.9987423,-37.7771613],[144.9986565,-37.7776023],[144.9980545,-37.7775217]]]}",OpenStreetMap,osm:way/27703817
793,park,Garden City Reserve,-37.83674544,144.930505874,1,39517.2,"{""type"":""Polygon"",""coordinates"":[[[144.9283342,-37.8369969],[144.9283175,-37.8369539],[144.928295,-37.8368976],[144.9283418,-37.8368814],[144.92838,-37.8368602],[144.9284061,-37.8368375],[144.9284208,-37.8368109],[144.9284462,-37.8367621],[144.9284715,-37.836722],[144.9285013,-37.8366905],[144.9285338,-37.8366701],[144.9285614,-37.8366588],[144.9285848,-37.8366456],[144.9286279,-37.8366167],[144.9288589,-37.8364523],[144.9289672,-37.8363561],[144.9290739,-37.83626],[144.9291661,-37.8361554],[144.9292099,-37.8360994],[144.9292803,-37.8359912],[144.9293525,-37.8358753],[144.929409,-37.8357554],[144.9294522,-37.8356358],[144.9294806,-37.83554],[144.9295088,-37.8353906],[144.9298608,-37.8354167],[144.9313166,-37.8369133],[144.931363,-37.8369452],[144.9314276,-37.8369779],[144.9315041,-37.8369991],[144.9315728,-37.8369983],[144.9316735,-37.8369808],[144.9317429,-37.8369385],[144.9322172,-37.83665],[144.9322479,-37.8366524],[144.9324698,-37.8368785],[144.9327447,-37.8371608],[144.9329139,-37.8373367],[144.9329562,-37.8373777],[144.9329978,-37.8374031],[144.9330515,-37.8374275],[144.9331038,-37.8374338],[144.9344127,-37.8372368],[144.9344177,-37.8372503],[144.9342229,-37.8372863],[144.9339185,-37.8373769],[144.933372,-37.8375625],[144.9331163,-37.8375356],[144.9283536,-37.8370207],[144.9283342,-37.8369969]]]}",OpenStreetMap,osm:way/27727760
794,park,Foley Reserve,-37.812567046153845,145.0260399,1,10691.4,"{""type"":""Polygon"",""coordinates"":[[[145.02486,-37.8121392],[145.0265419,-37.8122959],[145.0265259,-37.8124031],[145.0269992,-37.8124472],[145.026963,-37.8126756],[145.0265318,-37.8126231],[145.0265075,-37.812754],[145.0262675,-37.8127253],[145.0262554,-37.8127894],[145.0257319,-37.8127248],[145.0257107,-37.8128715],[145.0247639,-37.8127833],[145.02486,-37.8121392]]]}",OpenStreetMap,osm:way/27748919
795,park,Westgate Park,-37.83198965588235,144.90883811764706,1,264267.9,"{""type"":""Polygon"",""coordinates"":[[[144.9034364,-37.8322306],[144.9054301,-37.8303186],[144.9056273,-37.8301801],[144.9067009,-37.8291405],[144.9068396,-37.82929],[144.9070705,-37.8292981],[144.9115759,-37.8292999],[144.9115761,-37.8295337],[144.9116005,-37.8303937],[144.9115994,-37.8307177],[144.911597,-37.831437],[144.9116252,-37.8316841],[144.9117411,-37.8322133],[144.9117335,-37.8322346],[144.9115934,-37.8323371],[144.9114175,-37.8324625],[144.9113672,-37.8325807],[144.9113437,-37.8325966],[144.9112003,-37.8326947],[144.9109641,-37.8330005],[144.9109477,-37.8331244],[144.9109372,-37.8333372],[144.9107801,-37.8333724],[144.9100934,-37.8334616],[144.909278,-37.833508],[144.9085002,-37.8335163],[144.9078361,-37.8334877],[144.9069968,-37.8333922],[144.9064114,-37.8332866],[144.9054884,-37.833055],[144.9049422,-37.8328815],[144.9046285,-37.8327613],[144.9041799,-37.8325895],[144.9034364,-37.8322306]]]}",OpenStreetMap,osm:way/27772268
796,park,Parliament Gardens,-37.80987490588235,144.97346805882353,1,7345.5,"{""type"":""Polygon"",""coordinates"":[[[144.9743968,-37.8095321],[144.9743702,-37.8095296],[144.9743125,-37.8095241],[144.9736528,-37.8094583],[144.9736082,-37.8094541],[144.9731227,-37.8094051],[144.973075,-37.8097098],[144.9730605,-37.8097876],[144.9730532,-37.8098269],[144.9730253,-37.8100308],[144.9729999,-37.8103291],[144.9729963,-37.8104211],[144.9729973,-37.8104369],[144.9729988,-37.8104617],[144.9730027,-37.8105246],[144.973888,-37.8099095],[144.9743968,-37.8095321]]]}",OpenStreetMap,osm:way/27783990
797,park,Hawke and Adderley Street Park,-37.808699,144.94489307666666,1,1478.5,"{""type"":""Polygon"",""coordinates"":[[[144.9449221,-37.8084827],[144.9451526,-37.8085669],[144.9451689,-37.8085783],[144.94518,-37.8085929],[144.945185,-37.8086093],[144.945187,-37.8086238],[144.9451852,-37.8086451],[144.9451866,-37.8086894],[144.945182,-37.8086978],[144.9450828,-37.8087951],[144.9449789,-37.8088821],[144.944962,-37.8088849],[144.9449459,-37.8088838],[144.9449234,-37.8088806],[144.944887,-37.8088822],[144.9448351,-37.8088846],[144.9448236,-37.8088857],[144.9448043,-37.8088909],[144.944588,-37.8087438],[144.944628,-37.8086928],[144.9446456,-37.8086653],[144.9446236,-37.8086595],[144.9446127,-37.8086523],[144.9446334,-37.808637],[144.9446556,-37.8086255],[144.9446723,-37.8086184],[144.9446891,-37.8086152],[144.944715,-37.808593],[144.9448145,-37.8086284],[144.9449221,-37.8084827]]]}",OpenStreetMap,osm:way/27787489
798,park,Morang Reserve,-37.825441088,145.0235447,1,15009.5,"{""type"":""Polygon"",""coordinates"":[[[145.0237182,-37.8261075],[145.0236753,-37.826115],[145.0236477,-37.8261142],[145.0236228,-37.8261091],[145.0235201,-37.8260637],[145.0234825,-37.826023],[145.0233899,-37.8259849],[145.0232695,-37.8259792],[145.0230064,-37.8259653],[145.0229314,-37.8259572],[145.0228651,-37.8259242],[145.0230351,-37.8248542],[145.0231295,-37.8247864],[145.0234814,-37.8248203],[145.0235329,-37.8244068],[145.0236102,-37.8239661],[145.0237217,-37.8239322],[145.0240873,-37.8239655],[145.0240591,-37.8242005],[145.0240177,-37.824478],[145.0237841,-37.8260053],[145.0237793,-37.8260295],[145.0237719,-37.8260523],[145.0237602,-37.8260793],[145.0237182,-37.8261075]]]}",OpenStreetMap,osm:way/27833620
799,park,Orrong Park,-37.85099035,145.0111137375,1,44110.4,"{""type"":""Polygon"",""coordinates"":[[[145.0095467,-37.8515133],[145.0118291,-37.8518006],[145.0119157,-37.8518115],[145.0119487,-37.8517328],[145.0121817,-37.8499613],[145.0121285,-37.849954],[145.0098128,-37.849636],[145.0095467,-37.8515133]]]}",OpenStreetMap,osm:way/27925061
800,park,Eastern North Reserve,-37.83385472222222,144.96528933333332,1,3502.0,"{""type"":""Polygon"",""coordinates"":[[[144.964991,-37.8340342],[144.9650486,-37.8340728],[144.9651713,-37.8341291],[144.9653275,-37.8340795],[144.9657871,-37.8339444],[144.9656262,-37.8336012],[144.9654384,-37.8331945],[144.9652229,-37.8336026],[144.964991,-37.8340342]]]}",OpenStreetMap,osm:way/28084649
801,park,Eastern South Reserve,-37.83447516666667,144.96562133333333,1,4613.5,"{""type"":""Polygon"",""coordinates"":[[[144.9662135,-37.8349534],[144.9655136,-37.8346215],[144.9651112,-37.8344274],[144.9650425,-37.8343596],[144.9652314,-37.834224],[144.9653703,-37.834181],[144.9658568,-37.8340461],[144.9660392,-37.8345101],[144.9662135,-37.8349534]]]}",OpenStreetMap,osm:way/28084662
802,park,Convent Heritage Gardens,-37.80312635333333,145.00275943999998,1,10113.7,"{""type"":""Polygon"",""coordinates"":[[[145.0033568,-37.8035024],[145.0030429,-37.803447],[145.0029856,-37.8034369],[145.0029448,-37.8034297],[145.0024683,-37.8033457],[145.0018112,-37.8032698],[145.0018697,-37.8029532],[145.0019428,-37.8025578],[145.0024564,-37.8026171],[145.0024314,-37.8027526],[145.0024801,-37.8028044],[145.0032156,-37.8028893],[145.0035888,-37.8028645],[145.0034404,-37.8035225],[145.0033568,-37.8035024]]]}",OpenStreetMap,osm:way/28315754
803,park,Sturt Street Reserve,-37.829985225,144.964957325,1,4645.3,"{""type"":""Polygon"",""coordinates"":[[[144.9643294,-37.8294234],[144.9643181,-37.8294709],[144.9642921,-37.8295799],[144.9648534,-37.8301422],[144.9648705,-37.8301594],[144.9650065,-37.8303002],[144.9650385,-37.8303029],[144.9650577,-37.8303026],[144.9650902,-37.8302899],[144.9651072,-37.8302868],[144.9651203,-37.8302834],[144.9651249,-37.8302733],[144.9651368,-37.8302309],[144.9651515,-37.8301804],[144.9651936,-37.8300528],[144.9652421,-37.8298726],[144.9652473,-37.8298583],[144.9653121,-37.8296554],[144.9653249,-37.8296158],[144.9643294,-37.8294234]]]}",OpenStreetMap,osm:way/28499229
804,park,St. James Park,-37.82001661111111,145.0208442888889,1,47852.3,"{""type"":""Polygon"",""coordinates"":[[[145.0219049,-37.8207958],[145.0218666,-37.8208141],[145.0218214,-37.8208276],[145.0217681,-37.8208384],[145.0217162,-37.8208405],[145.021617,-37.8208304],[145.0208158,-37.8207345],[145.02034,-37.8207025],[145.0186837,-37.8205319],[145.0186516,-37.8204979],[145.018742,-37.8199024],[145.0187645,-37.8197541],[145.018872,-37.8190547],[145.0189055,-37.8190389],[145.0189984,-37.8190496],[145.0193843,-37.8190939],[145.0194064,-37.8190964],[145.0218153,-37.8193729],[145.0221105,-37.8194099],[145.0221334,-37.8194162],[145.0221504,-37.819427],[145.0221679,-37.8194527],[145.0221744,-37.8194734],[145.0220967,-37.8198685],[145.0220618,-37.8200491],[145.0219221,-37.8207794],[145.0219049,-37.8207958]]]}",OpenStreetMap,osm:way/28519812
805,park,Triangle Park,-37.793050125,144.98099697499998,1,2829.6,"{""type"":""Polygon"",""coordinates"":[[[144.9804601,-37.793132],[144.9815885,-37.7926902],[144.9814792,-37.7932463],[144.9804601,-37.793132]]]}",OpenStreetMap,osm:way/28573022
806,park,Como Park,-37.835663225,145.00404084375,1,64601.8,"{""type"":""Polygon"",""coordinates"":[[[145.0051346,-37.8373406],[145.003008,-37.8370706],[145.0028614,-37.8370526],[145.0022496,-37.8369774],[145.0026728,-37.8347648],[145.0027813,-37.8348062],[145.0030746,-37.8349182],[145.0035442,-37.8349282],[145.0038942,-37.8349129],[145.0043367,-37.834863],[145.0047305,-37.8348587],[145.0050462,-37.8349485],[145.0052608,-37.8351112],[145.0053628,-37.8352748],[145.0055612,-37.8354433],[145.0051346,-37.8373406]]]}",OpenStreetMap,osm:way/28755549
807,square,Prahran Square,-37.84816517121212,144.9929013090909,1,,"{""type"":""Polygon"",""coordinates"":[[[144.9922748,-37.8475896],[144.9931018,-37.8477008],[144.9930969,-37.8477323],[144.9930945,-37.8477495],[144.9930903,-37.847777],[144.9930877,-37.8477941],[144.9930855,-37.8478092],[144.9930847,-37.8478146],[144.9930813,-37.8478359],[144.9930816,-37.8478383],[144.9930831,-37.8478399],[144.9931001,-37.8478518],[144.9931018,-37.8478534],[144.9931029,-37.8478562],[144.993101,-37.8478701],[144.9930996,-37.8478724],[144.9930965,-37.8478741],[144.9930771,-37.8478776],[144.9930748,-37.8478785],[144.9930739,-37.8478807],[144.9930696,-37.8479084],[144.9930664,-37.8479293],[144.9930567,-37.8479917],[144.9930761,-37.847994],[144.9930808,-37.8479945],[144.9930737,-37.8480383],[144.9930705,-37.8480413],[144.9930494,-37.8480506],[144.9930479,-37.8480524],[144.9930468,-37.8480602],[144.993044,-37.8480783],[144.9930242,-37.8482075],[144.9930182,-37.8482466],[144.9930097,-37.8482541],[144.992995,-37.8483537],[144.9929984,-37.848359],[144.9929971,-37.8483683],[144.9930196,-37.8483702],[144.9930175,-37.8483852],[144.9930149,-37.8484033],[144.9930085,-37.8484473],[144.992998,-37.8485211],[144.992994,-37.8485495],[144.9929917,-37.8485534],[144.9929867,-37.8485567],[144.9929752,-37.8485615],[144.9929707,-37.8485643],[144.992969,-37.8485688],[144.9929678,-37.848577],[144.9929615,-37.8485764],[144.9929534,-37.8485755],[144.9929463,-37.8485748],[144.9929443,-37.8485883],[144.9929255,-37.8487068],[144.9929232,-37.8487211],[144.9929057,-37.8488287],[144.9925829,-37.8487906],[144.9921006,-37.848731],[144.9921103,-37.8486608],[144.9921504,-37.8484041],[144.9921634,-37.8483188],[144.9921718,-37.8482635],[144.9922368,-37.8478371],[144.9922497,-37.8477526],[144.9922578,-37.8476991],[144.9922748,-37.8475896]]]}",OpenStreetMap,osm:way/28755701
808,park,Father Little Reserve,-37.793063275,144.9770502375,1,4550.6,"{""type"":""Polygon"",""coordinates"":[[[144.9759509,-37.7929862],[144.976488,-37.7929532],[144.9768418,-37.7929457],[144.9792118,-37.7931722],[144.9791808,-37.7933434],[144.9768357,-37.7930916],[144.975942,-37.7930277],[144.9759509,-37.7929862]]]}",OpenStreetMap,osm:way/28842116
809,park,J. D. Powderly Plantation,-37.7933231,144.98026520000002,1,3621.8,"{""type"":""Polygon"",""coordinates"":[[[144.9794929,-37.7931751],[144.9814533,-37.7933581],[144.9814105,-37.793583],[144.9794764,-37.7933242],[144.9794929,-37.7931751]]]}",OpenStreetMap,osm:way/28842185
810,park,Langdon Reserve,-37.77683497142857,144.97926600714283,1,5196.8,"{""type"":""Polygon"",""coordinates"":[[[144.9794909,-37.7767214],[144.9795896,-37.7767569],[144.9795295,-37.7768124],[144.9794875,-37.7768776],[144.9794437,-37.7770199],[144.9791081,-37.7769828],[144.9790222,-37.7771209],[144.9790547,-37.7772114],[144.9786894,-37.7771742],[144.9787118,-37.7770519],[144.9788347,-37.7763544],[144.9796189,-37.7764404],[144.9796522,-37.776444],[144.9794909,-37.7767214]]]}",OpenStreetMap,osm:way/28949239
811,park,Dorothy Rogers Reserve,-37.807031425,145.02779495,1,744.6,"{""type"":""Polygon"",""coordinates"":[[[145.027587,-37.8070295],[145.0275788,-37.807071],[145.0275977,-37.8070985],[145.0280931,-37.8071556],[145.0281386,-37.8069173],[145.0279026,-37.8068853],[145.0278748,-37.8070647],[145.027587,-37.8070295]]]}",OpenStreetMap,osm:way/290514466
812,park,Citizens Park,-37.81708962222222,145.00071185555555,1,24592.0,"{""type"":""Polygon"",""coordinates"":[[[145.0012286,-37.817456],[145.0000777,-37.8173006],[144.9995833,-37.8172422],[144.9995274,-37.8172357],[144.9997365,-37.81606],[145.0018199,-37.81629],[145.0016258,-37.8172653],[145.0015789,-37.8175008],[145.0012286,-37.817456]]]}",OpenStreetMap,osm:way/29058720
813,park,Como Park North,-37.83404356,145.00543012,1,6232.1,"{""type"":""Polygon"",""coordinates"":[[[145.00577,-37.8336603],[145.0056037,-37.834603],[145.0048565,-37.8346148],[145.0051504,-37.8336794],[145.00577,-37.8336603]]]}",OpenStreetMap,osm:way/290657676
814,park,Thomas Oval,-37.83280048571429,145.0051776357143,1,6194.0,"{""type"":""Polygon"",""coordinates"":[[[145.0050918,-37.8325259],[145.0049919,-37.8326065],[145.0049411,-37.8327108],[145.0049328,-37.8327278],[145.0048916,-37.8327576],[145.0048607,-37.8328002],[145.0048691,-37.8328261],[145.0050324,-37.8334802],[145.0056681,-37.8334294],[145.005711,-37.8329061],[145.0056305,-37.8327367],[145.0055164,-37.8326106],[145.0052577,-37.832563],[145.0050918,-37.8325259]]]}",OpenStreetMap,osm:way/290657678
815,park,Lennox and Butler Reserve,-37.810873,144.99572754285714,1,507.3,"{""type"":""Polygon"",""coordinates"":[[[144.9956341,-37.810733],[144.9958618,-37.8107566],[144.9958247,-37.8109808],[144.9958171,-37.81098],[144.995724,-37.8109704],[144.995597,-37.8109572],[144.9956341,-37.810733]]]}",OpenStreetMap,osm:way/291703184
816,park,Unnamed park 291716127,-37.83588891666667,144.92161813333334,1,2997.6,"{""type"":""Polygon"",""coordinates"":[[[144.922019,-37.835692],[144.9207783,-37.8359394],[144.9207957,-37.8360053],[144.9220568,-37.8361128],[144.92204,-37.835892],[144.922019,-37.835692]]]}",OpenStreetMap,osm:way/291716127
817,park,Richmond Terrace Park,-37.82243475,144.997224625,1,911.6,"{""type"":""Polygon"",""coordinates"":[[[144.9970717,-37.8222661],[144.9974488,-37.8223086],[144.9974027,-37.8225641],[144.9973975,-37.822593],[144.9971735,-37.8225678],[144.9971921,-37.8224648],[144.997039,-37.8224475],[144.9970717,-37.8222661]]]}",OpenStreetMap,osm:way/293949620
818,library,Richmond Library,-37.8253758,144.99822822857143,1,,"{""type"":""Polygon"",""coordinates"":[[[144.998074,-37.825479],[144.9980965,-37.8253636],[144.9981458,-37.8253696],[144.9981723,-37.8252345],[144.9981236,-37.8252285],[144.9981463,-37.8251125],[144.9984901,-37.8251545],[144.99844,-37.8254112],[144.9984185,-37.825521],[144.9982782,-37.8255039],[144.9982874,-37.8254571],[144.9982288,-37.82545],[144.9982197,-37.8254968],[144.998074,-37.825479]]]}",OpenStreetMap,osm:way/293952957
819,park,Munro Square,-37.79620035384615,144.9059708153846,1,652.8,"{""type"":""Polygon"",""coordinates"":[[[144.9058241,-37.7962572],[144.9057814,-37.7962111],[144.90577,-37.7961644],[144.9057855,-37.7960828],[144.9058376,-37.7960596],[144.9061534,-37.7960993],[144.9061366,-37.7962064],[144.9061319,-37.796224],[144.9061225,-37.7962404],[144.9061088,-37.7962548],[144.9060859,-37.7962693],[144.9060588,-37.7962781],[144.9058241,-37.7962572]]]}",OpenStreetMap,osm:way/294607027
820,park,Seelaf Square,-37.79705088333333,144.90744848333333,1,2160.6,"{""type"":""Polygon"",""coordinates"":[[[144.9068528,-37.7969137],[144.9073391,-37.7969693],[144.9073886,-37.7969756],[144.9073906,-37.7969655],[144.9077533,-37.797007],[144.907807,-37.797033],[144.9078419,-37.7970938],[144.9078371,-37.7971585],[144.9077862,-37.7972141],[144.9077145,-37.7972333],[144.9068179,-37.7971331],[144.9068528,-37.7969137]]]}",OpenStreetMap,osm:way/294607028
821,park,Tannery Reserve,-37.80105736153846,144.90863275384615,1,3453.3,"{""type"":""Polygon"",""coordinates"":[[[144.9081606,-37.8009166],[144.9080385,-37.8008824],[144.908059,-37.8008809],[144.9080902,-37.8008765],[144.9081504,-37.800862],[144.9093233,-37.800996],[144.9096666,-37.8010215],[144.9092965,-37.8015619],[144.9090272,-37.8015469],[144.9091763,-37.8012198],[144.9086017,-37.8010538],[144.9084749,-37.8010108],[144.9081606,-37.8009166]]]}",OpenStreetMap,osm:way/294607214
822,park,Gilbertson Walk Reserve,-37.79130816,144.92207788000002,1,3310.9,"{""type"":""Polygon"",""coordinates"":[[[144.9225541,-37.7908324],[144.9227483,-37.7910361],[144.9224818,-37.7912051],[144.9222613,-37.791316],[144.922144,-37.7913447],[144.9216087,-37.7916688],[144.9215396,-37.7916766],[144.9214997,-37.7916385],[144.9213872,-37.791531],[144.9225541,-37.7908324]]]}",OpenStreetMap,osm:way/298032614
823,park,Lumley Park,-37.85629063846154,145.00321496153845,1,9423.9,"{""type"":""Polygon"",""coordinates"":[[[145.0035334,-37.8567113],[145.0023318,-37.8565283],[145.0022373,-37.8564199],[145.0022545,-37.8561759],[145.0026322,-37.8562166],[145.0030184,-37.856115],[145.0031042,-37.8557626],[145.0040312,-37.8558981],[145.0040117,-37.8561278],[145.0037897,-37.8562618],[145.0037041,-37.8563624],[145.0036126,-37.8564873],[145.0035334,-37.8567113]]]}",OpenStreetMap,osm:way/30086714
824,park,Rothwell Park,-37.77519228571428,144.92105974285712,1,4833.8,"{""type"":""Polygon"",""coordinates"":[[[144.921664,-37.7754407],[144.9201129,-37.7752921],[144.9201665,-37.77493],[144.9211667,-37.7750391],[144.9211643,-37.7750873],[144.9214798,-37.7751161],[144.921664,-37.7754407]]]}",OpenStreetMap,osm:way/30298185
825,park,Station Street Park,-37.79734544,144.97398788,1,1528.9,"{""type"":""Polygon"",""coordinates"":[[[144.9739915,-37.7977126],[144.9738276,-37.7976959],[144.9739763,-37.7967905],[144.9741525,-37.7968156],[144.9739915,-37.7977126]]]}",OpenStreetMap,osm:way/305653067
826,park,Crichton Reserve,-37.83652464545455,144.9406202909091,1,2751.0,"{""type"":""Polygon"",""coordinates"":[[[144.9397554,-37.8369295],[144.9412208,-37.8360132],[144.9412704,-37.8360182],[144.9410167,-37.8362731],[144.9409864,-37.8364221],[144.9408169,-37.8365085],[144.9407445,-37.8365765],[144.9406311,-37.8364998],[144.9405785,-37.8365096],[144.9400471,-37.8370911],[144.9397554,-37.8369295]]]}",OpenStreetMap,osm:way/30810056
827,park,Allan Bain Reserve,-37.830003833333336,145.00108162222222,1,12850.9,"{""type"":""Polygon"",""coordinates"":[[[145.0004166,-37.8305306],[145.0017919,-37.8306921],[145.0019357,-37.8298489],[145.0017348,-37.8298087],[145.0015715,-37.8296789],[145.0006887,-37.8295834],[145.0006337,-37.8296646],[145.0005451,-37.8296967],[145.0004166,-37.8305306]]]}",OpenStreetMap,osm:way/30837735
828,park,Yarraville Gardens,-37.81353480384615,144.89881974615383,1,32173.9,"{""type"":""Polygon"",""coordinates"":[[[144.8977711,-37.8127971],[144.8978643,-37.8128947],[144.8979886,-37.8129698],[144.8981626,-37.8130071],[144.8984325,-37.8130062],[144.8986164,-37.813015],[144.8988003,-37.8130431],[144.8989415,-37.8130859],[144.8991181,-37.813163],[144.8993232,-37.8132432],[144.8995663,-37.8132735],[144.8996651,-37.8132954],[144.8997963,-37.8133815],[144.8999573,-37.8135154],[144.8999388,-37.8135571],[144.9001484,-37.8136152],[144.8999016,-37.8141991],[144.8997529,-37.8143834],[144.8995725,-37.814538],[144.8994098,-37.8145425],[144.898975,-37.814494],[144.8974713,-37.8143178],[144.897425,-37.8142609],[144.8973819,-37.8142079],[144.8975615,-37.813301],[144.8977711,-37.8127971]]]}",OpenStreetMap,osm:way/31324898
829,park,Hanmer Reserve,-37.812518636,144.899026824,1,30481.6,"{""type"":""Polygon"",""coordinates"":[[[144.8995663,-37.8132735],[144.8993232,-37.8132432],[144.8991181,-37.813163],[144.8989415,-37.8130859],[144.8988003,-37.8130431],[144.8986164,-37.813015],[144.8984325,-37.8130062],[144.8981626,-37.8130071],[144.8979886,-37.8129698],[144.8978643,-37.8128947],[144.8977711,-37.8127971],[144.897921,-37.8124442],[144.8981019,-37.8120183],[144.8983955,-37.8113268],[144.8984027,-37.8113289],[144.8992575,-37.8115811],[144.8992696,-37.8115847],[144.8997326,-37.8117212],[144.9002446,-37.8118723],[144.9002891,-37.8118854],[144.9002724,-37.8119255],[144.9000634,-37.8124261],[144.8998287,-37.8129737],[144.8997404,-37.8131056],[144.8995663,-37.8132735]]]}",OpenStreetMap,osm:way/31324961
830,park,Golden Square Bicentennial Park,-37.82850621666667,145.0098847,1,8651.8,"{""type"":""Polygon"",""coordinates"":[[[145.0092541,-37.828759],[145.0093649,-37.8281457],[145.0100303,-37.8282146],[145.0107575,-37.8282509],[145.0106473,-37.8289081],[145.0092541,-37.828759]]]}",OpenStreetMap,osm:way/31440747
831,park,Grace Park,-37.82028625555555,145.02865038666667,1,36857.4,"{""type"":""Polygon"",""coordinates"":[[[145.0303476,-37.8205558],[145.0303667,-37.8206138],[145.0304461,-37.8206414],[145.0305225,-37.8206098],[145.030662,-37.8208199],[145.0308438,-37.8208462],[145.0308518,-37.820812],[145.0309658,-37.8208303],[145.0309436,-37.8209301],[145.0311743,-37.8209621],[145.0311681,-37.8209897],[145.0311539,-37.8210549],[145.0303661,-37.8209572],[145.0298053,-37.8208917],[145.0293682,-37.8208203],[145.0289175,-37.8207524],[145.0285391,-37.8206988],[145.028019,-37.820631],[145.0276542,-37.820581],[145.0272985,-37.8205452],[145.0269714,-37.820525],[145.0267202,-37.8205244],[145.0267471,-37.8203631],[145.0268056,-37.8203704],[145.0269164,-37.8203852],[145.0269632,-37.8203903],[145.0270853,-37.8204054],[145.027107,-37.8204081],[145.0271092,-37.8203914],[145.0271694,-37.8200603],[145.0274158,-37.8200682],[145.0272473,-37.8199246],[145.0270773,-37.819335],[145.0269313,-37.819319],[145.0269638,-37.819133],[145.0272502,-37.8191644],[145.0274081,-37.8191816],[145.0275208,-37.8191939],[145.0275622,-37.8191984],[145.0276093,-37.8189291],[145.0282106,-37.8189948],[145.0290852,-37.8198943],[145.0297384,-37.8203023],[145.0298906,-37.8203199],[145.0303476,-37.8205558]]]}",OpenStreetMap,osm:way/31441953
832,park,Escarpment Reserve,-37.79478302857143,144.9237117857143,1,3370.5,"{""type"":""Polygon"",""coordinates"":[[[144.9234929,-37.7945632],[144.9235772,-37.794481],[144.9236557,-37.7945128],[144.9237113,-37.794498],[144.9237772,-37.7945608],[144.9243311,-37.7951518],[144.9240293,-37.7953131],[144.9239663,-37.7952427],[144.9238946,-37.7952822],[144.9234386,-37.7947743],[144.9235407,-37.7947176],[144.9235161,-37.794671],[144.9235411,-37.7946307],[144.9234929,-37.7945632]]]}",OpenStreetMap,osm:way/317310592
833,park,Bayswater Road Park,-37.79368812,144.92379486,1,2678.4,"{""type"":""Polygon"",""coordinates"":[[[144.9238832,-37.7934314],[144.9241929,-37.7937727],[144.9236623,-37.7940732],[144.9233527,-37.7937319],[144.9238832,-37.7934314]]]}",OpenStreetMap,osm:way/317310595
834,park,Breavington Reserve,-37.77406616666666,145.02227115,1,5443.6,"{""type"":""Polygon"",""coordinates"":[[[145.0224571,-37.7744517],[145.0217067,-37.7743677],[145.0218333,-37.7736469],[145.0225669,-37.7737371],[145.0226058,-37.7737419],[145.0224571,-37.7744517]]]}",OpenStreetMap,osm:way/31878298
835,park,Rubie Thomson Reserve,-37.771674075,145.0153582,1,16041.5,"{""type"":""Polygon"",""coordinates"":[[[145.0164857,-37.771497],[145.0163578,-37.7722971],[145.0148205,-37.7721273],[145.0143464,-37.7720739],[145.0144947,-37.7712659],[145.0146893,-37.7712884],[145.0151855,-37.771346],[145.0164857,-37.771497]]]}",OpenStreetMap,osm:way/31878368
836,park,Fenton Reserve,-37.77548921176471,144.93592175882353,1,1468.0,"{""type"":""Polygon"",""coordinates"":[[[144.9356989,-37.7752741],[144.9358381,-37.7752878],[144.9359164,-37.7752982],[144.9359767,-37.7753191],[144.9360288,-37.775348],[144.9360632,-37.7753915],[144.9360903,-37.7754438],[144.9360961,-37.7754969],[144.9360831,-37.7755483],[144.9360577,-37.7755963],[144.9360321,-37.7756216],[144.9359782,-37.7756556],[144.9359015,-37.7756808],[144.9357892,-37.7757009],[144.9357827,-37.7756858],[144.935638,-37.7756938],[144.9356989,-37.7752741]]]}",OpenStreetMap,osm:way/32123099
837,park,Unnamed park 32123104,-37.7763294,144.9351700928571,1,7262.5,"{""type"":""Polygon"",""coordinates"":[[[144.9354236,-37.7758622],[144.9354235,-37.7758323],[144.9347916,-37.7757753],[144.9344901,-37.7757781],[144.9345833,-37.7759839],[144.9347038,-37.7761283],[144.9348797,-37.776316],[144.9350216,-37.7764812],[144.9351757,-37.7766174],[144.935396,-37.776831],[144.9355249,-37.7769403],[144.9357396,-37.7770854],[144.9358043,-37.777118],[144.9354236,-37.7758622]]]}",OpenStreetMap,osm:way/32123104
838,park,Unnamed park 32123126,-37.77183002222223,144.93786791666668,1,10614.4,"{""type"":""Polygon"",""coordinates"":[[[144.9375108,-37.7710274],[144.9377544,-37.7710256],[144.9378654,-37.7710423],[144.9380313,-37.7711082],[144.9381978,-37.7712181],[144.9383426,-37.7714137],[144.9383716,-37.7716305],[144.938304,-37.7718673],[144.9381776,-37.7719932],[144.9380267,-37.772181],[144.9379411,-37.7723339],[144.9378493,-37.7725118],[144.9377659,-37.7726367],[144.9375819,-37.7728341],[144.937427,-37.77283],[144.9374517,-37.7724161],[144.9375126,-37.7718431],[144.9375108,-37.7710274]]]}",OpenStreetMap,osm:way/32123126
839,covered_walkway,Covered walkway 32296086,-37.79781293333333,144.96096461666667,2,,"{""type"":""LineString"",""coordinates"":[[144.9611136,-37.7976988],[144.9608148,-37.7976653],[144.9607687,-37.7979219],[144.9609095,-37.7979374],[144.9610675,-37.7979554],[144.9611136,-37.7976988]]}",OpenStreetMap,osm:way/32296086
840,covered_walkway,Covered walkway 32296120,-37.79797995,144.96090155000002,2,,"{""type"":""LineString"",""coordinates"":[[144.9609095,-37.7979374],[144.9608936,-37.7980225]]}",OpenStreetMap,osm:way/32296120
841,park,Frank King Park,-37.799887577777774,144.97571725555557,1,613.0,"{""type"":""Polygon"",""coordinates"":[[[144.9755485,-37.7998145],[144.9758552,-37.7998472],[144.975889,-37.7998508],[144.9758853,-37.7998721],[144.9758658,-37.7999867],[144.9758609,-37.8000156],[144.975487,-37.7999758],[144.9755151,-37.799811],[144.9755485,-37.7998145]]]}",OpenStreetMap,osm:way/32324235
842,park,Garryowen Park,-37.79528603999999,144.97660342,1,698.6,"{""type"":""Polygon"",""coordinates"":[[[144.9764423,-37.7953456],[144.9764761,-37.7951556],[144.9768451,-37.7951967],[144.9768113,-37.7953867],[144.9764423,-37.7953456]]]}",OpenStreetMap,osm:way/32324320
843,park,Whitlam Place,-37.80155317,144.97979717,1,1067.0,"{""type"":""Polygon"",""coordinates"":[[[144.9796949,-37.80165],[144.9797102,-37.8015604],[144.9797207,-37.8014984],[144.9797343,-37.8014185],[144.979768,-37.801422],[144.9797937,-37.8014248],[144.9801091,-37.8014583],[144.9800603,-37.8017446],[144.9796856,-37.8017047],[144.9796949,-37.80165]]]}",OpenStreetMap,osm:way/32324746
844,park,Browns Reserve,-37.80414871111111,144.99722954444442,1,959.6,"{""type"":""Polygon"",""coordinates"":[[[144.9972139,-37.8042745],[144.9971156,-37.8042621],[144.997062,-37.8042554],[144.9971184,-37.8039751],[144.9971551,-37.8039797],[144.997323,-37.8040008],[144.9974602,-37.804018],[144.9974038,-37.8042983],[144.9972139,-37.8042745]]]}",OpenStreetMap,osm:way/32326433
845,park,Brearly Reserve,-37.79910791,144.99763794999998,1,1387.2,"{""type"":""Polygon"",""coordinates"":[[[144.9977128,-37.7992365],[144.9976911,-37.799243],[144.9976725,-37.7992429],[144.9972194,-37.7992021],[144.9973931,-37.7990701],[144.9976599,-37.7988675],[144.9978496,-37.7985604],[144.9977394,-37.7991963],[144.9977289,-37.7992238],[144.9977128,-37.7992365]]]}",OpenStreetMap,osm:way/32329078
846,park,Collingwood Town Hall Reserve,-37.80358205555555,144.99304694444447,1,1629.8,"{""type"":""Polygon"",""coordinates"":[[[144.9931818,-37.8037417],[144.9926067,-37.8036785],[144.9926568,-37.8033939],[144.9929722,-37.8034286],[144.993203,-37.8034539],[144.9932319,-37.8034571],[144.9932013,-37.8036307],[144.993187,-37.8037124],[144.9931818,-37.8037417]]]}",OpenStreetMap,osm:way/32329555
847,park,Condell Reserve,-37.80232334210526,144.9807243473684,1,1989.5,"{""type"":""Polygon"",""coordinates"":[[[144.9802114,-37.8021869],[144.9804507,-37.8022124],[144.9804927,-37.8022168],[144.9806284,-37.8022313],[144.9807349,-37.8022426],[144.9809538,-37.8022659],[144.9809806,-37.8022687],[144.9810113,-37.802272],[144.981034,-37.8022744],[144.9810328,-37.802281],[144.9810188,-37.8023631],[144.9811357,-37.8023755],[144.9811126,-37.8025108],[144.9808753,-37.8024856],[144.9808657,-37.8024845],[144.9805896,-37.8024552],[144.9802496,-37.802419],[144.9801733,-37.8024109],[144.9802114,-37.8021869]]]}",OpenStreetMap,osm:way/32330535
848,park,Eddy Court Reserve,-37.80289531428571,144.9937930428571,1,624.7,"{""type"":""Polygon"",""coordinates"":[[[144.993852,-37.8030863],[144.9936931,-37.8030689],[144.9937261,-37.8028813],[144.9937441,-37.802779],[144.9937626,-37.802674],[144.9939214,-37.8026914],[144.993852,-37.8030863]]]}",OpenStreetMap,osm:way/32331472
849,park,Unnamed park 32505792,-37.79782583478261,144.9615494652174,1,727.3,"{""type"":""Polygon"",""coordinates"":[[[144.9616427,-37.797962],[144.9616949,-37.7979678],[144.9617073,-37.7978959],[144.9616764,-37.7978922],[144.9617232,-37.7976503],[144.9616119,-37.7976377],[144.9615873,-37.7976397],[144.9615641,-37.7976499],[144.9615422,-37.7976662],[144.9615141,-37.7976946],[144.9614651,-37.7977296],[144.9614327,-37.7977496],[144.9614,-37.7977825],[144.9613812,-37.7978109],[144.9613911,-37.7978385],[144.9614131,-37.7978632],[144.961462,-37.7978799],[144.9615163,-37.7979056],[144.9615351,-37.7979228],[144.9615485,-37.7979501],[144.9615748,-37.7979682],[144.961611,-37.797975],[144.9616427,-37.797962]]]}",OpenStreetMap,osm:way/32505792
850,park,Burston Reserve,-37.811249625,144.9752603375,1,1878.0,"{""type"":""Polygon"",""coordinates"":[[[144.97492,-37.8117091],[144.9751667,-37.8112981],[144.9754211,-37.8108785],[144.9754346,-37.8108746],[144.9754486,-37.8108807],[144.9754557,-37.8108934],[144.975316,-37.8117535],[144.97492,-37.8117091]]]}",OpenStreetMap,osm:way/32656612
851,park,Burton Reserve,-37.80780644615385,144.97204601538462,1,2682.5,"{""type"":""Polygon"",""coordinates"":[[[144.971563,-37.8077855],[144.9715093,-37.8076668],[144.9715134,-37.8076509],[144.9715321,-37.8076435],[144.9729834,-37.8077963],[144.9729817,-37.8078111],[144.9729709,-37.8079676],[144.9729638,-37.8079921],[144.9718902,-37.8078755],[144.9718218,-37.8078671],[144.9717185,-37.8078395],[144.9715871,-37.8078024],[144.971563,-37.8077855]]]}",OpenStreetMap,osm:way/32656642
852,park,Neill/Canning Street Reserve,-37.79314466666667,144.97424813333333,1,1756.4,"{""type"":""Polygon"",""coordinates"":[[[144.9748122,-37.7930946],[144.9747998,-37.7931639],[144.9744105,-37.7931204],[144.9737603,-37.7934032],[144.9737316,-37.7933669],[144.9737958,-37.7930119],[144.9740541,-37.7930346],[144.9740567,-37.7930119],[144.9748122,-37.7930946]]]}",OpenStreetMap,osm:way/32710279
853,park,Eight Hour Reserve,-37.80732975,144.965538875,1,769.7,"{""type"":""Polygon"",""coordinates"":[[[144.9655818,-37.8075749],[144.9656596,-37.8071014],[144.9653323,-37.8070678],[144.9655818,-37.8075749]]]}",OpenStreetMap,osm:way/32710367
854,park,Trenerry Crescent Reserve,-37.79833098,144.99803384,1,864.0,"{""type"":""Polygon"",""coordinates"":[[[144.9979241,-37.7980938],[144.9983343,-37.7985115],[144.9981212,-37.7984905],[144.9978655,-37.7984653],[144.9979241,-37.7980938]]]}",OpenStreetMap,osm:way/32740536
855,park,Park Street Reserve,-37.781228414285714,144.98718062857142,1,8472.0,"{""type"":""Polygon"",""coordinates"":[[[144.9858526,-37.7811363],[144.9858483,-37.7811234],[144.9861004,-37.7807835],[144.9880772,-37.7810129],[144.9880566,-37.7811336],[144.9880238,-37.7813577],[144.9880063,-37.7813989],[144.9879789,-37.7814055],[144.9879539,-37.7814084],[144.9879289,-37.7814085],[144.9878617,-37.7814038],[144.9870996,-37.781323],[144.985888,-37.781166],[144.9858526,-37.7811363]]]}",OpenStreetMap,osm:way/32741480
856,park,Porter Street Reserve,-37.78004924,144.98388129999998,1,914.2,"{""type"":""Polygon"",""coordinates"":[[[144.9839208,-37.7802473],[144.9837319,-37.780227],[144.9838178,-37.7797521],[144.9840152,-37.7797725],[144.9839208,-37.7802473]]]}",OpenStreetMap,osm:way/32741613
857,park,Inner Circle-Janet Millman Reserve,-37.78040346363636,144.9820988590909,1,30169.9,"{""type"":""Polygon"",""coordinates"":[[[144.978845,-37.7801553],[144.9783129,-37.7800946],[144.978351,-37.7798974],[144.9794794,-37.7800241],[144.9805955,-37.7801495],[144.9807873,-37.780171],[144.9810244,-37.7801991],[144.9814625,-37.7802446],[144.9817955,-37.7802811],[144.9820232,-37.7803082],[144.9820544,-37.7801011],[144.9844256,-37.780381],[144.9843916,-37.7805857],[144.9850204,-37.780663],[144.9850151,-37.7806899],[144.9856536,-37.7807694],[144.9858081,-37.7807886],[144.9855468,-37.7811009],[144.9840983,-37.7809274],[144.9838198,-37.780894],[144.9788195,-37.780295],[144.978845,-37.7801553]]]}",OpenStreetMap,osm:way/32741641
858,park,Inner Circle-Thomas Kidney Reserve,-37.78097630769231,144.9897919326923,1,23428.9,"{""type"":""Polygon"",""coordinates"":[[[144.9883055,-37.7810866],[144.9885521,-37.7811135],[144.9885598,-37.7810694],[144.9886151,-37.7810754],[144.9886113,-37.7810972],[144.9892363,-37.7811614],[144.9892612,-37.7810099],[144.989493,-37.7810337],[144.989516,-37.7808936],[144.9897213,-37.7809147],[144.989761,-37.7806731],[144.9898594,-37.7806832],[144.9898426,-37.7807858],[144.9900627,-37.7808084],[144.9900644,-37.780798],[144.9900809,-37.7806976],[144.990086,-37.7806669],[144.9902215,-37.7806808],[144.9902349,-37.7805999],[144.9903329,-37.7806099],[144.9903295,-37.780631],[144.990432,-37.7806415],[144.9904369,-37.7806121],[144.9904551,-37.780614],[144.9904727,-37.7806158],[144.9904921,-37.7804981],[144.9905639,-37.780506],[144.99068,-37.780445],[144.9906839,-37.780417],[144.9907233,-37.7801325],[144.9907389,-37.7800203],[144.991495,-37.7800793],[144.9916679,-37.7801468],[144.9908413,-37.7808256],[144.9906813,-37.7810922],[144.990625,-37.7814754],[144.9906405,-37.781646],[144.9907264,-37.7818638],[144.9909579,-37.7821604],[144.9908551,-37.7822578],[144.9903436,-37.7819777],[144.9895863,-37.7816605],[144.9891798,-37.7815351],[144.9887988,-37.7814656],[144.9883678,-37.7814068],[144.9882981,-37.7813635],[144.9882751,-37.7813275],[144.988265,-37.7812962],[144.9882711,-37.7812133],[144.9882772,-37.7811547],[144.9882956,-37.7811409],[144.9883055,-37.7810866]]]}",OpenStreetMap,osm:way/32741873
859,park,Ottery Reserve,-37.77656801875,144.9885017375,1,3866.9,"{""type"":""Polygon"",""coordinates"":[[[144.9881519,-37.776237],[144.9884781,-37.7762777],[144.9885737,-37.7762937],[144.9885871,-37.7763533],[144.9885883,-37.7763801],[144.9886322,-37.7763861],[144.9886858,-37.776685],[144.9887341,-37.7767365],[144.9890619,-37.7770466],[144.9887818,-37.7773737],[144.9887118,-37.7772625],[144.9882642,-37.7765525],[144.9882308,-37.7765486],[144.9882193,-37.7763616],[144.9881749,-37.7763564],[144.9881519,-37.776237]]]}",OpenStreetMap,osm:way/32741888
860,park,Frank & Mary Crean Reserve,-37.8475675,144.95879886,1,1007.1,"{""type"":""Polygon"",""coordinates"":[[[144.9587544,-37.8477565],[144.9585595,-37.8476568],[144.9588656,-37.847284],[144.9590604,-37.8473837],[144.9587544,-37.8477565]]]}",OpenStreetMap,osm:way/32773236
861,park,Lyell Iffla Reserve,-37.83627668333333,144.9503717,1,2336.3,"{""type"":""Polygon"",""coordinates"":[[[144.949773,-37.8363217],[144.9506769,-37.8359955],[144.9508043,-37.8361697],[144.950689,-37.8364022],[144.950514,-37.8364493],[144.949773,-37.8363217]]]}",OpenStreetMap,osm:way/32773280
862,park,Ludwig Stamer Reserve,-37.83638082,144.96459543999998,1,791.0,"{""type"":""Polygon"",""coordinates"":[[[144.9644112,-37.8363469],[144.9647826,-37.8362394],[144.9648718,-37.8364317],[144.9645004,-37.8365392],[144.9644112,-37.8363469]]]}",OpenStreetMap,osm:way/32773304
863,park,Hester Reserve,-37.83656722,144.9386025,1,18531.1,"{""type"":""Polygon"",""coordinates"":[[[144.9368454,-37.8374879],[144.9409646,-37.8348932],[144.941211,-37.8352265],[144.9371461,-37.8377406],[144.9368454,-37.8374879]]]}",OpenStreetMap,osm:way/32773563
864,park,Turner Reserve,-37.8359524,144.93860188333335,1,20583.5,"{""type"":""Polygon"",""coordinates"":[[[144.9366952,-37.8373586],[144.9363664,-37.8370611],[144.9404242,-37.8345637],[144.9405168,-37.8345907],[144.9409135,-37.8347817],[144.9366952,-37.8373586]]]}",OpenStreetMap,osm:way/32773607
865,park,Smith Reserve,-37.83440308,144.94231857999998,1,12933.8,"{""type"":""Polygon"",""coordinates"":[[[144.9414186,-37.8351653],[144.9411247,-37.8348338],[144.9436405,-37.8332698],[144.9439905,-37.8335812],[144.9414186,-37.8351653]]]}",OpenStreetMap,osm:way/32773702
866,park,Walter Reserve,-37.8340838,144.94159985714288,1,12760.9,"{""type"":""Polygon"",""coordinates"":[[[144.9410152,-37.8347179],[144.9407731,-37.8344653],[144.9407999,-37.8343858],[144.9407921,-37.8343185],[144.9432544,-37.8328331],[144.9435491,-37.8331481],[144.9410152,-37.8347179]]]}",OpenStreetMap,osm:way/32773716
867,park,Creswick Street Reserve,-37.819470816000006,145.01632398,1,9715.6,"{""type"":""Polygon"",""coordinates"":[[[145.0164197,-37.8197928],[145.0162735,-37.8198195],[145.0161861,-37.8198274],[145.0161288,-37.8198302],[145.0160778,-37.8198288],[145.0160933,-37.8197993],[145.0161088,-37.8197634],[145.0161251,-37.8197032],[145.0161385,-37.8196692],[145.0161542,-37.8196435],[145.0161739,-37.8196148],[145.0161923,-37.8195865],[145.0162021,-37.8195607],[145.0162087,-37.819525],[145.0162448,-37.8195187],[145.0161583,-37.8188242],[145.0161546,-37.8187702],[145.0161652,-37.8187336],[145.0162009,-37.8187088],[145.0162438,-37.8186962],[145.0175844,-37.8188905],[145.0170267,-37.8194649],[145.0167864,-37.8196692],[145.0166319,-37.819737],[145.0164197,-37.8197928]]]}",OpenStreetMap,osm:way/32893826
868,park,Yarra Bank Reserve,-37.81940998,145.01567368000002,1,11464.8,"{""type"":""Polygon"",""coordinates"":[[[145.0154326,-37.819987],[145.0153423,-37.8197339],[145.0152602,-37.8193395],[145.0152291,-37.8192477],[145.0151417,-37.8189382],[145.0150179,-37.8184151],[145.0150737,-37.8184203],[145.0160224,-37.8185228],[145.0159845,-37.8186885],[145.0159797,-37.8188059],[145.0160663,-37.819502],[145.0160413,-37.8196386],[145.0160181,-37.8197232],[145.0159848,-37.819788],[145.0159441,-37.8198479],[145.0159182,-37.8198768],[145.0158892,-37.8198986],[145.0158629,-37.8199145],[145.015832,-37.8199241],[145.0154326,-37.819987]]]}",OpenStreetMap,osm:way/32893857
869,park,Peppercorn Park,-37.79252034,144.9225694,1,2184.8,"{""type"":""Polygon"",""coordinates"":[[[144.9222728,-37.7924788],[144.9226858,-37.7922351],[144.9230143,-37.7925826],[144.9226013,-37.7928264],[144.9222728,-37.7924788]]]}",OpenStreetMap,osm:way/32920751
870,park,Alphington Park,-37.78494676,145.02947205333334,1,71207.8,"{""type"":""Polygon"",""coordinates"":[[[145.0286536,-37.7868765],[145.0287251,-37.7864493],[145.0287882,-37.7860722],[145.0289817,-37.7849151],[145.0289867,-37.7848853],[145.0290098,-37.7847475],[145.0291588,-37.7838571],[145.0292233,-37.7834714],[145.029263,-37.7831428],[145.0299418,-37.7832111],[145.0300428,-37.7825837],[145.0299454,-37.7825739],[145.0299923,-37.7822827],[145.0295458,-37.7822378],[145.0294989,-37.782529],[145.029364,-37.7825155],[145.029433,-37.7821602],[145.0308609,-37.7823105],[145.0304463,-37.7846564],[145.0303017,-37.7854968],[145.03028,-37.7856335],[145.0301258,-37.7864698],[145.0300929,-37.7866568],[145.0297656,-37.7885138],[145.0294418,-37.788203],[145.0290642,-37.7876061],[145.0289526,-37.7873823],[145.0288668,-37.7871109],[145.0287552,-37.7869753],[145.0286536,-37.7868765]]]}",OpenStreetMap,osm:way/33076262
871,park,Coate Park,-37.786107566666665,145.022661825,1,15538.6,"{""type"":""Polygon"",""coordinates"":[[[145.0219686,-37.7864514],[145.0221686,-37.7849707],[145.0233982,-37.7851069],[145.0232333,-37.7860946],[145.0232053,-37.7863217],[145.0231236,-37.7863187],[145.023017,-37.7863309],[145.0226721,-37.7862969],[145.0225737,-37.7862834],[145.0223762,-37.78631],[145.0222367,-37.7863542],[145.0219686,-37.7864514]]]}",OpenStreetMap,osm:way/33076346
872,park,Dame Nellie Melba Memorial Park,-37.82147011333333,145.00284585333335,1,2151.7,"{""type"":""Polygon"",""coordinates"":[[[145.0026545,-37.8212355],[145.0032011,-37.8212975],[145.0032616,-37.8213044],[145.0032074,-37.821602],[145.0031969,-37.8216598],[145.0031008,-37.8216489],[145.0029431,-37.821631],[145.0027956,-37.8216143],[145.0025926,-37.8215913],[145.0025895,-37.8215909],[145.0025984,-37.8215425],[145.0026102,-37.8214777],[145.0026333,-37.8213511],[145.0026483,-37.8212693],[145.0026545,-37.8212355]]]}",OpenStreetMap,osm:way/33117835
873,park,Gill Reserve,-37.83251988,144.94417096,1,5329.4,"{""type"":""Polygon"",""coordinates"":[[[144.9437199,-37.8329543],[144.9434897,-37.8327047],[144.9448408,-37.8318619],[144.9450845,-37.8321242],[144.9437199,-37.8329543]]]}",OpenStreetMap,osm:way/33191718
874,park,Howe Reserve,-37.83299924,144.94465278,1,5868.4,"{""type"":""Polygon"",""coordinates"":[[[144.9442359,-37.8334468],[144.9439389,-37.8331673],[144.9453,-37.8323311],[144.9455532,-37.8326042],[144.9442359,-37.8334468]]]}",OpenStreetMap,osm:way/33191722
875,park,Page Reserve,-37.83203014,144.94616784,1,4895.5,"{""type"":""Polygon"",""coordinates"":[[[144.9458201,-37.8324217],[144.9455619,-37.8321575],[144.9466744,-37.8314356],[144.9469627,-37.8317142],[144.9458201,-37.8324217]]]}",OpenStreetMap,osm:way/33191725
876,park,Unnamed park 33191954,-37.83640618,144.95850391,1,2657.4,"{""type"":""Polygon"",""coordinates"":[[[144.9582218,-37.8363721],[144.9582132,-37.8363682],[144.9582069,-37.8363621],[144.9582013,-37.8363536],[144.9581949,-37.8363419],[144.9590313,-37.836116],[144.9593403,-37.8368184],[144.9589098,-37.8365363],[144.9584978,-37.8364211],[144.9582218,-37.8363721]]]}",OpenStreetMap,osm:way/33191954
877,park,Unnamed park 33191959,-37.83907126666666,144.9599961,1,4003.0,"{""type"":""Polygon"",""coordinates"":[[[144.9596394,-37.8394845],[144.9595871,-37.8393849],[144.9597853,-37.8392342],[144.9600364,-37.8387357],[144.9601021,-37.838509],[144.9601557,-37.8384656],[144.9605312,-37.8391085],[144.9604883,-37.8392345],[144.9596394,-37.8394845]]]}",OpenStreetMap,osm:way/33191959
878,park,Alexander Reserve,-37.8195262,144.99842808,1,809.2,"{""type"":""Polygon"",""coordinates"":[[[144.9984886,-37.8196904],[144.9982797,-37.8196712],[144.9983373,-37.8192799],[144.9985462,-37.8192991],[144.9984886,-37.8196904]]]}",OpenStreetMap,osm:way/33198686
879,park,Wildlife Reserve,-37.80192124339623,144.91470484150943,1,25755.9,"{""type"":""Polygon"",""coordinates"":[[[144.9116626,-37.8037516],[144.9135887,-37.8016128],[144.9137388,-37.8016391],[144.9137608,-37.8015553],[144.9137652,-37.8015383],[144.9139013,-37.8015572],[144.913989,-37.8015609],[144.9140346,-37.8015581],[144.9140618,-37.8015557],[144.9140847,-37.8015554],[144.9141089,-37.8015573],[144.914133,-37.8015623],[144.9141558,-37.8015683],[144.9142006,-37.8015813],[144.914593,-37.8017008],[144.9147193,-37.8017368],[144.9147614,-37.801746],[144.9148005,-37.8017479],[144.9148382,-37.8017446],[144.9148606,-37.8017356],[144.9148875,-37.8017238],[144.9149037,-37.8017133],[144.914919,-37.8016997],[144.9149377,-37.8016815],[144.9149482,-37.8016713],[144.9149585,-37.8016641],[144.914969,-37.8016582],[144.9149831,-37.8016547],[144.9149991,-37.8016523],[144.915012,-37.8016524],[144.9158057,-37.8017345],[144.9159448,-37.8017474],[144.9159893,-37.8017535],[144.9160158,-37.8017575],[144.9160423,-37.8017682],[144.9160559,-37.8017762],[144.9160708,-37.8017887],[144.9160786,-37.8018038],[144.9160826,-37.8018181],[144.9160842,-37.8018313],[144.916083,-37.8018418],[144.916079,-37.8018571],[144.9160708,-37.8018685],[144.9160543,-37.8018833],[144.9160271,-37.8019019],[144.9150996,-37.8023563],[144.9147824,-37.8023317],[144.9144138,-37.8023031],[144.9139194,-37.8022647],[144.9134879,-37.8024653],[144.9121171,-37.803924],[144.912113,-37.8039608],[144.9116626,-37.8037516]]]}",OpenStreetMap,osm:way/33297408
880,park,Women's Peace Garden,-37.79114679230769,144.92378245384614,1,6300.1,"{""type"":""Polygon"",""coordinates"":[[[144.9232836,-37.7912179],[144.923284,-37.7912123],[144.9234895,-37.7910753],[144.9239282,-37.7907917],[144.9242019,-37.7906231],[144.924217,-37.790641],[144.9246003,-37.791067],[144.9246482,-37.791096],[144.9236799,-37.791613],[144.9236531,-37.7915838],[144.9235266,-37.7914566],[144.923376,-37.7913127],[144.9232836,-37.7912179]]]}",OpenStreetMap,osm:way/33297833
881,park,Coulson Reserve,-37.78599346666667,144.99721144444445,1,19880.6,"{""type"":""Polygon"",""coordinates"":[[[144.9958435,-37.7867803],[144.9959208,-37.786509],[144.9960924,-37.7860681],[144.9965645,-37.7852948],[144.9979966,-37.7856852],[144.9984858,-37.7856445],[144.9990265,-37.7854681],[144.9991294,-37.7857109],[144.9958435,-37.7867803]]]}",OpenStreetMap,osm:way/33406431
882,park,George Knott Reserve,-37.78424891578948,145.00154481052633,1,48912.3,"{""type"":""Polygon"",""coordinates"":[[[144.9991294,-37.7857109],[144.9990265,-37.7854681],[144.9993784,-37.785285],[144.9996703,-37.7851222],[145.0004599,-37.7845592],[145.001035,-37.7839893],[145.0014298,-37.7835077],[145.00161,-37.7832771],[145.0019019,-37.7831482],[145.0023224,-37.7830532],[145.0026829,-37.78306],[145.0031035,-37.7832567],[145.0033181,-37.7833721],[145.0037386,-37.7838469],[145.0040897,-37.7842788],[145.0033759,-37.784473],[145.002471,-37.784669],[145.0014787,-37.7849411],[144.9991294,-37.7857109]]]}",OpenStreetMap,osm:way/33406492
883,park,Raines Reserve,-37.78757774736842,144.99296401578948,1,2677.9,"{""type"":""Polygon"",""coordinates"":[[[144.9926569,-37.7878637],[144.99261,-37.7878747],[144.9925736,-37.7878748],[144.9925508,-37.7878643],[144.9925376,-37.7878412],[144.9925352,-37.7878118],[144.99255,-37.7877827],[144.9926495,-37.7876886],[144.993118,-37.7872425],[144.9931593,-37.7872253],[144.9931889,-37.7872236],[144.9932204,-37.7872364],[144.9932505,-37.7872985],[144.9932892,-37.7873674],[144.9933087,-37.7873798],[144.9934289,-37.7874612],[144.9935301,-37.787503],[144.9935018,-37.787574],[144.9926569,-37.7878637]]]}",OpenStreetMap,osm:way/33406511
884,park,Surrey Park,-37.8426139,144.99821967692307,1,5301.5,"{""type"":""Polygon"",""coordinates"":[[[144.9981763,-37.8423676],[144.9987813,-37.8424505],[144.9987931,-37.8425302],[144.9987824,-37.8426467],[144.998685,-37.8430874],[144.9986573,-37.843077],[144.9980642,-37.8428534],[144.9978839,-37.8427854],[144.9979719,-37.8426568],[144.9976062,-37.8424953],[144.9976319,-37.842366],[144.997646,-37.8422968],[144.9981763,-37.8423676]]]}",OpenStreetMap,osm:way/334758293
885,park,Brisbane Reserve,-37.7739029,144.93560179,1,4536.9,"{""type"":""Polygon"",""coordinates"":[[[144.9350625,-37.7735006],[144.9353233,-37.7735559],[144.9361941,-37.7738352],[144.9361204,-37.7741201],[144.9361204,-37.7742173],[144.9359093,-37.7742742],[144.9355875,-37.7742675],[144.9356116,-37.7739038],[144.9350263,-37.7738538],[144.9350625,-37.7735006]]]}",OpenStreetMap,osm:way/33657110
886,park,Unnamed park 33657114,-37.773112044444446,144.93649016666666,1,5198.6,"{""type"":""Polygon"",""coordinates"":[[[144.9363818,-37.7736274],[144.9362645,-37.773604],[144.9362511,-37.7734833],[144.9362712,-37.7733224],[144.9367873,-37.7717339],[144.9368443,-37.7717473],[144.9367706,-37.7733124],[144.9364589,-37.7735503],[144.9363818,-37.7736274]]]}",OpenStreetMap,osm:way/33657114
887,library,Carmelite Library,-37.84878335714286,144.95954797142858,1,,"{""type"":""Polygon"",""coordinates"":[[[144.9595138,-37.8487611],[144.9596675,-37.8485776],[144.959826,-37.8486604],[144.9595095,-37.8490381],[144.9593212,-37.8489397],[144.959484,-37.8487455],[144.9595138,-37.8487611]]]}",OpenStreetMap,osm:way/340232318
888,park,Park Square Reserve,-37.8400475,144.9346771,1,2353.7,"{""type"":""Polygon"",""coordinates"":[[[144.9346752,-37.8403009],[144.9342963,-37.8400824],[144.93468,-37.8396674],[144.9350588,-37.8398859],[144.9346752,-37.8403009]]]}",OpenStreetMap,osm:way/34060838
889,park,Delhi Reserve,-37.78275112121212,144.93847667575758,1,9874.6,"{""type"":""Polygon"",""coordinates"":[[[144.9379703,-37.7829136],[144.9381642,-37.7828647],[144.9383914,-37.7828176],[144.9384874,-37.7827334],[144.9385677,-37.7825708],[144.9386304,-37.7824357],[144.938652,-37.782277],[144.9386813,-37.7821066],[144.938648,-37.7818383],[144.9386778,-37.7817238],[144.938616,-37.7814927],[144.938612,-37.7814778],[144.9387041,-37.7814977],[144.9388145,-37.7819127],[144.9388537,-37.782138],[144.9388047,-37.7823025],[144.93884,-37.7825904],[144.9388753,-37.7828372],[144.9388635,-37.7829704],[144.9388087,-37.7831369],[144.9387538,-37.7832975],[144.9388165,-37.7834993],[144.9388459,-37.7835777],[144.9387205,-37.783611],[144.9385638,-37.7836364],[144.9382582,-37.7836325],[144.9379625,-37.7836247],[144.9378332,-37.7835639],[144.9377901,-37.7834523],[144.937796,-37.7832799],[144.9378606,-37.7830821],[144.9378959,-37.7829783],[144.9379703,-37.7829136]]]}",OpenStreetMap,osm:way/34546549
890,park,Unnamed park 34572873,-37.775932796,144.936896084,1,5969.7,"{""type"":""Polygon"",""coordinates"":[[[144.9365371,-37.7739435],[144.9366971,-37.7739927],[144.9367053,-37.7745307],[144.9367216,-37.7750645],[144.9367623,-37.7754069],[144.9368275,-37.7758674],[144.9369498,-37.7764462],[144.937178,-37.7772083],[144.9373737,-37.7776933],[144.9377282,-37.7784839],[144.9376549,-37.7785573],[144.9375619,-37.7783861],[144.937368,-37.7779458],[144.9372406,-37.7776688],[144.9370079,-37.7770484],[144.9368999,-37.7766994],[144.9367864,-37.776223],[144.9366866,-37.7757078],[144.9366174,-37.7751428],[144.9366036,-37.7748879],[144.9365454,-37.7747162],[144.9364955,-37.774503],[144.936454,-37.7742121],[144.9364623,-37.7740404],[144.9365371,-37.7739435]]]}",OpenStreetMap,osm:way/34572873
891,library,Brunswick Library,-37.77170315,144.96072836666667,1,,"{""type"":""Polygon"",""coordinates"":[[[144.9608297,-37.7715874],[144.9607598,-37.7719703],[144.9605272,-37.7719438],[144.9605926,-37.7715509],[144.9608312,-37.7715791],[144.9608297,-37.7715874]]]}",OpenStreetMap,osm:way/35340422
892,park,Unnamed park 35602986,-37.817118042857146,144.9882251,1,1757.3,"{""type"":""Polygon"",""coordinates"":[[[144.988027,-37.8169931],[144.9880433,-37.8169742],[144.9880669,-37.8169735],[144.9887299,-37.8172232],[144.9887067,-37.8173729],[144.9879749,-37.8172963],[144.988027,-37.8169931]]]}",OpenStreetMap,osm:way/35602986
893,park,Unnamed park 364521282,-37.77636661,144.99296646,1,2177.8,"{""type"":""Polygon"",""coordinates"":[[[144.9928329,-37.7760419],[144.9932216,-37.7760864],[144.9932685,-37.7760918],[144.9932005,-37.7764809],[144.9930658,-37.7765028],[144.9928935,-37.7766442],[144.992836,-37.7766424],[144.9927697,-37.7766005],[144.9927432,-37.7765333],[144.9928329,-37.7760419]]]}",OpenStreetMap,osm:way/364521282
894,park,Fennell Reserve,-37.8315259,144.94564328,1,3800.0,"{""type"":""Polygon"",""coordinates"":[[[144.9451401,-37.8316835],[144.9461191,-37.8310776],[144.9464383,-37.8312747],[144.9453788,-37.8319102],[144.9451401,-37.8316835]]]}",OpenStreetMap,osm:way/364840044
895,park,Unnamed park 365835707,-37.83748611666667,144.93610336666666,1,715.7,"{""type"":""Polygon"",""coordinates"":[[[144.9363211,-37.8375555],[144.9360395,-37.8373035],[144.9358481,-37.8374047],[144.9358454,-37.8374979],[144.936245,-37.8375996],[144.9363211,-37.8375555]]]}",OpenStreetMap,osm:way/365835707
896,park,Reeves Street Park,-37.79364961428571,144.9703582142857,1,1817.9,"{""type"":""Polygon"",""coordinates"":[[[144.9705718,-37.7933967],[144.970188,-37.793354],[144.9701049,-37.7938288],[144.9701632,-37.7938353],[144.9704182,-37.7938639],[144.9704896,-37.7938719],[144.9705718,-37.7933967]]]}",OpenStreetMap,osm:way/365962155
897,park,Unnamed park 366455806,-37.83818303076923,144.9365515923077,1,2104.8,"{""type"":""Polygon"",""coordinates"":[[[144.9364847,-37.8382599],[144.9364014,-37.8382333],[144.9363636,-37.8380352],[144.9363599,-37.8380154],[144.9361375,-37.8379922],[144.9361806,-37.8379426],[144.9362445,-37.837815],[144.9366883,-37.8381088],[144.9370982,-37.8383728],[144.937108,-37.8384498],[144.9370099,-37.8385628],[144.9366094,-37.8383317],[144.9364847,-37.8382599]]]}",OpenStreetMap,osm:way/366455806
898,park,Stewart Street Reserve,-37.8244350625,144.992194375,1,508.4,"{""type"":""Polygon"",""coordinates"":[[[144.9923516,-37.8243851],[144.9919941,-37.8243653],[144.9919179,-37.8243777],[144.9920314,-37.824452],[144.9922207,-37.8245774],[144.9923141,-37.8245141],[144.9923736,-37.8244238],[144.9923516,-37.8243851]]]}",OpenStreetMap,osm:way/366754634
899,park,Ron Barassi Senior Park,-37.8163435625,144.93456855,1,14164.5,"{""type"":""Polygon"",""coordinates"":[[[144.9338375,-37.8162671],[144.934246,-37.8169148],[144.9342328,-37.8169994],[144.9342804,-37.81708],[144.9343512,-37.8170913],[144.9357141,-37.816586],[144.9357403,-37.8165297],[144.9352432,-37.8157331],[144.9347199,-37.8159332],[144.9346229,-37.8159463],[144.9345494,-37.8159967],[144.9345275,-37.8160073],[144.9344954,-37.8160205],[144.9343918,-37.8160341],[144.9343069,-37.8160904],[144.9338375,-37.8162671]]]}",OpenStreetMap,osm:way/373560335
900,park,White Reserve,-37.84015662608695,144.91566977826088,1,42578.8,"{""type"":""Polygon"",""coordinates"":[[[144.915166,-37.8395846],[144.9151981,-37.839572],[144.9152299,-37.8395543],[144.9152704,-37.8395326],[144.9152881,-37.8395255],[144.9153115,-37.8395196],[144.9153321,-37.8395173],[144.9153545,-37.8395171],[144.9153681,-37.8395204],[144.9153992,-37.8395349],[144.9156919,-37.8396861],[144.9161281,-37.8396392],[144.9164083,-37.8395819],[144.9166238,-37.8395132],[144.9168349,-37.8394467],[144.916996,-37.8394],[144.9171331,-37.8393657],[144.9172707,-37.8393389],[144.917287,-37.8393468],[144.917297,-37.8393631],[144.9172428,-37.8393724],[144.9172695,-37.8395291],[144.9172832,-37.8396353],[144.9173749,-37.8396916],[144.9173845,-37.8397607],[144.9173175,-37.8397673],[144.9170383,-37.8398033],[144.9167385,-37.8398468],[144.9164867,-37.8398861],[144.9162347,-37.8399274],[144.9161918,-37.8399403],[144.9161636,-37.8399561],[144.9161441,-37.8399775],[144.9161335,-37.8399998],[144.9161293,-37.8400241],[144.9161301,-37.8400466],[144.9161374,-37.8400666],[144.9161503,-37.840079],[144.9161671,-37.8400887],[144.9161833,-37.8401016],[144.9161986,-37.8401234],[144.916206,-37.8401465],[144.9162091,-37.8401774],[144.9162028,-37.8402024],[144.9161842,-37.8402285],[144.9161461,-37.8402624],[144.916099,-37.840293],[144.9159449,-37.8403661],[144.9158204,-37.8404208],[144.9158305,-37.8404519],[144.9156963,-37.8404846],[144.9156848,-37.8404753],[144.9153819,-37.840627],[144.9150251,-37.8408297],[144.91496,-37.840865],[144.9145023,-37.8411408],[144.9142548,-37.8412994],[144.9141915,-37.8413526],[144.9137181,-37.8415961],[144.9136607,-37.8416297],[144.9132514,-37.8418694],[144.9132219,-37.842132],[144.9129724,-37.8422527],[144.912661,-37.8418363],[144.912849,-37.8411589],[144.9128958,-37.8409867],[144.912969,-37.8407171],[144.9148213,-37.8397367],[144.915166,-37.8395846]]]}",OpenStreetMap,osm:way/374886571
901,park,Inner Circle Linear Park,-37.77930175833333,144.97284659166667,1,11777.4,"{""type"":""Polygon"",""coordinates"":[[[144.9707455,-37.7789576],[144.9706861,-37.7793021],[144.9733526,-37.7795894],[144.9745906,-37.7797228],[144.9746195,-37.7795552],[144.9737048,-37.7794566],[144.9737353,-37.7792798],[144.973712,-37.7792773],[144.9735111,-37.7792556],[144.9733826,-37.7792418],[144.9713735,-37.7790253],[144.9707455,-37.7789576]]]}",OpenStreetMap,osm:way/37522397
902,library,Ascot Vale Library,-37.77400818,144.91554021,1,,"{""type"":""Polygon"",""coordinates"":[[[144.9154347,-37.7739946],[144.9155194,-37.7740022],[144.9155129,-37.7740476],[144.9155618,-37.774052],[144.915677,-37.7740623],[144.9156827,-37.7740628],[144.9156979,-37.7739569],[144.9154434,-37.7739341],[144.9154376,-37.7739747],[144.9154347,-37.7739946]]]}",OpenStreetMap,osm:way/376835154
903,park,Unnamed park 376913779,-37.795177244444446,145.02874685555557,1,27046.9,"{""type"":""Polygon"",""coordinates"":[[[145.0287509,-37.79427],[145.0286924,-37.7943187],[145.0289225,-37.7945209],[145.0283751,-37.7949167],[145.0281445,-37.79471],[145.0279539,-37.7948467],[145.0281787,-37.7950479],[145.0273255,-37.7956718],[145.0270667,-37.7954384],[145.0270022,-37.7954946],[145.0272278,-37.7957022],[145.0268009,-37.7960187],[145.0266749,-37.7959222],[145.0266067,-37.7959944],[145.0269895,-37.7963161],[145.0275861,-37.7958741],[145.0279207,-37.7956732],[145.0282998,-37.7955073],[145.028699,-37.7954026],[145.028791,-37.7953661],[145.0290298,-37.7953295],[145.0292642,-37.7953041],[145.0297566,-37.7952851],[145.0300924,-37.7953076],[145.0300906,-37.795334],[145.0302499,-37.7953461],[145.0302603,-37.7952579],[145.0303878,-37.7952664],[145.0308253,-37.7952883],[145.030889,-37.7949247],[145.030725,-37.7947553],[145.0307075,-37.7946509],[145.029738,-37.7944456],[145.029331,-37.7943629],[145.0287797,-37.7942398],[145.0287509,-37.79427]]]}",OpenStreetMap,osm:way/376913779
904,park,Unnamed park 37813747,-37.814692613333335,144.99643814,1,13117.3,"{""type"":""Polygon"",""coordinates"":[[[144.9964966,-37.814434],[144.9963682,-37.8151075],[144.9967589,-37.815154],[144.9967339,-37.8152854],[144.9967092,-37.8154146],[144.9967026,-37.8154493],[144.9951441,-37.8152639],[144.9953277,-37.8142958],[144.9962434,-37.8144031],[144.9967361,-37.8141146],[144.9967914,-37.8141736],[144.9967736,-37.8141836],[144.9967083,-37.8142318],[144.9965815,-37.814444],[144.9964966,-37.814434]]]}",OpenStreetMap,osm:way/37813747
905,park,Fairview Park,-37.829693354166665,145.02793459166665,1,49977.6,"{""type"":""Polygon"",""coordinates"":[[[145.0288094,-37.8312462],[145.0291284,-37.8312835],[145.029242,-37.8314589],[145.0293292,-37.8314041],[145.0295439,-37.8302619],[145.0295429,-37.8301172],[145.0294623,-37.8299809],[145.0294108,-37.829907],[145.0293684,-37.8298326],[145.0293319,-37.829747],[145.0292918,-37.8296179],[145.0292927,-37.8295269],[145.029308,-37.8294528],[145.0277826,-37.8292881],[145.0263944,-37.8285986],[145.0252494,-37.8284956],[145.0253096,-37.8280879],[145.0252903,-37.8280789],[145.0253326,-37.8278571],[145.0251089,-37.8278166],[145.0248999,-37.8287424],[145.0265327,-37.8296147],[145.0286587,-37.8309775],[145.0288094,-37.8312462]]]}",OpenStreetMap,osm:way/379065029
906,park,Unnamed park 383401486,-37.79813161111111,144.96889423333334,1,775.9,"{""type"":""Polygon"",""coordinates"":[[[144.9688913,-37.7978285],[144.9689196,-37.7978087],[144.9689777,-37.7978149],[144.9690028,-37.7978372],[144.9688976,-37.7985064],[144.9688709,-37.7985337],[144.9688097,-37.7985282],[144.9687872,-37.7984984],[144.9688913,-37.7978285]]]}",OpenStreetMap,osm:way/383401486
907,park,JL Murphy Reserve,-37.83331770555556,144.9281416888889,1,113722.3,"{""type"":""Polygon"",""coordinates"":[[[144.9264377,-37.8345616],[144.9259819,-37.8330522],[144.926185,-37.8330135],[144.9261527,-37.8329056],[144.9262542,-37.8328845],[144.9261515,-37.8325644],[144.926206,-37.8325676],[144.9312085,-37.8315986],[144.9313288,-37.8315899],[144.9316789,-37.8326984],[144.9323206,-37.8325674],[144.9325679,-37.8333776],[144.9306443,-37.8337562],[144.9270032,-37.8344614],[144.9268538,-37.8344902],[144.9266122,-37.8345258],[144.9265255,-37.8345422],[144.9264377,-37.8345616]]]}",OpenStreetMap,osm:way/384644234
908,park,Toorak Park,-37.85289150625,145.01317678125,1,27199.5,"{""type"":""Polygon"",""coordinates"":[[[145.012056,-37.8518042],[145.011803,-37.8534881],[145.0131863,-37.8536726],[145.0132783,-37.8536433],[145.0136277,-37.8536894],[145.0136807,-37.8533606],[145.0136036,-37.853351],[145.0136418,-37.8531483],[145.0136491,-37.8531085],[145.0134531,-37.8530795],[145.0134698,-37.8530006],[145.0135434,-37.8528904],[145.013621,-37.852345],[145.0132079,-37.8519567],[145.0129508,-37.8519217],[145.012056,-37.8518042]]]}",OpenStreetMap,osm:way/385072442
909,park,Pleasance Gardens,-37.79637502857143,144.9459682190476,1,3596.5,"{""type"":""Polygon"",""coordinates"":[[[144.9449338,-37.796146],[144.9463578,-37.7962954],[144.9463925,-37.7963142],[144.9464188,-37.7963336],[144.9464289,-37.7963482],[144.9464349,-37.7963665],[144.946441,-37.7964035],[144.9464404,-37.7964308],[144.9464374,-37.79645],[144.9464319,-37.7964628],[144.9464237,-37.7964745],[144.9464084,-37.7964888],[144.9463809,-37.7965053],[144.9463457,-37.7965208],[144.9463245,-37.7965244],[144.946295,-37.7965263],[144.9448869,-37.7963841],[144.944863,-37.7963088],[144.9448647,-37.7962543],[144.9448886,-37.7961913],[144.9449338,-37.796146]]]}",OpenStreetMap,osm:way/39247697
910,covered_walkway,Covered walkway 398632843,-37.797288433333335,144.9649193,2,,"{""type"":""LineString"",""coordinates"":[[144.9649195,-37.7972698],[144.9649193,-37.7972867],[144.9649191,-37.7973088]]}",OpenStreetMap,osm:way/398632843
911,library,Library at the Dock,-37.820047555555554,144.94054532222222,1,,"{""type"":""Polygon"",""coordinates"":[[[144.9402053,-37.8200271],[144.9408091,-37.8198526],[144.9408725,-37.8199895],[144.9408837,-37.8200137],[144.9407574,-37.8200502],[144.9405076,-37.8201224],[144.9403871,-37.8201572],[144.9402799,-37.8201882],[144.9402053,-37.8200271]]]}",OpenStreetMap,osm:way/401309132
912,park,Weedon Reserve,-37.81701238148148,144.9890501851852,1,3527.2,"{""type"":""Polygon"",""coordinates"":[[[144.9897933,-37.8172562],[144.9897757,-37.8172685],[144.989745,-37.8172754],[144.9896982,-37.8172734],[144.9896521,-37.8172676],[144.9895915,-37.8172563],[144.9895356,-37.8172433],[144.9894087,-37.8172068],[144.9893235,-37.8171831],[144.9890865,-37.817105],[144.9887053,-37.8169686],[144.9883818,-37.8168591],[144.9883296,-37.8168402],[144.9882111,-37.8168059],[144.9882056,-37.8168024],[144.9882054,-37.8167979],[144.988215,-37.81677],[144.9882205,-37.8167648],[144.988229,-37.816763],[144.9882422,-37.8167635],[144.9884737,-37.8167893],[144.9887247,-37.8168157],[144.9893404,-37.8168852],[144.9897866,-37.8169321],[144.9898753,-37.816947],[144.9898054,-37.8172378],[144.9897933,-37.8172562]]]}",OpenStreetMap,osm:way/40337821
913,park,The Bulpadock,-37.79526980625,144.95929443125002,1,5330.1,"{""type"":""Polygon"",""coordinates"":[[[144.9588495,-37.7950012],[144.9589801,-37.7949099],[144.9595294,-37.7949512],[144.9596085,-37.7949965],[144.9596314,-37.7951179],[144.959622,-37.7951524],[144.9597789,-37.795187],[144.9597094,-37.7953066],[144.959679,-37.7956935],[144.9593695,-37.7956703],[144.9591207,-37.7956517],[144.9590474,-37.7955391],[144.9590595,-37.7954363],[144.9590667,-37.7953604],[144.9588094,-37.7953417],[144.9588495,-37.7950012]]]}",OpenStreetMap,osm:way/403420628
914,park,Unnamed park 403753915,-37.78728108611111,144.97830652222223,1,1834.9,"{""type"":""Polygon"",""coordinates"":[[[144.9783907,-37.7871683],[144.9784554,-37.7871307],[144.9784599,-37.7871079],[144.9782852,-37.7870868],[144.9783372,-37.7868185],[144.9782254,-37.786805],[144.9781847,-37.7870152],[144.9781724,-37.7870784],[144.9781675,-37.7871035],[144.9780985,-37.7870951],[144.9780835,-37.7871724],[144.9780744,-37.787219],[144.9780137,-37.7872116],[144.977973,-37.7874217],[144.9780082,-37.787426],[144.9780289,-37.7874119],[144.9780706,-37.7874082],[144.9781052,-37.7873994],[144.978136,-37.7874248],[144.9781924,-37.7874561],[144.9782534,-37.7874677],[144.9784933,-37.7874968],[144.9785928,-37.7875088],[144.9785945,-37.7875001],[144.9786209,-37.7875033],[144.9786451,-37.7873789],[144.9785846,-37.7873716],[144.9785275,-37.7874098],[144.9784679,-37.7874026],[144.9784635,-37.7873952],[144.9784386,-37.7873535],[144.9783921,-37.7873716],[144.9783589,-37.7873288],[144.978364,-37.7873029],[144.9783842,-37.7871987],[144.9783907,-37.7871683]]]}",OpenStreetMap,osm:way/403753915
915,park,Kensington Hall Reserve,-37.78890884166666,144.92833935833332,1,4292.9,"{""type"":""Polygon"",""coordinates"":[[[144.9279284,-37.7893563],[144.9278357,-37.789271],[144.9283146,-37.7889596],[144.9283444,-37.7889051],[144.9284645,-37.7881861],[144.9287341,-37.7882132],[144.9287723,-37.7882848],[144.9289012,-37.7888257],[144.928902,-37.7888312],[144.9279882,-37.789356],[144.9279585,-37.7893608],[144.9279284,-37.7893563]]]}",OpenStreetMap,osm:way/40662386
916,park,Cambridge Street Reserve,-37.805578945,144.98562079,1,1480.1,"{""type"":""Polygon"",""coordinates"":[[[144.9856737,-37.8055037],[144.9856804,-37.8054646],[144.9855042,-37.8054458],[144.9855186,-37.8053617],[144.9853167,-37.8054259],[144.9852915,-37.8055729],[144.9853774,-37.8055821],[144.9853543,-37.8057174],[144.9854558,-37.8057282],[144.985449,-37.8057676],[144.9857358,-37.8057983],[144.9857515,-37.8057067],[144.9857861,-37.8057104],[144.9858039,-37.8056064],[144.9858638,-37.8056128],[144.9858766,-37.8055385],[144.9858042,-37.8055177],[144.9857545,-37.8055033],[144.9857441,-37.8055112],[144.9856737,-37.8055037]]]}",OpenStreetMap,osm:way/41089697
917,park,Kirkdale Park,-37.77011154375,144.98335006875,1,20692.7,"{""type"":""Polygon"",""coordinates"":[[[144.9826865,-37.7692752],[144.9828634,-37.7692902],[144.9834604,-37.7693462],[144.9841434,-37.7694276],[144.9840318,-37.7697465],[144.9840833,-37.7703571],[144.9841777,-37.7707913],[144.9842827,-37.7711248],[144.9838772,-37.7710863],[144.9831512,-37.7710175],[144.983206,-37.7705703],[144.9829584,-37.7702594],[144.9827989,-37.7701291],[144.9826462,-37.770051],[144.9825475,-37.770037],[144.9826865,-37.7692752]]]}",OpenStreetMap,osm:way/41098268
918,park,Sumner Park,-37.77368503214286,144.98576342142857,1,21044.3,"{""type"":""Polygon"",""coordinates"":[[[144.9852113,-37.7742476],[144.9852094,-37.7741769],[144.9852027,-37.7739212],[144.9851791,-37.7738131],[144.985279,-37.7732502],[144.9853483,-37.7728601],[144.9852999,-37.7726815],[144.9854191,-37.7726339],[144.9855155,-37.7726208],[144.9856701,-37.7725181],[144.9859795,-37.7727681],[144.9860943,-37.7728828],[144.9861847,-37.7730265],[144.9863053,-37.7732145],[144.9865111,-37.7734006],[144.9868784,-37.7737188],[144.9868283,-37.7740202],[144.9868382,-37.7743482],[144.9864492,-37.774346],[144.9858981,-37.774343],[144.9858558,-37.7743532],[144.9858063,-37.774385],[144.9857423,-37.7743504],[144.9854381,-37.7743101],[144.9854381,-37.7742406],[144.9853357,-37.7742544],[144.9852467,-37.7742475],[144.9852113,-37.7742476]]]}",OpenStreetMap,osm:way/41098463
919,park,Point Park,-37.82351141940299,144.94215525074625,1,7566.4,"{""type"":""Polygon"",""coordinates"":[[[144.941233,-37.8231623],[144.9412642,-37.8229986],[144.9412845,-37.8229698],[144.9414028,-37.8229651],[144.9414413,-37.8229426],[144.9415935,-37.8229714],[144.9416078,-37.8229341],[144.9417492,-37.8229684],[144.9420834,-37.8230504],[144.9421589,-37.823068],[144.9422341,-37.823085],[144.9422506,-37.8230912],[144.9422661,-37.8231051],[144.9422791,-37.8231207],[144.942289,-37.8231333],[144.9423021,-37.8231404],[144.9423179,-37.8231458],[144.9423315,-37.8231516],[144.9426158,-37.8234327],[144.9426539,-37.8234438],[144.9426901,-37.823458],[144.9427101,-37.8234688],[144.9427228,-37.8234795],[144.942734,-37.8234955],[144.9427394,-37.8235116],[144.9427788,-37.82362],[144.9427859,-37.823639],[144.9427849,-37.8236601],[144.9427809,-37.8236727],[144.9427608,-37.8237114],[144.9427349,-37.8237637],[144.9427275,-37.8237754],[144.9427203,-37.8237867],[144.942703,-37.823799],[144.942648,-37.8238234],[144.9425273,-37.8238792],[144.9424409,-37.823916],[144.9424135,-37.8239315],[144.9423821,-37.8239492],[144.9423215,-37.8239918],[144.9423065,-37.8240049],[144.942297,-37.8240176],[144.9422905,-37.8240175],[144.9422996,-37.8239997],[144.9421567,-37.8239473],[144.9421482,-37.8239647],[144.9420969,-37.8239452],[144.9420784,-37.8239346],[144.9420634,-37.8239207],[144.942057,-37.8239052],[144.9420549,-37.8238852],[144.9420545,-37.8238567],[144.9420484,-37.8238318],[144.9420197,-37.8237688],[144.942079,-37.8237488],[144.9419919,-37.8236084],[144.94192,-37.8235158],[144.9418637,-37.8234571],[144.9418079,-37.8234085],[144.9417608,-37.823444],[144.9417047,-37.8233989],[144.9416228,-37.8233554],[144.9416605,-37.8233091],[144.9415441,-37.8232512],[144.9414412,-37.823213],[144.9413351,-37.8231799],[144.941233,-37.8231623]]]}",OpenStreetMap,osm:way/41374335
920,park,Parsons Reserve,-37.79013822857143,144.9310545,1,1651.1,"{""type"":""Polygon"",""coordinates"":[[[144.9308635,-37.7903194],[144.9309172,-37.790011],[144.9309427,-37.7898652],[144.9313077,-37.7899049],[144.9312583,-37.7901885],[144.9312286,-37.7903592],[144.9308635,-37.7903194]]]}",OpenStreetMap,osm:way/41379776
921,park,J.J. Holland Park,-37.79814118888888,144.92277878888888,1,102678.2,"{""type"":""Polygon"",""coordinates"":[[[144.9203751,-37.7984442],[144.92321,-37.7968068],[144.9245953,-37.7960047],[144.9269359,-37.7986416],[144.9259514,-37.7992534],[144.9214452,-37.798596],[144.9211908,-37.7985589],[144.9209303,-37.7985209],[144.9203751,-37.7984442]]]}",OpenStreetMap,osm:way/41411230
922,park,Grant Street Reserve,-37.82567524285714,144.9688898,1,3221.6,"{""type"":""Polygon"",""coordinates"":[[[144.9692217,-37.8254801],[144.9692438,-37.8255257],[144.9692539,-37.8255739],[144.9692163,-37.8257074],[144.9679852,-37.8261586],[144.968086,-37.8258009],[144.9692217,-37.8254801]]]}",OpenStreetMap,osm:way/415518381
923,park,Unnamed park 415518384,-37.82572012941176,144.96876251764706,1,1616.1,"{""type"":""Polygon"",""coordinates"":[[[144.9692438,-37.8255257],[144.9692217,-37.8254801],[144.968086,-37.8258009],[144.9680402,-37.8259637],[144.9682856,-37.8259357],[144.9683768,-37.8258477],[144.9684733,-37.8258583],[144.9685297,-37.8258393],[144.9686048,-37.8257693],[144.96871,-37.8257434],[144.9688602,-37.8257487],[144.9689394,-37.8256878],[144.9689769,-37.8256788],[144.9690406,-37.8256835],[144.9691412,-37.8256099],[144.9691888,-37.8255437],[144.9692438,-37.8255257]]]}",OpenStreetMap,osm:way/415518384
924,park,Winifred Crescent Reserve,-37.833954266666666,145.01018133888888,1,8270.1,"{""type"":""Polygon"",""coordinates"":[[[145.0092887,-37.8340329],[145.0093911,-37.8340618],[145.009653,-37.8340739],[145.0098953,-37.8340276],[145.0100695,-37.8339582],[145.0102638,-37.8338194],[145.0104596,-37.8336337],[145.0108586,-37.833105],[145.0111264,-37.8331148],[145.0109915,-37.8339661],[145.0109238,-37.8340205],[145.0106581,-37.8340379],[145.010509,-37.8340814],[145.0103631,-37.8341573],[145.0102972,-37.8342337],[145.0097506,-37.8344157],[145.0094761,-37.834404],[145.0092887,-37.8340329]]]}",OpenStreetMap,osm:way/41697070
925,park,Chris Gahan Reserve,-37.8561000625,144.9962981375,1,7175.1,"{""type"":""Polygon"",""coordinates"":[[[144.9957064,-37.8564509],[144.9958761,-37.8555922],[144.9965937,-37.8556864],[144.9965917,-37.8557054],[144.9965049,-37.8561505],[144.996746,-37.8561798],[144.9966599,-37.8565844],[144.9957064,-37.8564509]]]}",OpenStreetMap,osm:way/41803160
926,park,Harry Gregory Reserve,-37.85362428571428,144.99668048571428,1,3163.3,"{""type"":""Polygon"",""coordinates"":[[[144.9967995,-37.8538565],[144.9961975,-37.8537814],[144.9963011,-37.8532696],[144.9969315,-37.8533543],[144.9968886,-37.853629],[144.9968457,-37.8536227],[144.9967995,-37.8538565]]]}",OpenStreetMap,osm:way/41803163
927,park,Windsor Siding,-37.854993809375,144.99030094375,1,10686.1,"{""type"":""Polygon"",""coordinates"":[[[144.9909902,-37.8553052],[144.9909349,-37.8553619],[144.9911944,-37.855512],[144.9912534,-37.8555856],[144.9912674,-37.8555962],[144.9914824,-37.8557592],[144.9914741,-37.8557663],[144.9914321,-37.8558021],[144.991384,-37.855767],[144.9913077,-37.8557113],[144.9907813,-37.8553894],[144.9901542,-37.8552895],[144.9892497,-37.8551652],[144.9893378,-37.8545903],[144.9891389,-37.8545672],[144.9891626,-37.8544343],[144.9889094,-37.8542676],[144.9889118,-37.8542451],[144.9891707,-37.854276],[144.9891653,-37.854321],[144.9895854,-37.8543692],[144.9895703,-37.8544541],[144.9896922,-37.854523],[144.9899814,-37.8546789],[144.9901339,-37.8547674],[144.9902026,-37.8548078],[144.9902699,-37.8544629],[144.9902919,-37.8544732],[144.9905426,-37.8548676],[144.9907883,-37.855152],[144.9908792,-37.8552282],[144.9909902,-37.8553052]]]}",OpenStreetMap,osm:way/41803361
928,park,Grosvenor Reserve,-37.8440116,144.99369430000002,1,4919.2,"{""type"":""Polygon"",""coordinates"":[[[144.9931494,-37.8443356],[144.993201,-37.8440791],[144.9931849,-37.8440616],[144.9931333,-37.8440557],[144.9932242,-37.8436172],[144.9937321,-37.8436862],[144.9937523,-37.8436889],[144.9941801,-37.843747],[144.9942155,-37.8437518],[144.9942132,-37.843763],[144.9941822,-37.8439184],[144.9941636,-37.8440066],[144.9941348,-37.8440026],[144.9941083,-37.8441249],[144.9939597,-37.8441071],[144.9937284,-37.8440793],[144.9937106,-37.8440772],[144.9936857,-37.8440742],[144.9936724,-37.8441361],[144.9935165,-37.8441166],[144.9935138,-37.844127],[144.9934575,-37.8443751],[144.9931494,-37.8443356]]]}",OpenStreetMap,osm:way/41803985
929,park,Argo Reserve,-37.84386116,144.989836745,1,3584.5,"{""type"":""Polygon"",""coordinates"":[[[144.9895198,-37.8441732],[144.9895309,-37.8441188],[144.9896072,-37.8437461],[144.9896505,-37.8435344],[144.989676,-37.8435377],[144.9896899,-37.8435394],[144.9897153,-37.8435427],[144.9898179,-37.8435558],[144.9899867,-37.8435773],[144.9900036,-37.8435795],[144.9900379,-37.8435838],[144.9901564,-37.843599],[144.9902107,-37.8436059],[144.9900801,-37.8442447],[144.9900404,-37.8442395],[144.989975,-37.8442309],[144.9899416,-37.8442276],[144.9898205,-37.844211],[144.9897547,-37.8442027],[144.9895198,-37.8441732]]]}",OpenStreetMap,osm:way/41844101
930,park,Connell Reserve,-37.8486816,144.9853526,1,943.6,"{""type"":""Polygon"",""coordinates"":[[[144.9854624,-37.8488235],[144.9850971,-37.8487757],[144.9851407,-37.848514],[144.985453,-37.8485552],[144.9855,-37.8485977],[144.9854624,-37.8488235]]]}",OpenStreetMap,osm:way/42118876
931,park,Unnamed park 423246239,-37.83706212,144.92004436,1,584.8,"{""type"":""Polygon"",""coordinates"":[[[144.9199801,-37.8369372],[144.9201799,-37.8369574],[144.9201433,-37.8372492],[144.9199384,-37.8372296],[144.9199801,-37.8369372]]]}",OpenStreetMap,osm:way/423246239
932,park,Unnamed park 423246272,-37.83742572,144.91998078,1,651.6,"{""type"":""Polygon"",""coordinates"":[[[144.9199138,-37.8372922],[144.919873,-37.8376094],[144.9200813,-37.837626],[144.920122,-37.8373088],[144.9199138,-37.8372922]]]}",OpenStreetMap,osm:way/423246272
933,park,Neill Street Reserve,-37.79496256153846,144.97016703846154,1,3691.2,"{""type"":""Polygon"",""coordinates"":[[[144.97083,-37.7945573],[144.9705916,-37.7946606],[144.970077,-37.7948911],[144.9698528,-37.7949915],[144.9696403,-37.7950676],[144.9695881,-37.7950674],[144.9695898,-37.795116],[144.9695976,-37.7953238],[144.9696408,-37.7953707],[144.9704033,-37.7950245],[144.9707457,-37.7950608],[144.9707845,-37.7948247],[144.97083,-37.7945573]]]}",OpenStreetMap,osm:way/423643016
934,park,Unnamed park 424848607,-37.8384823,144.9293636631579,1,5320.8,"{""type"":""Polygon"",""coordinates"":[[[144.9289261,-37.8382253],[144.9292852,-37.8383018],[144.9292889,-37.8383006],[144.9292935,-37.8382882],[144.9292957,-37.8382855],[144.9295953,-37.8383478],[144.929598,-37.8383523],[144.9295948,-37.8383631],[144.9295965,-37.8383674],[144.9296946,-37.8383892],[144.9300167,-37.8384576],[144.9300199,-37.8384559],[144.9300253,-37.8384431],[144.9300286,-37.8384406],[144.9300662,-37.8384489],[144.9300864,-37.8384564],[144.9301034,-37.8384645],[144.9301181,-37.8384765],[144.9301304,-37.8384928],[144.9301361,-37.8385089],[144.9301387,-37.8385267],[144.9301381,-37.8385434],[144.9301219,-37.8386272],[144.9300767,-37.8387358],[144.9300673,-37.8387516],[144.9300526,-37.838773],[144.930039,-37.8387877],[144.9300331,-37.8387931],[144.930024,-37.8387998],[144.9300104,-37.8388053],[144.9299955,-37.8388106],[144.9299784,-37.8388129],[144.9299633,-37.8388125],[144.9299517,-37.8388114],[144.929902,-37.8388022],[144.9299002,-37.8387988],[144.9299053,-37.838784],[144.9299043,-37.8387811],[144.9295938,-37.8387162],[144.9295896,-37.8387175],[144.9295843,-37.838732],[144.9295793,-37.838734],[144.9292564,-37.8386617],[144.9292554,-37.8386596],[144.9292592,-37.8386444],[144.9292562,-37.8386415],[144.9287835,-37.83854],[144.9287767,-37.838543],[144.9287718,-37.838554],[144.9287685,-37.8385565],[144.9286267,-37.8385268],[144.9286014,-37.8385178],[144.9285843,-37.8385088],[144.9285698,-37.8384941],[144.9285603,-37.8384775],[144.9285579,-37.838461],[144.928559,-37.8384352],[144.9285643,-37.8383901],[144.9285778,-37.8383348],[144.9286008,-37.8382822],[144.9286274,-37.8382342],[144.9286405,-37.838211],[144.9286519,-37.8381958],[144.9286671,-37.8381828],[144.9286845,-37.8381744],[144.9287054,-37.838168],[144.9287288,-37.8381663],[144.9287502,-37.8381683],[144.9287837,-37.8381751],[144.9288399,-37.8381872],[144.9288496,-37.8381905],[144.9288521,-37.8381948],[144.9288492,-37.8382067],[144.92885,-37.8382102],[144.9288528,-37.838212],[144.9289261,-37.8382253]]]}",OpenStreetMap,osm:way/424848607
935,park,Galada Avenue Reserve,-37.77992970882353,144.9400657735294,1,14723.4,"{""type"":""Polygon"",""coordinates"":[[[144.9393482,-37.7790582],[144.9393734,-37.7789672],[144.939419,-37.7788718],[144.9394861,-37.7787742],[144.9395581,-37.7787024],[144.9396323,-37.7786807],[144.9397586,-37.7787304],[144.9398696,-37.7787785],[144.9401469,-37.7788535],[144.9401426,-37.77899],[144.9401875,-37.7797616],[144.9405284,-37.7806004],[144.9408693,-37.7809997],[144.9410203,-37.781082],[144.9411138,-37.7810852],[144.9411703,-37.7811256],[144.9411328,-37.7813739],[144.9410665,-37.7815056],[144.9409112,-37.781482],[144.9404423,-37.7812922],[144.9403928,-37.7812559],[144.9401996,-37.7807839],[144.9401089,-37.7805869],[144.9400607,-37.780458],[144.9400044,-37.7802158],[144.9399541,-37.7800123],[144.9398629,-37.7798469],[144.9397898,-37.7797484],[144.93965,-37.7796296],[144.9395381,-37.7795296],[144.939441,-37.7793937],[144.939364,-37.7792332],[144.9393446,-37.7791426],[144.9393482,-37.7790582]]]}",OpenStreetMap,osm:way/42556110
936,park,Caroline Gardens,-37.8391132,144.98749912857144,1,1848.5,"{""type"":""Polygon"",""coordinates"":[[[144.9877379,-37.8393121],[144.9870899,-37.8392258],[144.9871447,-37.8389549],[144.9874887,-37.8389997],[144.9874942,-37.8389737],[144.9878006,-37.8390141],[144.9877379,-37.8393121]]]}",OpenStreetMap,osm:way/42787190
937,park,Unnamed park 42850419,-37.84453106,144.990562772,1,822.1,"{""type"":""Polygon"",""coordinates"":[[[144.990442,-37.8448477],[144.9904904,-37.8448543],[144.9905566,-37.8448627],[144.9906231,-37.8448717],[144.99069,-37.844541],[144.9907153,-37.8444157],[144.9906823,-37.8444113],[144.9906738,-37.8444102],[144.9906528,-37.8444073],[144.9906416,-37.8444058],[144.9905914,-37.8443991],[144.9905812,-37.8443977],[144.9905696,-37.8443962],[144.9905396,-37.8443922],[144.9905369,-37.8443929],[144.9905352,-37.8443947],[144.9905324,-37.8444092],[144.9905309,-37.8444168],[144.9905289,-37.8444263],[144.9905211,-37.8444649],[144.9905165,-37.8444872],[144.9905141,-37.8444989],[144.9905099,-37.8445198],[144.9904517,-37.8448052],[144.990442,-37.8448477]]]}",OpenStreetMap,osm:way/42850419
938,park,Grattan Gardens,-37.84827453611111,144.99154800555556,1,10136.4,"{""type"":""Polygon"",""coordinates"":[[[144.9916739,-37.8480192],[144.9916153,-37.8484003],[144.9915466,-37.8488472],[144.9915015,-37.8491408],[144.991489,-37.8492219],[144.9911473,-37.8491843],[144.991154,-37.8491414],[144.9911621,-37.8490891],[144.9911792,-37.8489797],[144.9911813,-37.8489662],[144.9911836,-37.8489518],[144.9911854,-37.8489398],[144.9912013,-37.848835],[144.9912085,-37.8487881],[144.9912124,-37.8487635],[144.9912157,-37.8487418],[144.9912179,-37.8487275],[144.9912749,-37.8483591],[144.991279,-37.8483326],[144.991356,-37.8478115],[144.991359,-37.8477917],[144.9914078,-37.8474705],[144.9914812,-37.8469876],[144.9919282,-37.8470401],[144.9918609,-37.8472943],[144.9921774,-37.847324],[144.9921431,-37.8475494],[144.9921233,-37.8476798],[144.9920997,-37.8478351],[144.9920941,-37.8478717],[144.9920899,-37.8478992],[144.992085,-37.8479315],[144.9917665,-37.8478978],[144.9917445,-37.8480272],[144.9917088,-37.8480234],[144.9916739,-37.8480192]]]}",OpenStreetMap,osm:way/42911155
939,park,Arthur Calwell Reserve,-37.77938008571429,144.9347229,1,1770.9,"{""type"":""Polygon"",""coordinates"":[[[144.9347368,-37.7796239],[144.9346553,-37.7795162],[144.9346062,-37.7794513],[144.9346007,-37.779444],[144.934503,-37.7793147],[144.9344811,-37.7792857],[144.9346219,-37.77922],[144.9345857,-37.7791755],[144.9348217,-37.779065],[144.934852,-37.7791049],[144.9350955,-37.7794331],[144.9350305,-37.7794674],[144.9347934,-37.7795956],[144.9347368,-37.7796239]]]}",OpenStreetMap,osm:way/436087612
940,park,Unnamed park 43763065,-37.794729345238096,144.93627915238096,1,58095.9,"{""type"":""Polygon"",""coordinates"":[[[144.9357497,-37.7945465],[144.9361202,-37.7935842],[144.936392,-37.7919882],[144.9367098,-37.7907594],[144.9369358,-37.7901944],[144.9372148,-37.7897072],[144.937462,-37.7893081],[144.9374902,-37.7890892],[144.9378292,-37.7886726],[144.9382741,-37.7884713],[144.9387967,-37.7881676],[144.939344,-37.787758],[144.9398842,-37.7874755],[144.9391067,-37.7865284],[144.9389098,-37.7869909],[144.938523,-37.7876732],[144.9384284,-37.7878401],[144.9383725,-37.7878896],[144.937952,-37.7882622],[144.9373403,-37.788758],[144.936844,-37.7891987],[144.9365827,-37.7896401],[144.9364636,-37.789804],[144.9364218,-37.7898872],[144.9363779,-37.7899473],[144.9363342,-37.789997],[144.9362758,-37.7902525],[144.9362289,-37.7904338],[144.9362016,-37.7905485],[144.9361735,-37.7906877],[144.9361012,-37.7910739],[144.9359757,-37.7917339],[144.9355517,-37.7945729],[144.9353575,-37.7948448],[144.9353251,-37.7950959],[144.9352727,-37.7951333],[144.9352616,-37.7954894],[144.9352623,-37.7958354],[144.9352684,-37.7959535],[144.9352951,-37.7966556],[144.9353146,-37.7967368],[144.9353458,-37.7968667],[144.9354838,-37.7973718],[144.9355446,-37.7975726],[144.9356206,-37.7978239],[144.9358695,-37.7984818],[144.9359,-37.7987409],[144.9358923,-37.7988358],[144.9358396,-37.7988838],[144.9355884,-37.7990471],[144.9355267,-37.7991495],[144.9355922,-37.7993964],[144.9355034,-37.7994318],[144.9354965,-37.7995221],[144.9357183,-37.7995458],[144.9357294,-37.7996774],[144.9357086,-37.7997675],[144.9356727,-37.800007],[144.9356742,-37.8003236],[144.9357624,-37.8006975],[144.9359949,-37.8012307],[144.9361111,-37.8013511],[144.9361469,-37.8011422],[144.9358837,-37.8004856],[144.9358479,-37.8001217],[144.9358555,-37.7999004],[144.935878,-37.7997191],[144.9359457,-37.7994176],[144.9360228,-37.7991785],[144.9360829,-37.7989304],[144.9360848,-37.798764],[144.936004,-37.7984031],[144.9358931,-37.7980436],[144.9357389,-37.7974702],[144.9356054,-37.7968775],[144.9355302,-37.7963442],[144.9355039,-37.7961734],[144.935487,-37.7956772],[144.9355697,-37.7952836],[144.9355735,-37.7951633],[144.935519,-37.7951246],[144.9355265,-37.7949642],[144.9356994,-37.7946225],[144.9357497,-37.7945465]]]}",OpenStreetMap,osm:way/43763065
941,park,Rats of Tobruk Reserve,-37.84315582222222,144.95224443333333,1,724.9,"{""type"":""Polygon"",""coordinates"":[[[144.9524461,-37.8432254],[144.952061,-37.8433368],[144.9520185,-37.843343],[144.9519945,-37.8433291],[144.9522825,-37.8429807],[144.9522993,-37.8429756],[144.9523181,-37.8429847],[144.9523338,-37.8430017],[144.9524461,-37.8432254]]]}",OpenStreetMap,osm:way/43822613
942,park,Bowen Crescent Reserve,-37.83575275,144.973228925,1,2872.9,"{""type"":""Polygon"",""coordinates"":[[[144.9733357,-37.8360752],[144.9725841,-37.8356689],[144.9728542,-37.8356128],[144.973459,-37.8353611],[144.9734912,-37.8354776],[144.9734167,-37.8357544],[144.9733548,-37.8359968],[144.9733357,-37.8360752]]]}",OpenStreetMap,osm:way/43825226
943,park,Peel Street Park,-37.80482089,144.98426997,1,1069.7,"{""type"":""Polygon"",""coordinates"":[[[144.9841871,-37.8049878],[144.9844656,-37.8050173],[144.9845188,-37.8047041],[144.9843108,-37.804682],[144.9843186,-37.804636],[144.9841746,-37.8046207],[144.9841351,-37.8048531],[144.9841933,-37.8048592],[144.9842087,-37.8048609],[144.9841871,-37.8049878]]]}",OpenStreetMap,osm:way/43873751
944,park,Fairbairn Reserve,-37.84541272,145.00845646,1,1929.9,"{""type"":""Polygon"",""coordinates"":[[[145.0086264,-37.8455903],[145.0081286,-37.8455293],[145.0082316,-37.8449532],[145.0086693,-37.8454005],[145.0086264,-37.8455903]]]}",OpenStreetMap,osm:way/43930299
945,park,Docklands Park,-37.82011406666667,144.94659125238095,1,14382.3,"{""type"":""Polygon"",""coordinates"":[[[144.9464778,-37.8191976],[144.9465314,-37.8191963],[144.9465749,-37.8192283],[144.9465979,-37.8192721],[144.9467181,-37.8195501],[144.9467966,-37.8196985],[144.9469241,-37.8199908],[144.9470443,-37.8203027],[144.9472183,-37.8209051],[144.9472158,-37.8209106],[144.9471761,-37.8209273],[144.9467908,-37.8210392],[144.946598,-37.8210944],[144.9464147,-37.8211474],[144.946354,-37.8210105],[144.9463336,-37.8209648],[144.9461915,-37.8204375],[144.9459484,-37.8195099],[144.9459978,-37.8194849],[144.9460344,-37.8193298],[144.9464778,-37.8191976]]]}",OpenStreetMap,osm:way/44158378
946,park,Docklands Park,-37.82199317714286,144.9471108542857,1,8578.8,"{""type"":""Polygon"",""coordinates"":[[[144.9466233,-37.8221366],[144.9464581,-37.8214882],[144.9464605,-37.8214708],[144.9464649,-37.8214549],[144.9464685,-37.8214435],[144.9464757,-37.8214357],[144.9472902,-37.8211911],[144.9473634,-37.821492],[144.9473748,-37.8215236],[144.9473952,-37.8216077],[144.9474209,-37.8216921],[144.9474541,-37.8217391],[144.9474717,-37.8217742],[144.9474955,-37.8218719],[144.9475924,-37.8222698],[144.9475947,-37.8222905],[144.9475947,-37.8222982],[144.9475932,-37.8223035],[144.947581,-37.8223172],[144.9475716,-37.822327],[144.9475656,-37.8223294],[144.9475555,-37.8223302],[144.947532,-37.8223289],[144.9474918,-37.8223281],[144.9474251,-37.8223191],[144.9471062,-37.822268],[144.9469953,-37.8222492],[144.9469497,-37.822241],[144.9466628,-37.8221975],[144.946656,-37.8221953],[144.9466518,-37.8221917],[144.9466484,-37.822186],[144.946641,-37.8221766],[144.946631,-37.822156],[144.9466233,-37.8221366]]]}",OpenStreetMap,osm:way/44158379
947,park,Victoria Green,-37.82042624117647,144.94508537058823,1,3858.9,"{""type"":""Polygon"",""coordinates"":[[[144.9453863,-37.8204389],[144.9454189,-37.8205764],[144.9454623,-37.8207383],[144.9452517,-37.8207715],[144.9452106,-37.8206311],[144.9450266,-37.8206677],[144.9447454,-37.8206842],[144.9446713,-37.820531],[144.9446408,-37.820464],[144.9445418,-37.8202317],[144.9447161,-37.8201851],[144.9450266,-37.8201193],[144.9451205,-37.8201362],[144.9452167,-37.8201665],[144.945291,-37.8202145],[144.9453384,-37.8202508],[144.9453863,-37.8204389]]]}",OpenStreetMap,osm:way/44158773
948,park,Buckingham Reserve,-37.83777571,144.91744793499998,1,15352.6,"{""type"":""Polygon"",""coordinates"":[[[144.9178046,-37.8371288],[144.9166348,-37.8373526],[144.9165829,-37.8373768],[144.916559,-37.8374159],[144.9165613,-37.8374568],[144.9168481,-37.8383949],[144.9168713,-37.8384261],[144.9169012,-37.8384431],[144.9169425,-37.8384526],[144.9169825,-37.8384493],[144.918148,-37.8382184],[144.9181752,-37.838206],[144.9181979,-37.8381815],[144.9182123,-37.8381573],[144.9182127,-37.8381291],[144.9179152,-37.8371768],[144.917898,-37.8371534],[144.9178685,-37.8371373],[144.9178381,-37.8371287],[144.9178046,-37.8371288]]]}",OpenStreetMap,osm:way/444987651
949,park,Gardiner Reserve,-37.798794527272726,144.9441326,1,8454.0,"{""type"":""Polygon"",""coordinates"":[[[144.9442685,-37.7988925],[144.9441279,-37.7996526],[144.9441623,-37.7997088],[144.9441467,-37.7997176],[144.9439621,-37.7997201],[144.9439389,-37.7998359],[144.9431668,-37.7991166],[144.9440895,-37.7984684],[144.9440896,-37.7984631],[144.9440869,-37.7984562],[144.9440832,-37.7984493],[144.944085,-37.7984418],[144.9441785,-37.7983814],[144.9441994,-37.7983687],[144.9442134,-37.798364],[144.9442335,-37.7983628],[144.9443089,-37.7983851],[144.9443205,-37.7983928],[144.9443268,-37.7984039],[144.9443355,-37.7984549],[144.9443248,-37.7985506],[144.9442685,-37.7988925]]]}",OpenStreetMap,osm:way/44705968
950,park,Unnamed park 44707224,-37.79580768,144.93966928,1,2030.5,"{""type"":""Polygon"",""coordinates"":[[[144.9392286,-37.7955629],[144.9400305,-37.7956532],[144.9399447,-37.7961157],[144.939914,-37.7961437],[144.9392286,-37.7955629]]]}",OpenStreetMap,osm:way/44707224
951,covered_walkway,Covered walkway 450530979,-37.8387391,144.99232865,2,,"{""type"":""LineString"",""coordinates"":[[144.9922961,-37.8389007],[144.9923612,-37.8385775]]}",OpenStreetMap,osm:way/450530979
952,covered_walkway,Covered walkway 450530981,-37.83879993333333,144.99245776666666,2,,"{""type"":""LineString"",""coordinates"":[[144.992434,-37.8389188],[144.9924391,-37.8388932],[144.9925002,-37.8385878]]}",OpenStreetMap,osm:way/450530981
953,covered_walkway,Covered walkway 450530985,-37.838743050000005,144.99216005,2,,"{""type"":""LineString"",""coordinates"":[[144.9921183,-37.8389255],[144.9922018,-37.8385606]]}",OpenStreetMap,osm:way/450530985
954,covered_walkway,Covered walkway 450530986,-37.83874446666667,144.99200823333334,2,,"{""type"":""LineString"",""coordinates"":[[144.9919721,-37.8389056],[144.9919983,-37.8387895],[144.9920543,-37.8385383]]}",OpenStreetMap,osm:way/450530986
955,park,Dyeworks Park,-37.84476588,144.99723554,1,4570.6,"{""type"":""Polygon"",""coordinates"":[[[144.9968901,-37.8449675],[144.9969973,-37.844366],[144.9977484,-37.8444592],[144.9976518,-37.8450692],[144.9968901,-37.8449675]]]}",OpenStreetMap,osm:way/45054648
956,park,Unnamed park 45172118,-37.79611176,144.96375538,1,1441.2,"{""type"":""Polygon"",""coordinates"":[[[144.9635537,-37.7959842],[144.9635054,-37.7962427],[144.9640579,-37.7963063],[144.9641062,-37.7960414],[144.9635537,-37.7959842]]]}",OpenStreetMap,osm:way/45172118
957,park,James Street Reserve,-37.8546095,144.9940323,1,1318.7,"{""type"":""Polygon"",""coordinates"":[[[144.9941001,-37.8548829],[144.9938669,-37.8548544],[144.99395,-37.8543598],[144.9939568,-37.8543191],[144.9942199,-37.8543579],[144.9941001,-37.8548829]]]}",OpenStreetMap,osm:way/45366911
958,park,North Melbourne Recreation Reserve,-37.79961568,144.94242468,1,45087.4,"{""type"":""Polygon"",""coordinates"":[[[144.9399674,-37.7997232],[144.9401618,-37.7985601],[144.9406771,-37.7982122],[144.9412886,-37.7977993],[144.9434127,-37.799747],[144.943583,-37.7999106],[144.9436531,-37.8000035],[144.9436701,-37.8000486],[144.9436722,-37.8000806],[144.9436617,-37.8001006],[144.9436422,-37.8001192],[144.9436126,-37.8001332],[144.9435829,-37.8001394],[144.9418174,-37.7999345],[144.9399674,-37.7997232]]]}",OpenStreetMap,osm:way/45515190
959,covered_walkway,Covered walkway 45762308,-37.81917275,144.97806263333334,2,,"{""type"":""LineString"",""coordinates"":[[144.9768346,-37.8184816],[144.9775863,-37.8189298],[144.9782588,-37.8192707],[144.9783174,-37.8193138],[144.9784058,-37.8193797],[144.9789729,-37.8196609]]}",OpenStreetMap,osm:way/45762308
960,park,Unnamed park 45764990,-37.796773925,144.950758725,1,535.3,"{""type"":""Polygon"",""coordinates"":[[[144.9506598,-37.796937],[144.9509701,-37.7967024],[144.9507452,-37.7965193],[144.9506598,-37.796937]]]}",OpenStreetMap,osm:way/45764990
961,park,Crimea Street Reserve,-37.85909314444445,144.9879378888889,1,1595.2,"{""type"":""Polygon"",""coordinates"":[[[144.9880489,-37.8592848],[144.9874685,-37.8592089],[144.9875061,-37.8589336],[144.9880388,-37.8590056],[144.9880635,-37.859008],[144.9880818,-37.8590221],[144.9880922,-37.8590357],[144.9880923,-37.8590548],[144.9880489,-37.8592848]]]}",OpenStreetMap,osm:way/45791911
962,park,Riverside Reserve,-37.79484204166667,144.9156541125,1,30779.0,"{""type"":""Polygon"",""coordinates"":[[[144.9168255,-37.7944888],[144.9167336,-37.7949602],[144.916748,-37.7949692],[144.9167255,-37.7951166],[144.9165941,-37.7952587],[144.9158887,-37.7956359],[144.9157117,-37.7958352],[144.9155186,-37.7959941],[144.915422,-37.7959772],[144.9143209,-37.7952417],[144.9141265,-37.7952014],[144.9138207,-37.7950658],[144.9140138,-37.7948962],[144.9143813,-37.7946991],[144.9151135,-37.794237],[144.9152604,-37.7941297],[144.9153531,-37.7941587],[144.9156258,-37.7941925],[144.9156109,-37.7942669],[144.91601,-37.7943166],[144.9160308,-37.794319],[144.9162749,-37.7943467],[144.9167629,-37.794413],[144.9168255,-37.7944888]]]}",OpenStreetMap,osm:way/45792681
963,park,Newell's Paddocks Wetlands Park,-37.79685608787879,144.9115730757576,1,114903.8,"{""type"":""Polygon"",""coordinates"":[[[144.9097867,-37.7956253],[144.9096861,-37.7959498],[144.9096408,-37.7962493],[144.9095974,-37.7963543],[144.9095928,-37.7963655],[144.9096046,-37.7966454],[144.9095243,-37.7974261],[144.909509,-37.797644],[144.909447,-37.79764],[144.9094216,-37.7979122],[144.9094834,-37.7979971],[144.9094863,-37.7981517],[144.9107216,-37.7979638],[144.911632,-37.7978253],[144.9117522,-37.7978191],[144.9125715,-37.7977767],[144.9131072,-37.797749],[144.9135143,-37.797718],[144.9144148,-37.797748],[144.9152781,-37.7978981],[144.9161656,-37.7980524],[144.9161757,-37.7980542],[144.9149472,-37.796702],[144.9142445,-37.7962103],[144.913236,-37.7956253],[144.9127049,-37.7953752],[144.9124449,-37.7954505],[144.9116213,-37.7956889],[144.9109378,-37.795777],[144.9108021,-37.7957622],[144.9106147,-37.795747],[144.9104584,-37.7957219],[144.9097867,-37.7956253]]]}",OpenStreetMap,osm:way/45792852
964,park,Footscray Park,-37.79434987263158,144.90801045578948,1,195359.3,"{""type"":""Polygon"",""coordinates"":[[[144.9121559,-37.7951285],[144.9120615,-37.7951014],[144.9119235,-37.795046],[144.9117167,-37.794963],[144.9115643,-37.7949013],[144.9114806,-37.7948674],[144.9114375,-37.79485],[144.9113648,-37.7948206],[144.9112307,-37.7947642],[144.9110987,-37.7947324],[144.9109879,-37.7946834],[144.9109477,-37.7946949],[144.9109408,-37.7946689],[144.9107726,-37.7946307],[144.9104979,-37.7945628],[144.9102268,-37.7945056],[144.9099057,-37.7944204],[144.9095624,-37.7943255],[144.9091837,-37.7942289],[144.9090143,-37.7941839],[144.9088969,-37.7941422],[144.9087671,-37.7941061],[144.908554,-37.7940272],[144.9081898,-37.7939026],[144.9078175,-37.7937727],[144.9076212,-37.7936577],[144.9072832,-37.7934792],[144.9066963,-37.793182],[144.9064467,-37.7930639],[144.9059826,-37.792872],[144.9057087,-37.7927591],[144.9054774,-37.7926801],[144.9052708,-37.7926095],[144.9050734,-37.7925484],[144.9048932,-37.7924942],[144.9047158,-37.7924187],[144.9045137,-37.7923327],[144.9033279,-37.7917211],[144.9026873,-37.7911376],[144.9019148,-37.7911108],[144.9017776,-37.7910937],[144.9014557,-37.7912251],[144.9012412,-37.7915812],[144.9008433,-37.7934876],[144.9008227,-37.7935991],[144.9010632,-37.7936185],[144.9012128,-37.7936306],[144.9013689,-37.7936432],[144.9015577,-37.7936584],[144.901444,-37.7943729],[144.9014396,-37.7944003],[144.9029806,-37.7945721],[144.9032606,-37.7946033],[144.9039759,-37.794683],[144.9043402,-37.7947027],[144.9047052,-37.7947455],[144.9053682,-37.7948382],[144.9059268,-37.7949005],[144.9062925,-37.7949413],[144.9066293,-37.7949788],[144.9070294,-37.7950234],[144.9070716,-37.7950282],[144.9081976,-37.7951562],[144.908252,-37.7951624],[144.908633,-37.7952115],[144.9087782,-37.7947224],[144.908868,-37.7947358],[144.9094326,-37.7948199],[144.9094308,-37.7948383],[144.9094194,-37.7949516],[144.9093843,-37.7953032],[144.9099594,-37.7953741],[144.9102099,-37.7954014],[144.910406,-37.7954237],[144.9106689,-37.7954515],[144.9107551,-37.7954558],[144.9108661,-37.7954587],[144.910987,-37.7954561],[144.911077,-37.7954509],[144.911156,-37.7954448],[144.9112677,-37.7954301],[144.9113038,-37.7954247],[144.9113355,-37.7954219],[144.9113697,-37.7954168],[144.9114186,-37.7954087],[144.9114872,-37.7953967],[144.9115532,-37.7953838],[144.9115654,-37.795359],[144.9116636,-37.7953417],[144.911737,-37.7953209],[144.9118079,-37.7953031],[144.9118539,-37.7952879],[144.9120579,-37.7952139],[144.9122154,-37.7951567],[144.9121559,-37.7951285]]]}",OpenStreetMap,osm:way/45792871
965,park,Maribyrnong Park,-37.76898383076923,144.90284608076922,1,28312.5,"{""type"":""Polygon"",""coordinates"":[[[144.9039402,-37.7683276],[144.9036688,-37.7699532],[144.9036237,-37.7702231],[144.9022773,-37.7700704],[144.9017837,-37.7700026],[144.9018562,-37.769922],[144.9019715,-37.7698202],[144.9020623,-37.7697529],[144.9021405,-37.769657],[144.9022397,-37.7695276],[144.9023202,-37.7694428],[144.9024006,-37.7693262],[144.9024597,-37.7691969],[144.902483,-37.7690426],[144.9025087,-37.768839],[144.9025259,-37.7686016],[144.9025026,-37.7683785],[144.9026447,-37.7682534],[144.9030149,-37.7681071],[144.9032482,-37.7680774],[144.9035342,-37.7679898],[144.9035881,-37.7680358],[144.9035375,-37.7680724],[144.9038336,-37.7683335],[144.9038921,-37.7682984],[144.9039402,-37.7683276]]]}",OpenStreetMap,osm:way/45842874
966,park,Town Hall Reserve,-37.834564873913045,144.95986736086957,1,1086.2,"{""type"":""Polygon"",""coordinates"":[[[144.9594177,-37.8345731],[144.9595362,-37.8345508],[144.9595951,-37.8345373],[144.9601392,-37.8343851],[144.960231,-37.8343395],[144.9602773,-37.8343757],[144.9602318,-37.8344338],[144.9601565,-37.8344932],[144.960088,-37.8345355],[144.960032,-37.8345797],[144.960024,-37.8345976],[144.9600101,-37.8346106],[144.9599864,-37.8346269],[144.9599616,-37.8346393],[144.9599189,-37.8346511],[144.9598883,-37.8346534],[144.9598465,-37.8346522],[144.9598147,-37.8346488],[144.9597234,-37.8346419],[144.9596507,-37.8346423],[144.9595629,-37.8346366],[144.9594393,-37.8346146],[144.9594177,-37.8345731]]]}",OpenStreetMap,osm:way/45845574
967,park,Gordon Reserve,-37.812466658620686,144.97395401034484,1,3801.9,"{""type"":""Polygon"",""coordinates"":[[[144.9743502,-37.8121966],[144.9740923,-37.8126247],[144.9740845,-37.8126372],[144.9740779,-37.8126465],[144.9740162,-37.8127435],[144.9739984,-37.8127614],[144.9739763,-37.8127727],[144.9739508,-37.812778],[144.9739245,-37.8127767],[144.9739,-37.812769],[144.9738798,-37.8127556],[144.9738659,-37.8127379],[144.9738597,-37.8127177],[144.9738153,-37.8126357],[144.9738085,-37.8126261],[144.9738014,-37.812609],[144.9737993,-37.812604],[144.9736977,-37.8123914],[144.9736881,-37.8123714],[144.9736823,-37.8123569],[144.9736599,-37.8123011],[144.9736486,-37.812274],[144.9736344,-37.8122401],[144.9735968,-37.8121522],[144.974178,-37.8119797],[144.9743877,-37.8119175],[144.9745289,-37.8118756],[144.9744127,-37.8120843],[144.9743502,-37.8121966]]]}",OpenStreetMap,osm:way/46142201
968,covered_walkway,Covered walkway 46307567,-37.8195345,144.961309,2,,"{""type"":""LineString"",""coordinates"":[[144.9613549,-37.8196145],[144.9612631,-37.8194545]]}",OpenStreetMap,osm:way/46307567
969,park,Birrarung Marr,-37.81849915588235,144.97344657941176,1,76825.1,"{""type"":""Polygon"",""coordinates"":[[[144.9722579,-37.8177605],[144.9727423,-37.81764],[144.9727731,-37.8176718],[144.9732175,-37.817531],[144.9732988,-37.8175044],[144.9734099,-37.8173273],[144.9734957,-37.8173773],[144.9735891,-37.8174291],[144.9738113,-37.8175426],[144.97413,-37.8177067],[144.9745421,-37.8179235],[144.9746365,-37.8179747],[144.9747326,-37.8180274],[144.9749202,-37.818139],[144.9750597,-37.8182396],[144.9757036,-37.8188947],[144.9759751,-37.8196182],[144.9760215,-37.820021],[144.975949,-37.8207319],[144.9755422,-37.8208376],[144.9753299,-37.8206517],[144.9749778,-37.8203234],[144.9743772,-37.8197635],[144.9733815,-37.8192211],[144.9721113,-37.8188007],[144.970932,-37.8187388],[144.970932,-37.8186498],[144.9709395,-37.8185618],[144.9709334,-37.8184629],[144.9709278,-37.8183826],[144.9709039,-37.8180404],[144.9711229,-37.8179759],[144.9722485,-37.8177399],[144.9722579,-37.8177605]]]}",OpenStreetMap,osm:way/46330961
970,park,Railway Place and Miller Street Reserve,-37.805530044,144.941904548,1,5758.8,"{""type"":""Polygon"",""coordinates"":[[[144.9417519,-37.8060383],[144.9417712,-37.805999],[144.9418029,-37.8058305],[144.9418386,-37.805666],[144.9418544,-37.8055935],[144.9418578,-37.805588],[144.9418689,-37.8055821],[144.9420364,-37.8056002],[144.9420522,-37.8055476],[144.9423399,-37.8055769],[144.9423649,-37.8055822],[144.9423842,-37.8055753],[144.9425218,-37.8055931],[144.9425295,-37.8055514],[144.942545,-37.8055529],[144.9425645,-37.8055521],[144.9427898,-37.8055267],[144.942858,-37.805513],[144.9424764,-37.8054663],[144.9423501,-37.805459],[144.9422049,-37.8054558],[144.9420702,-37.8054607],[144.9419976,-37.8054724],[144.9419074,-37.8054842],[144.9416296,-37.8055443],[144.9415849,-37.8055582],[144.9415588,-37.8055594],[144.9414215,-37.8054118],[144.9415048,-37.8053751],[144.9415038,-37.8053591],[144.9416153,-37.8053279],[144.9416694,-37.8053126],[144.9418147,-37.8053238],[144.9419081,-37.8053154],[144.9420038,-37.8053055],[144.9420816,-37.8053006],[144.942216,-37.805288],[144.9422217,-37.8052653],[144.9421062,-37.8052652],[144.9419855,-37.8052609],[144.9416931,-37.8052503],[144.941452,-37.8052235],[144.9409727,-37.8051654],[144.9409368,-37.8053847],[144.9410793,-37.8055527],[144.9412156,-37.8057104],[144.9412972,-37.805802],[144.9416264,-37.8061595],[144.9416382,-37.8061751],[144.9417519,-37.8060383]]]}",OpenStreetMap,osm:way/468919256
971,park,Broomfield Reserve,-37.78257582857143,145.0205388857143,1,1382.8,"{""type"":""Polygon"",""coordinates"":[[[145.0202911,-37.7827305],[145.0203585,-37.7823726],[145.0208024,-37.78242],[145.0208392,-37.7824248],[145.0208061,-37.7826372],[145.0203838,-37.7827152],[145.0202911,-37.7827305]]]}",OpenStreetMap,osm:way/46978008
972,park,Derby Reserve,-37.77231388,145.00508026,1,772.1,"{""type"":""Polygon"",""coordinates"":[[[145.0051736,-37.7724381],[145.0048893,-37.7724021],[145.0049429,-37.7721307],[145.0052219,-37.7721604],[145.0051736,-37.7724381]]]}",OpenStreetMap,osm:way/46978401
973,covered_walkway,Covered walkway 473260678,-37.7894665,145.0277534,2,,"{""type"":""LineString"",""coordinates"":[[145.0277299,-37.7893352],[145.0277544,-37.7894719],[145.0277759,-37.7895924]]}",OpenStreetMap,osm:way/473260678
974,covered_walkway,Covered walkway 473260680,-37.78947025,145.02776684999998,2,,"{""type"":""LineString"",""coordinates"":[[145.0277544,-37.7894719],[145.0277793,-37.7894686]]}",OpenStreetMap,osm:way/473260680
975,park,Barbara Beyer Reserve,-37.812714372222224,144.90010663333334,1,8243.4,"{""type"":""Polygon"",""coordinates"":[[[144.9002891,-37.8118854],[144.9003345,-37.811899],[144.9003164,-37.8119387],[144.9003011,-37.8119724],[144.9008293,-37.812131],[144.900263,-37.8133574],[144.9001622,-37.8133295],[144.9001768,-37.8132967],[144.900068,-37.8132665],[144.8999573,-37.8135154],[144.8997963,-37.8133815],[144.8996651,-37.8132954],[144.8995663,-37.8132735],[144.8997404,-37.8131056],[144.8998287,-37.8129737],[144.9000634,-37.8124261],[144.9002724,-37.8119255],[144.9002891,-37.8118854]]]}",OpenStreetMap,osm:way/474357818
976,park,Unnamed park 479194939,-37.82284025789474,144.9034935263158,1,1057.5,"{""type"":""Polygon"",""coordinates"":[[[144.9032279,-37.8229231],[144.9033011,-37.8226919],[144.903373,-37.8227017],[144.9034414,-37.8227111],[144.9035532,-37.8227175],[144.9036934,-37.8227079],[144.9037371,-37.8226873],[144.9038246,-37.8227448],[144.9037811,-37.8227696],[144.9036979,-37.8228213],[144.9036351,-37.8228577],[144.9035661,-37.8229101],[144.9035245,-37.822966],[144.9034918,-37.8229975],[144.9033918,-37.8229583],[144.9033608,-37.8229849],[144.9032875,-37.8229516],[144.9032608,-37.8229395],[144.9032279,-37.8229231]]]}",OpenStreetMap,osm:way/479194939
977,park,Park Street Reserve,-37.7756828,144.94012414,1,1542.1,"{""type"":""Polygon"",""coordinates"":[[[144.9398516,-37.7757269],[144.9405705,-37.7758202],[144.940608,-37.7756251],[144.939739,-37.7755149],[144.9398516,-37.7757269]]]}",OpenStreetMap,osm:way/479208353
978,park,Boyd Community Park,-37.82579172,144.96114783000002,1,5106.9,"{""type"":""Polygon"",""coordinates"":[[[144.9611058,-37.8253272],[144.9606636,-37.825686],[144.9605847,-37.8257494],[144.9607915,-37.8259576],[144.9610128,-37.825826],[144.9611744,-37.8258152],[144.9613912,-37.8259931],[144.9616602,-37.8262706],[144.9619883,-37.8259649],[144.9611058,-37.8253272]]]}",OpenStreetMap,osm:way/479420782
979,park,Albert Wallis Reserve,-37.77710995454545,144.92399025454546,1,1097.5,"{""type"":""Polygon"",""coordinates"":[[[144.9242357,-37.77695],[144.9240238,-37.7769264],[144.9239781,-37.7769529],[144.9239507,-37.777112],[144.9238887,-37.7771152],[144.9238114,-37.7770903],[144.923783,-37.7772662],[144.9238755,-37.7772558],[144.9239429,-37.777285],[144.9241673,-37.7773057],[144.9242357,-37.77695]]]}",OpenStreetMap,osm:way/479728164
980,park,Central Park Reserve,-37.79440498214286,144.919333025,1,5728.4,"{""type"":""Polygon"",""coordinates"":[[[144.9188089,-37.7944774],[144.9190014,-37.7943729],[144.9189928,-37.7943306],[144.9189705,-37.794281],[144.9189677,-37.79423],[144.9189803,-37.794183],[144.9190032,-37.7941411],[144.9190513,-37.7940925],[144.919105,-37.7940757],[144.9191687,-37.7940674],[144.9192327,-37.7940656],[144.9192894,-37.7940786],[144.9193277,-37.7940983],[144.919373,-37.7941251],[144.9194038,-37.7941422],[144.9195108,-37.7940832],[144.9198886,-37.7944965],[144.9197741,-37.7945625],[144.9198067,-37.7945976],[144.9198288,-37.794652],[144.9198278,-37.7946909],[144.9198035,-37.794768],[144.9197431,-37.794845],[144.9196045,-37.794876],[144.9194718,-37.7948592],[144.9193788,-37.7947872],[144.9192009,-37.7948826],[144.9188089,-37.7944774]]]}",OpenStreetMap,osm:way/479838474
981,park,Lascelles Square Reserve,-37.794158620000005,144.91721296,1,731.9,"{""type"":""Polygon"",""coordinates"":[[[144.9171134,-37.7940455],[144.9170682,-37.7942951],[144.9173623,-37.7943283],[144.9174075,-37.7940787],[144.9171134,-37.7940455]]]}",OpenStreetMap,osm:way/479838480
982,park,Williams Reserve,-37.81166996,145.00885412,1,2944.4,"{""type"":""Polygon"",""coordinates"":[[[145.0084892,-37.8117739],[145.0085452,-37.8114275],[145.0094015,-37.8115141],[145.0093455,-37.8118604],[145.0084892,-37.8117739]]]}",OpenStreetMap,osm:way/48029046
983,park,Fitzroy Gardens,-37.814003345833335,144.98105500416668,1,262181.1,"{""type"":""Polygon"",""coordinates"":[[[144.9784711,-37.8099951],[144.983364,-37.8105185],[144.9832156,-37.8114479],[144.983239,-37.8114717],[144.9832053,-37.8116726],[144.9831778,-37.811683],[144.9827733,-37.8138086],[144.9827685,-37.8138393],[144.9826012,-37.8149051],[144.9825943,-37.814949],[144.982455,-37.8158367],[144.9823994,-37.8158837],[144.982372,-37.8159003],[144.9823168,-37.8159191],[144.9813922,-37.815819],[144.9800592,-37.8156747],[144.9800309,-37.8156716],[144.9799151,-37.8156587],[144.979794,-37.8156453],[144.9776482,-37.8153913],[144.9776318,-37.8153795],[144.9775675,-37.8153295],[144.9778568,-37.813685],[144.9784711,-37.8099951]]]}",OpenStreetMap,osm:way/4817020
984,park,Murchison Square,-37.80014822,144.97301327999998,1,4141.6,"{""type"":""Polygon"",""coordinates"":[[[144.972697,-37.7999202],[144.9735687,-37.8000125],[144.9734877,-37.8004902],[144.972616,-37.800398],[144.972697,-37.7999202]]]}",OpenStreetMap,osm:way/4817056
985,park,Argyle Square,-37.80256234545455,144.96582152727274,1,14150.9,"{""type"":""Polygon"",""coordinates"":[[[144.9653643,-37.8020641],[144.9657002,-37.8021024],[144.9659479,-37.8021307],[144.9661985,-37.8021523],[144.966532,-37.8021833],[144.9664381,-37.8028104],[144.9663351,-37.8034088],[144.9657419,-37.8033302],[144.965155,-37.8032705],[144.9652595,-37.802669],[144.9653643,-37.8020641]]]}",OpenStreetMap,osm:way/4817077
986,park,Flagstaff Gardens,-37.81030693333333,144.95444953333333,1,72273.9,"{""type"":""Polygon"",""coordinates"":[[[144.9526499,-37.8093022],[144.9541855,-37.8088656],[144.9548234,-37.8086821],[144.9552671,-37.8096135],[144.9555114,-37.8101264],[144.9556369,-37.8103955],[144.9561983,-37.8116731],[144.9557621,-37.811801],[144.9540216,-37.8122934],[144.9535949,-37.8113542],[144.9530934,-37.810274],[144.9526499,-37.8093022]]]}",OpenStreetMap,osm:way/4817082
987,park,Treasury Gardens,-37.81442605,144.97572439,1,59041.1,"{""type"":""Polygon"",""coordinates"":[[[144.9742461,-37.8136104],[144.9753541,-37.8133006],[144.9777137,-37.8126408],[144.9772372,-37.8152861],[144.9771408,-37.8153357],[144.9760117,-37.8152117],[144.9753395,-37.8151384],[144.9750329,-37.8151052],[144.9749218,-37.8150212],[144.9742461,-37.8136104]]]}",OpenStreetMap,osm:way/4817097
988,library,Bargoonga Nganjin North Fitzroy Library,-37.784794233333336,144.98281906666668,1,,"{""type"":""Polygon"",""coordinates"":[[[144.9827213,-37.7849701],[144.9825992,-37.7849028],[144.9829782,-37.7844658],[144.9829915,-37.7844672],[144.9829029,-37.7849894],[144.9827213,-37.7849701]]]}",OpenStreetMap,osm:way/484321207
989,park,Charles Evans Reserve,-37.832119508333335,144.99151006666668,1,1012.3,"{""type"":""Polygon"",""coordinates"":[[[144.991761,-37.8320077],[144.9911344,-37.8319312],[144.991191,-37.8319865],[144.9912487,-37.8320029],[144.991244,-37.8320124],[144.9914264,-37.8321448],[144.9916168,-37.8322634],[144.9916262,-37.8322544],[144.9916832,-37.8322904],[144.9917047,-37.8322777],[144.9917234,-37.832255],[144.991761,-37.8320077]]]}",OpenStreetMap,osm:way/48531586
990,park,McConchie Reserve,-37.83255976666667,145.00050359999997,1,7578.9,"{""type"":""Polygon"",""coordinates"":[[[144.9999798,-37.8330471],[145.0000168,-37.8330324],[145.0000101,-37.8330669],[145.0005054,-37.8328491],[145.0009037,-37.8326796],[145.0009158,-37.8325557],[145.001007,-37.8325355],[145.0011478,-37.8324762],[145.0011071,-37.8322465],[145.0010548,-37.8321236],[145.0004889,-37.8320484],[145.0002475,-37.8319679],[145.0001682,-37.8319678],[145.0000213,-37.8327527],[144.9999798,-37.8330471]]]}",OpenStreetMap,osm:way/48566677
991,park,Unnamed park 486482319,-37.82491208,145.02012792,1,1348.2,"{""type"":""Polygon"",""coordinates"":[[[145.0201859,-37.825233],[145.0200255,-37.8253095],[145.0200436,-37.8243924],[145.0201987,-37.8243925],[145.0201859,-37.825233]]]}",OpenStreetMap,osm:way/486482319
992,park,Lemnos Square,-37.84410661666666,144.94682781666666,1,2680.7,"{""type"":""Polygon"",""coordinates"":[[[144.9464593,-37.844366],[144.9468405,-37.8439421],[144.9471221,-37.8436589],[144.9473636,-37.8438051],[144.9467221,-37.8445016],[144.9464593,-37.844366]]]}",OpenStreetMap,osm:way/494391527
993,park,Princes Park,-37.78500481447369,144.96188413289474,1,393094.0,"{""type"":""Polygon"",""coordinates"":[[[144.9604153,-37.7782762],[144.9605341,-37.7782885],[144.9605433,-37.7782251],[144.9616518,-37.7783551],[144.9617255,-37.7783995],[144.9617644,-37.7784777],[144.9618252,-37.7785342],[144.9619155,-37.7785907],[144.9620084,-37.778658],[144.9620799,-37.7787232],[144.9622063,-37.7788467],[144.9623475,-37.7790051],[144.962452,-37.7791314],[144.962517,-37.7792353],[144.9625766,-37.7793477],[144.9626435,-37.7795272],[144.9627018,-37.7797499],[144.9627251,-37.7799133],[144.962729,-37.7800283],[144.9627121,-37.7801709],[144.962681,-37.7803935],[144.9626657,-37.780569],[144.9626497,-37.7808122],[144.9626594,-37.7810042],[144.9626785,-37.7811081],[144.9627192,-37.7812528],[144.9627728,-37.7813989],[144.9628608,-37.7815767],[144.9630181,-37.7818057],[144.9631591,-37.7819614],[144.9633508,-37.7821278],[144.9636176,-37.7822961],[144.9638781,-37.7824282],[144.9635167,-37.7847386],[144.9634874,-37.7847968],[144.9634231,-37.7848259],[144.9633508,-37.7848399],[144.9633094,-37.7848825],[144.9632882,-37.7849501],[144.9629013,-37.7872615],[144.9627741,-37.7880071],[144.9627353,-37.7881599],[144.9626742,-37.7883343],[144.9625992,-37.7884908],[144.9625192,-37.7886319],[144.9624238,-37.7887403],[144.9623266,-37.788846],[144.9622199,-37.7889575],[144.9621188,-37.7890947],[144.9620253,-37.7892585],[144.961965,-37.7894303],[144.9619199,-37.7896288],[144.9618945,-37.7897985],[144.9618952,-37.7899174],[144.9619239,-37.7906309],[144.9619237,-37.7907952],[144.9618999,-37.7909616],[144.9618024,-37.7911226],[144.9616796,-37.7912402],[144.9615306,-37.7913315],[144.9613833,-37.791431],[144.9612021,-37.7915762],[144.9610542,-37.7916007],[144.9604783,-37.7912675],[144.9598618,-37.7907388],[144.9597328,-37.7905764],[144.9596277,-37.7904212],[144.9594561,-37.7901438],[144.9594123,-37.7900892],[144.9593623,-37.7900345],[144.9593653,-37.7900072],[144.959361,-37.7899627],[144.9593467,-37.7899212],[144.959119,-37.7893548],[144.9591028,-37.7890726],[144.9604153,-37.7782762]]]}",OpenStreetMap,osm:way/4965315
994,park,Wylie Reserve,-37.77173212727273,144.94391872727272,1,7857.1,"{""type"":""Polygon"",""coordinates"":[[[144.943707,-37.7708834],[144.9435184,-37.7719248],[144.9435019,-37.7720157],[144.9434984,-37.7720349],[144.9440258,-37.7720977],[144.9441694,-37.7721148],[144.944186,-37.7720937],[144.9441973,-37.7720317],[144.9442024,-37.7720041],[144.9443924,-37.7709692],[144.943707,-37.7708834]]]}",OpenStreetMap,osm:way/4965816
995,park,Nicholson Street Reserve,-37.79274594,144.97538286,1,790.8,"{""type"":""Polygon"",""coordinates"":[[[144.975074,-37.792813],[144.9756481,-37.7924995],[144.9755834,-37.7927795],[144.9755348,-37.7928247],[144.975074,-37.792813]]]}",OpenStreetMap,osm:way/49763882
996,park,Holbrook Reserve,-37.77025787272727,144.93607325454548,1,19250.2,"{""type"":""Polygon"",""coordinates"":[[[144.9369807,-37.7692056],[144.9358795,-37.7696645],[144.9356358,-37.7698351],[144.9354934,-37.7700133],[144.9354104,-37.7705255],[144.9354398,-37.770793],[144.9356473,-37.7709565],[144.935982,-37.7709861],[144.9364917,-37.7708293],[144.9368645,-37.7708221],[144.9369807,-37.7692056]]]}",OpenStreetMap,osm:way/4978081
997,park,Methven Park,-37.771308770000005,144.97337113,1,8175.9,"{""type"":""Polygon"",""coordinates"":[[[144.9727805,-37.7709389],[144.9730507,-37.7709659],[144.973363,-37.7709994],[144.9739152,-37.7710677],[144.9738692,-37.7713457],[144.9738091,-37.7716944],[144.9737517,-37.7716884],[144.9737359,-37.7717838],[144.9726555,-37.7716646],[144.9727805,-37.7709389]]]}",OpenStreetMap,osm:way/5067096
998,park,Cornwell Reserve,-37.79478844444444,144.90085541111114,1,650.3,"{""type"":""Polygon"",""coordinates"":[[[144.9010777,-37.794894],[144.9010939,-37.7947177],[144.9009898,-37.7947119],[144.9008524,-37.7947188],[144.9007515,-37.794728],[144.9006489,-37.7947736],[144.9006079,-37.7948134],[144.9005989,-37.7948446],[144.9010777,-37.794894]]]}",OpenStreetMap,osm:way/507720678
999,park,Royal Park,-37.794729700000005,144.9506685548387,1,28823.0,"{""type"":""Polygon"",""coordinates"":[[[144.9513457,-37.7963124],[144.9501355,-37.7953482],[144.9501846,-37.7953096],[144.9503442,-37.7951841],[144.9504212,-37.7952448],[144.9506316,-37.7950793],[144.9505837,-37.7950405],[144.9506062,-37.7950225],[144.9504232,-37.794876],[144.950742,-37.794624],[144.9502464,-37.7942284],[144.9502077,-37.7942595],[144.9501315,-37.7941989],[144.9501556,-37.7941801],[144.9501153,-37.794148],[144.9500912,-37.7941667],[144.9500445,-37.7941293],[144.9500328,-37.7941383],[144.94993,-37.7940561],[144.9500943,-37.7939263],[144.9501018,-37.7939322],[144.9501116,-37.7939246],[144.950112,-37.7938034],[144.9502703,-37.7938038],[144.9506668,-37.7938245],[144.9524957,-37.7953974],[144.952474,-37.7953825],[144.952433,-37.795412],[144.9521134,-37.7956629],[144.9521337,-37.795692],[144.9513457,-37.7963124]]]}",OpenStreetMap,osm:way/5103445
1000,park,Tianjin Gardens,-37.81007855,144.9726229,1,895.1,"{""type"":""Polygon"",""coordinates"":[[[144.9726914,-37.8103051],[144.9726504,-37.8103188],[144.9724011,-37.809775],[144.9725789,-37.8097241],[144.9727242,-37.8100432],[144.9726914,-37.8103051]]]}",OpenStreetMap,osm:way/510918356
1001,park,Eades Park,-37.80703577,144.95149080000002,1,7315.9,"{""type"":""Polygon"",""coordinates"":[[[144.9518919,-37.8066592],[144.9519453,-37.80669],[144.9517375,-37.8079608],[144.9516464,-37.8079488],[144.9507956,-37.8070225],[144.9511359,-37.8068181],[144.9511575,-37.806857],[144.9512592,-37.806816],[144.9514468,-37.8069261],[144.9518919,-37.8066592]]]}",OpenStreetMap,osm:way/5123815
1002,park,Unnamed park 51253576,-37.83565998,144.95823284,1,7971.1,"{""type"":""Polygon"",""coordinates"":[[[144.9580415,-37.8360974],[144.9589079,-37.835856],[144.9585027,-37.8350066],[144.9576706,-37.8352425],[144.9580415,-37.8360974]]]}",OpenStreetMap,osm:way/51253576
1003,park,Unnamed park 51253599,-37.82844089,144.96229704,1,989.1,"{""type"":""Polygon"",""coordinates"":[[[144.9620641,-37.8282274],[144.9622304,-37.8283142],[144.9625026,-37.8284922],[144.9626221,-37.8285724],[144.9625465,-37.8285831],[144.9625,-37.8285896],[144.9622465,-37.8286649],[144.9621602,-37.8284982],[144.9620339,-37.8282395],[144.9620641,-37.8282274]]]}",OpenStreetMap,osm:way/51253599
1004,park,Inverness Avenue Park,-37.8598537,145.022259175,1,1692.8,"{""type"":""Polygon"",""coordinates"":[[[145.0220848,-37.8601143],[145.0223697,-37.8601432],[145.0224052,-37.8601468],[145.0224743,-37.860108],[145.0225266,-37.860158],[145.022546,-37.8601466],[145.0226528,-37.8600836],[145.0222346,-37.8596172],[145.0222175,-37.8595994],[145.0221712,-37.859592],[145.0221773,-37.8596051],[145.0221809,-37.8596183],[145.0221809,-37.8596405],[145.0221752,-37.8596561],[145.0221618,-37.8596751],[145.0221488,-37.8596828],[145.0221343,-37.8596876],[145.0221471,-37.859726],[145.0221097,-37.8599591],[145.0220848,-37.8601143]]]}",OpenStreetMap,osm:way/51631693
1005,park,Union Street Gardens,-37.857754750000005,145.0233262,1,9120.8,"{""type"":""Polygon"",""coordinates"":[[[145.0232243,-37.8574162],[145.0241159,-37.8575196],[145.0239534,-37.8584961],[145.0239289,-37.8584936],[145.0230713,-37.8583793],[145.0230209,-37.8583733],[145.0231335,-37.8575934],[145.0231387,-37.8575448],[145.0231296,-37.8575212],[145.0231292,-37.8574921],[145.0231424,-37.8574606],[145.0231641,-37.8574393],[145.0231903,-37.8574208],[145.0232243,-37.8574162]]]}",OpenStreetMap,osm:way/51632393
1006,library,NGV Library,-37.82332998333333,144.9683543125,1,,"{""type"":""Polygon"",""coordinates"":[[[144.9679778,-37.8232324],[144.9679642,-37.8232926],[144.9679514,-37.8233404],[144.9684602,-37.8234208],[144.968471,-37.8233796],[144.9680507,-37.8233198],[144.9680634,-37.8233078],[144.9684605,-37.8229353],[144.9684796,-37.8229174],[144.9685608,-37.8230947],[144.9686261,-37.823237],[144.9687067,-37.8234131],[144.968556,-37.8233917],[144.9685477,-37.8234325],[144.9687039,-37.8234571],[144.9687021,-37.8234695],[144.968768,-37.8234774],[144.9687596,-37.8235273],[144.9686932,-37.8235153],[144.9686886,-37.8235336],[144.9680793,-37.8234415],[144.9675995,-37.8233689],[144.9676554,-37.8231815],[144.9679778,-37.8232324]]]}",OpenStreetMap,osm:way/518551116
1007,park,Newquay Central Park,-37.81487436557377,144.93887647540984,1,3232.0,"{""type"":""Polygon"",""coordinates"":[[[144.9388941,-37.8145761],[144.9384934,-37.8147291],[144.9385155,-37.8147687],[144.9385253,-37.8147769],[144.9385365,-37.8147816],[144.9385535,-37.8147835],[144.9385729,-37.8147829],[144.9385871,-37.8147839],[144.9385982,-37.8147881],[144.9386091,-37.8147946],[144.9386188,-37.814802],[144.9386251,-37.8148132],[144.9386273,-37.8148242],[144.9386245,-37.8148387],[144.9386206,-37.8148504],[144.9386057,-37.8148642],[144.9385963,-37.8148766],[144.9385924,-37.8148886],[144.9385942,-37.8149028],[144.9386319,-37.8149648],[144.9386401,-37.8149721],[144.9386508,-37.8149794],[144.9386656,-37.8149867],[144.9386891,-37.8150086],[144.9387081,-37.8150284],[144.9387176,-37.8150412],[144.9387496,-37.8150888],[144.9387816,-37.8151408],[144.9388253,-37.8151719],[144.9388652,-37.8151981],[144.9388812,-37.815217],[144.9388782,-37.8152689],[144.9388749,-37.8152857],[144.9388828,-37.8153098],[144.9393119,-37.815141],[144.9393411,-37.815129],[144.9392946,-37.8150946],[144.9392728,-37.8150702],[144.9392642,-37.8150547],[144.9392593,-37.8150123],[144.939253,-37.8149826],[144.9392182,-37.8149165],[144.9392014,-37.8149046],[144.9391871,-37.8149062],[144.939118,-37.8147731],[144.9391174,-37.8147547],[144.9391178,-37.814731],[144.9391169,-37.8147152],[144.9391143,-37.814701],[144.9391079,-37.8146876],[144.9390955,-37.8146766],[144.9390785,-37.8146712],[144.9390786,-37.8146465],[144.9390456,-37.8146463],[144.9390447,-37.8146334],[144.9390472,-37.8146218],[144.9390471,-37.8146145],[144.9390409,-37.81461],[144.9390022,-37.8145915],[144.9389622,-37.8145858],[144.9388941,-37.8145761]]]}",OpenStreetMap,osm:way/518765640
1008,park,Cowper Street Park,-37.80548653333333,144.90250160833332,1,878.3,"{""type"":""Polygon"",""coordinates"":[[[144.9027305,-37.8049828],[144.9027432,-37.8049931],[144.9027419,-37.8050075],[144.9022381,-37.8061815],[144.902219,-37.8061984],[144.9021891,-37.8061969],[144.9021693,-37.8061816],[144.9021624,-37.8061613],[144.9026839,-37.8049921],[144.9026973,-37.8049823],[144.9027141,-37.8049781],[144.9027305,-37.8049828]]]}",OpenStreetMap,osm:way/532511558
1009,park,Unnamed park 543439235,-37.78484088333334,144.99452483333334,1,1625.0,"{""type"":""Polygon"",""coordinates"":[[[144.9948735,-37.7850515],[144.9947824,-37.7851186],[144.9938195,-37.7844557],[144.9939209,-37.7843514],[144.9948792,-37.7850166],[144.9948735,-37.7850515]]]}",OpenStreetMap,osm:way/543439235
1010,park,Heidelberg Road Ramp Reserve,-37.7867615,144.9949077,1,2184.0,"{""type"":""Polygon"",""coordinates"":[[[144.9947141,-37.7865942],[144.9946798,-37.7866219],[144.9946448,-37.7866634],[144.9946193,-37.7867239],[144.994614,-37.7867794],[144.9946223,-37.7868293],[144.9946524,-37.7868772],[144.9946952,-37.7869138],[144.9947419,-37.7869541],[144.9948137,-37.7869847],[144.9949165,-37.7870005],[144.9949943,-37.7870119],[144.9950696,-37.7870104],[144.9951742,-37.7869886],[144.9951734,-37.7869752],[144.9952129,-37.7868119],[144.9952082,-37.786769],[144.9952011,-37.7867372],[144.9951837,-37.7866949],[144.9951534,-37.7866529],[144.995106,-37.7865998],[144.9950576,-37.7865701],[144.9949981,-37.7865504],[144.9949201,-37.7865409],[144.9948527,-37.7865454],[144.9947745,-37.7865653],[144.9947141,-37.7865942]]]}",OpenStreetMap,osm:way/543502404
1011,park,Chapman Street Reserve,-37.79812522307692,144.9505214923077,1,1710.0,"{""type"":""Polygon"",""coordinates"":[[[144.9504874,-37.7979389],[144.9504941,-37.7979281],[144.9505033,-37.79792],[144.9505161,-37.7979144],[144.9505297,-37.7979115],[144.950543,-37.7979123],[144.950557,-37.7979167],[144.95057,-37.7979255],[144.9508746,-37.7981745],[144.9504727,-37.7984921],[144.9504155,-37.7988342],[144.9503286,-37.7988208],[144.9504874,-37.7979389]]]}",OpenStreetMap,osm:way/5455440
1012,park,Harbour Park,-37.78563471428571,144.89903854285714,1,8707.5,"{""type"":""Polygon"",""coordinates"":[[[144.8981908,-37.7857921],[144.8982606,-37.7855547],[144.8982606,-37.7855229],[144.8982364,-37.7854444],[144.8982391,-37.7854105],[144.8993941,-37.7855032],[144.8994293,-37.7853298],[144.8996887,-37.7853622],[144.8995565,-37.7855164],[144.9000335,-37.7855547],[144.9000593,-37.7860664],[144.8998648,-37.7860787],[144.8991351,-37.7859579],[144.8981908,-37.7857921]]]}",OpenStreetMap,osm:way/54912912
1013,park,Walter Reserve,-37.77655303076923,144.9058068153846,1,75533.3,"{""type"":""Polygon"",""coordinates"":[[[144.9092563,-37.7764344],[144.9087129,-37.7767561],[144.9086239,-37.7767261],[144.9076178,-37.7773073],[144.9075736,-37.7773143],[144.906359,-37.7773054],[144.9061726,-37.7772738],[144.903595,-37.777257],[144.9035422,-37.7772783],[144.9035207,-37.7773112],[144.9030332,-37.7773181],[144.9028358,-37.7770745],[144.9039436,-37.7763949],[144.9039337,-37.7763763],[144.9037685,-37.7762171],[144.9043958,-37.7758111],[144.9049658,-37.7763741],[144.9050787,-37.7764922],[144.9051177,-37.7765107],[144.9051525,-37.7765126],[144.9051911,-37.7765104],[144.9062866,-37.7758448],[144.907456,-37.7751473],[144.9075955,-37.7753084],[144.9079924,-37.775088],[144.9092563,-37.7764344]]]}",OpenStreetMap,osm:way/54923002
1014,park,Victory Park,-37.77940723076923,144.9122594923077,1,14967.6,"{""type"":""Polygon"",""coordinates"":[[[144.9116083,-37.7804364],[144.9112243,-37.7800161],[144.9118469,-37.7796596],[144.9119885,-37.7795781],[144.9121718,-37.7790313],[144.9121907,-37.7789749],[144.9122936,-37.778957],[144.9123805,-37.7789383],[144.9124645,-37.7788928],[144.912796,-37.7786932],[144.9133546,-37.7792977],[144.9134454,-37.7793822],[144.9116083,-37.7804364]]]}",OpenStreetMap,osm:way/54926289
1015,park,Unnamed park 550376329,-37.79421127647058,145.0274243235294,1,2598.9,"{""type"":""Polygon"",""coordinates"":[[[145.0277923,-37.7943886],[145.02737,-37.7946855],[145.0270523,-37.7944111],[145.0272139,-37.7942963],[145.0271847,-37.7940279],[145.027158,-37.7940195],[145.0273042,-37.7937512],[145.0274192,-37.7937923],[145.0275147,-37.7938323],[145.02734,-37.7941354],[145.0274142,-37.7942487],[145.0274423,-37.7943167],[145.0275158,-37.794346],[145.0275364,-37.7943224],[145.0275649,-37.7943135],[145.0275983,-37.7943157],[145.0277923,-37.7943886]]]}",OpenStreetMap,osm:way/550376329
1016,park,Unnamed park 550405861,-37.79334549090909,145.02407748636364,1,4701.9,"{""type"":""Polygon"",""coordinates"":[[[145.0232709,-37.7929731],[145.0232387,-37.793294],[145.0229808,-37.7934052],[145.0235387,-37.7938225],[145.0236684,-37.7936828],[145.0240143,-37.7936777],[145.024356,-37.7936387],[145.0246267,-37.7934876],[145.0246396,-37.793478],[145.0248458,-37.7933246],[145.0250908,-37.7931276],[145.0250005,-37.7930648],[145.0248953,-37.7931123],[145.0247814,-37.7932821],[145.0245902,-37.7934451],[145.0245472,-37.7934349],[145.0241755,-37.7935436],[145.023778,-37.7934825],[145.0235459,-37.7932872],[145.0234385,-37.7930903],[145.0234106,-37.7929731],[145.0232709,-37.7929731]]]}",OpenStreetMap,osm:way/550405861
1017,park,Unnamed park 550405864,-37.7964286125,145.0263970375,1,2874.0,"{""type"":""Polygon"",""coordinates"":[[[145.0263517,-37.7961227],[145.0265485,-37.7962976],[145.0259904,-37.7967021],[145.0262472,-37.7968928],[145.026258,-37.7968992],[145.0268988,-37.7963597],[145.02653,-37.7960321],[145.0263517,-37.7961227]]]}",OpenStreetMap,osm:way/550405864
1018,park,Unnamed park 550405878,-37.79744880217391,145.02483740217392,1,13849.7,"{""type"":""Polygon"",""coordinates"":[[[145.0262472,-37.7968928],[145.0261466,-37.7969796],[145.0261539,-37.7969854],[145.0261362,-37.7969997],[145.0260772,-37.7969547],[145.0257319,-37.797241],[145.0256235,-37.7971552],[145.0256563,-37.7971294],[145.0253827,-37.7969249],[145.0253083,-37.7969861],[145.0255079,-37.7971663],[145.0247877,-37.7978108],[145.0245494,-37.7975921],[145.0245787,-37.7975674],[145.0244993,-37.7975049],[145.0244354,-37.7975569],[145.024428,-37.7975516],[145.0243842,-37.7975872],[145.0236636,-37.7970526],[145.0237397,-37.7969898],[145.0235355,-37.796837],[145.0234726,-37.7968895],[145.0232483,-37.7970747],[145.0232814,-37.7972243],[145.0235087,-37.7977591],[145.0235533,-37.7978319],[145.0236721,-37.7977655],[145.023727,-37.7977496],[145.0237368,-37.7976936],[145.0239263,-37.797714],[145.0240444,-37.7977419],[145.0243385,-37.7978882],[145.0242001,-37.7980593],[145.0241979,-37.7980891],[145.0245859,-37.7980956],[145.0247792,-37.798104],[145.0250172,-37.7981115],[145.0250424,-37.7981128],[145.0255345,-37.7981376],[145.0255357,-37.7980914],[145.0252155,-37.7978464],[145.0260466,-37.7970932],[145.0262931,-37.7972365],[145.0264846,-37.7970778],[145.026258,-37.7968992],[145.0262472,-37.7968928]]]}",OpenStreetMap,osm:way/550405878
1019,park,Unnamed park 550407564,-37.794894686666666,145.02609036,1,3933.8,"{""type"":""Polygon"",""coordinates"":[[[145.0256387,-37.795122],[145.0258428,-37.7949709],[145.026047,-37.7951491],[145.0261222,-37.7951016],[145.0262339,-37.7952086],[145.0264509,-37.7950388],[145.0262317,-37.7948656],[145.0266035,-37.7945634],[145.0268355,-37.7944649],[145.026713,-37.7944445],[145.0258751,-37.7945056],[145.0260577,-37.7946279],[145.0254754,-37.795071],[145.0255893,-37.7951644],[145.0256387,-37.795122]]]}",OpenStreetMap,osm:way/550407564
1020,park,Unnamed park 550408547,-37.796995475,145.02981575500002,1,3593.6,"{""type"":""Polygon"",""coordinates"":[[[145.0297584,-37.796629],[145.0296293,-37.7972695],[145.0296118,-37.797314],[145.0295902,-37.7973583],[145.0295604,-37.7973977],[145.0294651,-37.7974741],[145.0298398,-37.7978121],[145.0299104,-37.7974768],[145.0298869,-37.7974728],[145.0299273,-37.7972449],[145.0299517,-37.7972484],[145.0300947,-37.7965593],[145.0300632,-37.7965551],[145.0300243,-37.7965577],[145.0299697,-37.796566],[145.0298917,-37.7965695],[145.0298272,-37.7965775],[145.0297869,-37.7965914],[145.0297677,-37.7966064],[145.0297584,-37.796629]]]}",OpenStreetMap,osm:way/550408547
1021,park,H.R. Johnson Reserve,-37.85530265,144.9717084875,1,2220.3,"{""type"":""Polygon"",""coordinates"":[[[144.9715671,-37.8554136],[144.9717405,-37.8555252],[144.9719263,-37.8556169],[144.9721539,-37.8553508],[144.9716062,-37.854948],[144.9716369,-37.8550697],[144.9714699,-37.8550834],[144.9715671,-37.8554136]]]}",OpenStreetMap,osm:way/555648993
1022,park,Unnamed park 557823127,-37.81702308181818,144.9337649,1,3005.2,"{""type"":""Polygon"",""coordinates"":[[[144.933968,-37.8168284],[144.9338978,-37.8172084],[144.9338962,-37.8172794],[144.9337242,-37.8173644],[144.9336115,-37.8173808],[144.9333165,-37.8173088],[144.9335324,-37.8166868],[144.9337722,-37.8167374],[144.9338174,-37.8168005],[144.9339097,-37.8168306],[144.933968,-37.8168284]]]}",OpenStreetMap,osm:way/557823127
1023,park,Unnamed park 560413851,-37.844632483333335,144.95647941666667,1,2691.1,"{""type"":""Polygon"",""coordinates"":[[[144.9561747,-37.8449841],[144.9560191,-37.844874],[144.9570759,-37.8439166],[144.9571447,-37.8441324],[144.9562874,-37.8449037],[144.9561747,-37.8449841]]]}",OpenStreetMap,osm:way/560413851
1024,park,Unnamed park 560413862,-37.84757675,144.95309388571428,1,2360.6,"{""type"":""Polygon"",""coordinates"":[[[144.9530086,-37.847775],[144.9530024,-37.8477738],[144.9529596,-37.8477467],[144.9529444,-37.8477398],[144.9529209,-37.8477344],[144.9528955,-37.8477343],[144.9527741,-37.8477463],[144.9527603,-37.8477463],[144.9527566,-37.8477423],[144.9527581,-37.8477375],[144.9537366,-37.8468754],[144.9538912,-37.8469536],[144.9538975,-37.8469941],[144.9530086,-37.847775]]]}",OpenStreetMap,osm:way/560413862
1025,park,Unnamed park 560413867,-37.84540565,144.95553074,1,2317.4,"{""type"":""Polygon"",""coordinates"":[[[144.9558824,-37.8449905],[144.9560299,-37.8450858],[144.9560209,-37.8451215],[144.9552628,-37.8458144],[144.9552191,-37.845769],[144.9551784,-37.8457328],[144.9551363,-37.8457086],[144.9550713,-37.8456774],[144.9556239,-37.845166],[144.9558824,-37.8449905]]]}",OpenStreetMap,osm:way/560413867
1026,park,Unnamed park 560413871,-37.84818551666667,144.952416725,1,2323.9,"{""type"":""Polygon"",""coordinates"":[[[144.9518023,-37.8488383],[144.9516405,-37.8487255],[144.9525157,-37.8479459],[144.9525617,-37.8479785],[144.9525745,-37.8479853],[144.9525896,-37.8479903],[144.9526033,-37.8479925],[144.9526221,-37.847992],[144.9527485,-37.8479773],[144.9527671,-37.8479757],[144.9527731,-37.8479866],[144.9518023,-37.8488383]]]}",OpenStreetMap,osm:way/560413871
1027,park,Unnamed park 560413873,-37.845921688888886,144.95495846944445,1,1001.1,"{""type"":""Polygon"",""coordinates"":[[[144.9549833,-37.8460767],[144.954948,-37.8460772],[144.954913,-37.8460729],[144.9548795,-37.8460639],[144.9548485,-37.8460505],[144.9548209,-37.846033],[144.9547976,-37.846012],[144.9547792,-37.8459882],[144.9547663,-37.8459622],[144.9547592,-37.8459348],[144.9547583,-37.8459069],[144.9547635,-37.8458793],[144.9547746,-37.8458528],[144.9547914,-37.8458282],[144.9548133,-37.8458063],[144.9548397,-37.8457877],[144.9548698,-37.845773],[144.9549026,-37.8457626],[144.9549395,-37.8457566],[144.9549771,-37.8457561],[144.9550143,-37.8457611],[144.9550496,-37.8457713],[144.955082,-37.8457866],[144.9551102,-37.8458063],[144.9551334,-37.8458297],[144.9551507,-37.8458561],[144.9551616,-37.8458846],[144.9551656,-37.8459142],[144.9551627,-37.8459438],[144.9551529,-37.8459725],[144.9551366,-37.8459994],[144.9551144,-37.8460234],[144.9550869,-37.8460437],[144.9550552,-37.8460597],[144.9550202,-37.8460708],[144.9549833,-37.8460767]]]}",OpenStreetMap,osm:way/560413873
1028,park,Unnamed park 560413878,-37.84634091875,144.95449364375,1,2361.8,"{""type"":""Polygon"",""coordinates"":[[[144.9539851,-37.8469324],[144.9538358,-37.8468458],[144.9538358,-37.8467717],[144.9543038,-37.8463645],[144.954664,-37.8460363],[144.9546732,-37.8460367],[144.9546818,-37.8460414],[144.9546946,-37.8460595],[144.9547249,-37.8460909],[144.9547656,-37.8461199],[144.9548466,-37.8461532],[144.9548484,-37.8461617],[144.9548057,-37.8462028],[144.9547574,-37.8462375],[144.9544905,-37.846468],[144.9539851,-37.8469324]]]}",OpenStreetMap,osm:way/560413878
1029,park,Unnamed park 560423452,-37.79475115,144.92004540000002,1,674.8,"{""type"":""Polygon"",""coordinates"":[[[144.919944,-37.7949711],[144.9199177,-37.7949372],[144.9199878,-37.7948712],[144.920025,-37.7948058],[144.9200438,-37.7947383],[144.9200455,-37.794712],[144.9200046,-37.7947109],[144.9199972,-37.7946336],[144.9199935,-37.7946166],[144.9200858,-37.7945629],[144.9199875,-37.7944519],[144.9200304,-37.7944306],[144.9203147,-37.7947528],[144.9202342,-37.7947995],[144.9202074,-37.7947698],[144.9200123,-37.7948747],[144.9200418,-37.7949107],[144.919944,-37.7949711]]]}",OpenStreetMap,osm:way/560423452
1030,park,Unnamed park 560423454,-37.7925641936508,144.92112859523812,1,12154.7,"{""type"":""Polygon"",""coordinates"":[[[144.9230469,-37.7912248],[144.9229027,-37.7910712],[144.9229426,-37.7910441],[144.9227086,-37.7908136],[144.9228548,-37.7907257],[144.9234475,-37.790431],[144.9234013,-37.7903923],[144.9235773,-37.7902844],[144.9237898,-37.790146],[144.9239883,-37.790358],[144.9231679,-37.7908963],[144.9231528,-37.7912566],[144.9231905,-37.7912934],[144.9231904,-37.7912986],[144.9226272,-37.7916577],[144.9219102,-37.7920976],[144.9211784,-37.7925702],[144.9207862,-37.7928018],[144.920783,-37.7928469],[144.9207368,-37.7928718],[144.9206979,-37.7928484],[144.9206121,-37.7928882],[144.9206335,-37.7929136],[144.9203979,-37.793053],[144.9202517,-37.7931611],[144.9202969,-37.7932464],[144.9201829,-37.7932342],[144.9201618,-37.7932649],[144.9201055,-37.7936867],[144.9201189,-37.7937296],[144.920081,-37.7937604],[144.9201105,-37.793833],[144.9201444,-37.7938722],[144.9200472,-37.7939232],[144.9199368,-37.7939738],[144.9197561,-37.7940764],[144.919614,-37.7941498],[144.9195127,-37.7940428],[144.9196793,-37.7939785],[144.9197898,-37.79392],[144.9198032,-37.793855],[144.9198931,-37.7938536],[144.9199133,-37.7937524],[144.9198641,-37.7936803],[144.9198353,-37.7936194],[144.9199238,-37.7931484],[144.9200267,-37.7931564],[144.9201893,-37.7930312],[144.9203228,-37.7929491],[144.9203626,-37.7929096],[144.920527,-37.7928042],[144.9205481,-37.7928029],[144.9208538,-37.7926163],[144.9207465,-37.7924976],[144.920823,-37.7924383],[144.9207995,-37.7923757],[144.9207854,-37.7923514],[144.920991,-37.7922185],[144.9212106,-37.7924107],[144.9214765,-37.7922251],[144.9217584,-37.7920508],[144.9218865,-37.7919343],[144.9230469,-37.7912248]]]}",OpenStreetMap,osm:way/560423454
1031,park,Unnamed park 560423457,-37.795141988235294,144.91754205294117,1,4639.4,"{""type"":""Polygon"",""coordinates"":[[[144.916748,-37.7949692],[144.9172892,-37.7950405],[144.9172969,-37.7949985],[144.9177341,-37.7950489],[144.9177448,-37.794989],[144.9178648,-37.7949933],[144.9178869,-37.7950046],[144.9183498,-37.794737],[144.9184611,-37.7946765],[144.9187278,-37.7945229],[144.9188179,-37.7946079],[144.918548,-37.7947552],[144.9184962,-37.7947944],[144.9184235,-37.7948258],[144.9181216,-37.7950019],[144.9178207,-37.7951783],[144.9175702,-37.7953232],[144.9173655,-37.795404],[144.9174793,-37.7955209],[144.9174447,-37.7955392],[144.9172734,-37.7954753],[144.9171804,-37.7955301],[144.9171255,-37.7956215],[144.9170746,-37.7955476],[144.9171309,-37.7954883],[144.9171613,-37.7954492],[144.9172041,-37.7954058],[144.9172155,-37.7953146],[144.917206,-37.7952636],[144.9168038,-37.7952283],[144.9167957,-37.7952276],[144.9165941,-37.7952587],[144.9167255,-37.7951166],[144.916748,-37.7949692]]]}",OpenStreetMap,osm:way/560423457
1032,park,Unnamed park 560423460,-37.78984809090909,144.92457788181818,1,3040.5,"{""type"":""Polygon"",""coordinates"":[[[144.9240821,-37.7902881],[144.9238849,-37.790033],[144.9239323,-37.7900124],[144.9240231,-37.7900167],[144.9241438,-37.7900083],[144.9246172,-37.7897269],[144.9251577,-37.7893972],[144.9250336,-37.7892844],[144.9251597,-37.7892086],[144.925314,-37.7893607],[144.9253394,-37.7894481],[144.925098,-37.7896031],[144.9250462,-37.7896805],[144.9247559,-37.7898475],[144.9247713,-37.7898894],[144.9246496,-37.7899635],[144.9246186,-37.7899406],[144.9243529,-37.7900883],[144.9242798,-37.7901347],[144.9242285,-37.7901972],[144.9241427,-37.7902407],[144.9240821,-37.7902881]]]}",OpenStreetMap,osm:way/560423460
1033,park,Unnamed park 560430700,-37.795912389473685,144.99952433157895,1,3738.2,"{""type"":""Polygon"",""coordinates"":[[[144.9979999,-37.796009],[144.9982234,-37.7959954],[144.9984277,-37.7959794],[144.9988588,-37.7959427],[144.999178,-37.7959076],[144.9995282,-37.7958673],[145.0000563,-37.7957954],[145.0003635,-37.7957532],[145.0007938,-37.7956818],[145.0009836,-37.7956511],[145.000902,-37.7958202],[145.0007523,-37.7959557],[145.000678,-37.7959589],[145.0001701,-37.7959746],[144.9998867,-37.7959833],[144.9993373,-37.7960025],[144.9988732,-37.7960155],[144.9979496,-37.7960328],[144.9979999,-37.796009]]]}",OpenStreetMap,osm:way/560430700
1034,park,Cummings Reserve,-37.857413538636365,144.9678277659091,1,16476.5,"{""type"":""Polygon"",""coordinates"":[[[144.9647003,-37.8558734],[144.9646842,-37.8558427],[144.9646855,-37.8557961],[144.964703,-37.8557601],[144.9647472,-37.8557219],[144.9647848,-37.8557103],[144.9648263,-37.8557082],[144.964876,-37.8557145],[144.9649591,-37.8557548],[144.9653789,-37.855974],[144.9660414,-37.856321],[144.9665684,-37.8565913],[144.9667844,-37.8566972],[144.9669815,-37.8568062],[144.9673919,-37.8570296],[144.9678183,-37.8572478],[144.9690755,-37.8579247],[144.9691763,-37.8579823],[144.9693317,-37.8580757],[144.96951,-37.8581647],[144.9696691,-37.8582485],[144.9696975,-37.8582663],[144.9697177,-37.8582818],[144.9697312,-37.8582971],[144.9697513,-37.8583238],[144.9697506,-37.8583305],[144.969746,-37.8583352],[144.9697375,-37.8583396],[144.9697022,-37.8583598],[144.9696661,-37.8583886],[144.9696314,-37.8584204],[144.9696076,-37.8584533],[144.9695766,-37.858546],[144.9695578,-37.8585849],[144.9695481,-37.8586006],[144.9695298,-37.8585965],[144.9694999,-37.8585773],[144.9693433,-37.8584894],[144.9689164,-37.8582527],[144.9686329,-37.858069],[144.9682761,-37.8578732],[144.9669711,-37.8571461],[144.9664365,-37.8568452],[144.9647003,-37.8558734]]]}",OpenStreetMap,osm:way/566518568
1035,park,Stenhouse Reserve,-37.85876115526315,144.97015765,1,4145.7,"{""type"":""Polygon"",""coordinates"":[[[144.9697529,-37.8587266],[144.9697338,-37.858716],[144.9697306,-37.8587115],[144.9697307,-37.8587072],[144.9697333,-37.858701],[144.9697389,-37.8586878],[144.9697521,-37.8586614],[144.9697688,-37.8586225],[144.9698005,-37.8585491],[144.9698235,-37.8584887],[144.9698336,-37.8584583],[144.9698449,-37.8584195],[144.9698485,-37.8583959],[144.9698544,-37.8583686],[144.9698564,-37.8583648],[144.9698601,-37.858363],[144.9698696,-37.8583626],[144.9698883,-37.8583645],[144.9699214,-37.8583686],[144.9699554,-37.8583789],[144.9699802,-37.8583914],[144.9700256,-37.8584172],[144.9700937,-37.8584619],[144.9701996,-37.8585402],[144.9703097,-37.8586352],[144.9705756,-37.8588996],[144.9709258,-37.8592501],[144.9712416,-37.859562],[144.9712936,-37.8596197],[144.9712683,-37.8596333],[144.9711671,-37.8595499],[144.9710066,-37.85944],[144.9708792,-37.8593627],[144.9707036,-37.8592644],[144.9703895,-37.8590866],[144.9701005,-37.8589232],[144.9697799,-37.8587434],[144.9697529,-37.8587266]]]}",OpenStreetMap,osm:way/566518571
1036,covered_walkway,Covered walkway 56672682,-37.807179000000005,144.95696889,2,,"{""type"":""LineString"",""coordinates"":[[144.9568352,-37.8079437],[144.9568094,-37.807897],[144.9567777,-37.8078306],[144.9567733,-37.8078097],[144.9567714,-37.8077754],[144.9567811,-37.8077157],[144.9568063,-37.8075919],[144.9568265,-37.8074748],[144.9569793,-37.8073456],[144.9569978,-37.8072725],[144.9570134,-37.8071858],[144.9570317,-37.8070943],[144.9570648,-37.8069116],[144.95708,-37.8068168],[144.9570972,-37.806721],[144.9571136,-37.8066268],[144.9571306,-37.8065296],[144.9571467,-37.8064407],[144.9571619,-37.8063492],[144.9571799,-37.8062473]]}",OpenStreetMap,osm:way/56672682
1037,park,Unnamed park 579058260,-37.77094546428572,144.99462790714284,1,9408.4,"{""type"":""Polygon"",""coordinates"":[[[144.9953522,-37.7689742],[144.9941906,-37.7710347],[144.9936175,-37.773716],[144.9936532,-37.7737225],[144.9936976,-37.7737307],[144.9940212,-37.772267],[144.9942492,-37.7715607],[144.9945234,-37.7710468],[144.9951242,-37.76989],[144.9950443,-37.7698727],[144.9951252,-37.7697094],[144.9952258,-37.769739],[144.9956141,-37.7689986],[144.9953522,-37.7689742]]]}",OpenStreetMap,osm:way/579058260
1038,library,Fairfield Library,-37.77748420344828,145.01889382758625,1,,"{""type"":""Polygon"",""coordinates"":[[[145.018576,-37.7774],[145.0185621,-37.7774132],[145.0185864,-37.7774297],[145.0185723,-37.7774427],[145.0185533,-37.7774601],[145.0185838,-37.7774809],[145.018573,-37.7774907],[145.0185576,-37.7775049],[145.0185551,-37.7775201],[145.0186574,-37.7775303],[145.0189692,-37.7775626],[145.0189603,-37.7776163],[145.0190216,-37.7776226],[145.0190253,-37.7776004],[145.019273,-37.7776258],[145.0192783,-37.7775909],[145.0192823,-37.7775651],[145.0193043,-37.7775242],[145.019335,-37.7774914],[145.0191523,-37.7774055],[145.0191106,-37.7774596],[145.019078,-37.7774439],[145.0190905,-37.7773601],[145.0190185,-37.7773534],[145.0190068,-37.777431],[145.0189113,-37.7774567],[145.018913,-37.7774335],[145.0188377,-37.7774263],[145.018576,-37.7774]]]}",OpenStreetMap,osm:way/581461762
1039,park,Swaby Square,-37.7977655625,144.90632705,1,924.0,"{""type"":""Polygon"",""coordinates"":[[[144.9061235,-37.797794],[144.9061618,-37.7975816],[144.9065616,-37.7976268],[144.9065307,-37.7978138],[144.9065063,-37.7978414],[144.9064641,-37.7978542],[144.9061449,-37.7978187],[144.9061235,-37.797794]]]}",OpenStreetMap,osm:way/584579669
1040,park,Unnamed park 587080635,-37.831002,145.01628525263158,1,16193.6,"{""type"":""Polygon"",""coordinates"":[[[145.0144969,-37.8303435],[145.0154605,-37.8304703],[145.0155697,-37.8306352],[145.0168095,-37.8308788],[145.0185631,-37.8311147],[145.0182255,-37.8312427],[145.018166,-37.8311433],[145.0174874,-37.8313848],[145.0175386,-37.8314806],[145.0171082,-37.8315738],[145.0164947,-37.83148],[145.016192,-37.8313489],[145.016264,-37.8312536],[145.0160177,-37.8311412],[145.0159399,-37.8312366],[145.0152196,-37.8308559],[145.0148663,-37.8306733],[145.0145033,-37.8304373],[145.0144969,-37.8303435]]]}",OpenStreetMap,osm:way/587080635
1041,park,Unnamed park 588371996,-37.81695672,145.01423841142858,1,16422.5,"{""type"":""Polygon"",""coordinates"":[[[145.0143837,-37.8145666],[145.0136597,-37.8147001],[145.0138637,-37.8153908],[145.0138712,-37.8155109],[145.0135939,-37.8155575],[145.013661,-37.8158795],[145.0138959,-37.8159057],[145.0138959,-37.8160201],[145.0138959,-37.8168677],[145.0140649,-37.8168846],[145.0140595,-37.8169376],[145.0140944,-37.8172426],[145.0141078,-37.8175182],[145.0143016,-37.8179759],[145.0143116,-37.8184346],[145.014376,-37.8184738],[145.0143882,-37.818562],[145.0143918,-37.8185881],[145.0145106,-37.8194483],[145.0147958,-37.819477],[145.0147813,-37.8193636],[145.0147424,-37.8192266],[145.0146248,-37.8187707],[145.0146615,-37.8183685],[145.0144952,-37.8179067],[145.0143462,-37.817437],[145.0143755,-37.8171956],[145.0142511,-37.81683],[145.0142424,-37.8166969],[145.0142347,-37.8163238],[145.0142112,-37.8157795],[145.0143033,-37.8151473],[145.0142875,-37.815037],[145.0142805,-37.8148938],[145.0143837,-37.8145666]]]}",OpenStreetMap,osm:way/588371996
1042,park,Unnamed park 598432310,-37.7944655862069,144.98991675172414,1,4477.6,"{""type"":""Polygon"",""coordinates"":[[[144.9883365,-37.7941284],[144.9883186,-37.7942868],[144.9887816,-37.7943346],[144.9889276,-37.7943618],[144.9890847,-37.7943999],[144.9892252,-37.7944185],[144.9897556,-37.7944791],[144.9898309,-37.7944896],[144.9900898,-37.7945167],[144.9902565,-37.7945377],[144.9904015,-37.7945658],[144.9904196,-37.7945766],[144.9904274,-37.7945914],[144.9904396,-37.7945973],[144.9909048,-37.7947314],[144.9910662,-37.7947897],[144.9911513,-37.7948303],[144.9911968,-37.7948282],[144.9909599,-37.7946822],[144.9908158,-37.7946096],[144.9905823,-37.794492],[144.9904651,-37.7944401],[144.9903121,-37.7943949],[144.9901363,-37.794352],[144.9899561,-37.7943158],[144.9897117,-37.7942808],[144.98933,-37.7942266],[144.9883658,-37.7941158],[144.9883365,-37.7941284]]]}",OpenStreetMap,osm:way/598432310
1043,park,Church Street Park,-37.8334418125,144.9970618791667,1,2515.6,"{""type"":""Polygon"",""coordinates"":[[[144.9969866,-37.8331608],[144.9969124,-37.8333129],[144.9968359,-37.8334723],[144.9967974,-37.8335443],[144.996787,-37.8335638],[144.9967573,-37.8336215],[144.9967609,-37.8336678],[144.9968632,-37.8336725],[144.9968692,-37.8336726],[144.9969756,-37.8336744],[144.9969669,-37.8337371],[144.9970727,-37.8337393],[144.997336,-37.8337447],[144.9973847,-37.8334634],[144.9973594,-37.8333915],[144.997342,-37.8333475],[144.9973132,-37.8333105],[144.9972803,-37.8332755],[144.9972454,-37.8332522],[144.9972146,-37.8332316],[144.9971744,-37.833212],[144.9971294,-37.8331977],[144.997134,-37.8331768],[144.9969866,-37.8331608]]]}",OpenStreetMap,osm:way/602800974
1044,park,Unnamed park 60428876,-37.831393325,144.9652216875,1,989.1,"{""type"":""Polygon"",""coordinates"":[[[144.9652171,-37.8311609],[144.9654931,-37.8314556],[144.9654593,-37.8314873],[144.965109,-37.8315805],[144.9650648,-37.8315752],[144.9650526,-37.8315416],[144.9651605,-37.8311846],[144.9652171,-37.8311609]]]}",OpenStreetMap,osm:way/60428876
1045,covered_walkway,Covered walkway 605489018,-37.7870054,144.92911903333334,2,,"{""type"":""LineString"",""coordinates"":[[144.9291679,-37.7872143],[144.9291452,-37.7871258],[144.9291293,-37.7870637],[144.9290541,-37.7867701],[144.9290666,-37.7867678],[144.9291511,-37.7870907]]}",OpenStreetMap,osm:way/605489018
1046,park,Unnamed park 614362649,-37.77024408,145.02068219,1,778.4,"{""type"":""Polygon"",""coordinates"":[[[145.0206518,-37.7701384],[145.020478,-37.7701195],[145.0204573,-37.7702643],[145.0206076,-37.7702777],[145.0205972,-37.7703509],[145.0207687,-37.7703662],[145.0207772,-37.7703071],[145.0209048,-37.7703184],[145.0209275,-37.7701599],[145.0206518,-37.7701384]]]}",OpenStreetMap,osm:way/614362649
1047,park,Unnamed park 619594170,-37.83248208888889,145.02097391111113,1,3905.9,"{""type"":""Polygon"",""coordinates"":[[[145.0212306,-37.83264],[145.0202406,-37.8323809],[145.0200134,-37.832288],[145.0199876,-37.8320383],[145.0214003,-37.832438],[145.0215552,-37.8324904],[145.0216047,-37.8327363],[145.0215022,-37.8326869],[145.0212306,-37.83264]]]}",OpenStreetMap,osm:way/619594170
1048,park,Unnamed park 62344161,-37.80131874489796,144.9572348877551,1,4251.1,"{""type"":""Polygon"",""coordinates"":[[[144.9574737,-37.8013846],[144.9574489,-37.801588],[144.9574454,-37.8016104],[144.9574391,-37.801634],[144.9574317,-37.8016514],[144.9574183,-37.8016688],[144.9573963,-37.8016901],[144.957372,-37.8017073],[144.9573392,-37.8017266],[144.9573025,-37.8017419],[144.9572726,-37.8017498],[144.9572423,-37.8017554],[144.9572138,-37.8017578],[144.9571731,-37.8017575],[144.9571309,-37.8017511],[144.9570903,-37.801739],[144.957066,-37.8017269],[144.9570307,-37.8017077],[144.9570051,-37.8016863],[144.9569832,-37.8016624],[144.9569683,-37.8016427],[144.956958,-37.8016158],[144.9569519,-37.8015891],[144.9569492,-37.8015711],[144.9569474,-37.8015506],[144.9569498,-37.801527],[144.9569681,-37.8014157],[144.9570328,-37.8009837],[144.9570363,-37.8009507],[144.9570461,-37.8009268],[144.9570683,-37.8008907],[144.9570946,-37.8008619],[144.9571241,-37.8008428],[144.9571464,-37.8008295],[144.9571758,-37.8008168],[144.9572142,-37.8008064],[144.9572531,-37.8008009],[144.9572824,-37.8008],[144.9573231,-37.8008034],[144.9573687,-37.8008139],[144.957409,-37.8008326],[144.9574542,-37.8008629],[144.9574797,-37.8008882],[144.9574968,-37.8009146],[144.957511,-37.8009469],[144.9575178,-37.8009756],[144.9575198,-37.8010097],[144.9575138,-37.8010669],[144.9574737,-37.8013846]]]}",OpenStreetMap,osm:way/62344161
1049,park,Kevin Bartlett Reserve,-37.83122739508196,145.02439480163935,1,129639.8,"{""type"":""Polygon"",""coordinates"":[[[145.027222,-37.8314139],[145.0271845,-37.8317571],[145.0268304,-37.832274],[145.0264227,-37.8326723],[145.0255376,-37.8333544],[145.0248992,-37.8337485],[145.0245935,-37.833884],[145.0240517,-37.8339518],[145.0235957,-37.8338671],[145.0230163,-37.8333036],[145.0228393,-37.8327909],[145.0227588,-37.8326257],[145.0228715,-37.8318885],[145.0224477,-37.8315453],[145.0220561,-37.8313673],[145.0213802,-37.8311343],[145.0209725,-37.8310157],[145.0208598,-37.8303632],[145.0213319,-37.8302742],[145.0215773,-37.8302286],[145.0218952,-37.8302191],[145.0221546,-37.8302559],[145.0223793,-37.8303113],[145.0225479,-37.8303666],[145.02285,-37.8304818],[145.0235053,-37.8307856],[145.02377,-37.8309224],[145.0238961,-37.8309905],[145.0240249,-37.831048],[145.0241492,-37.8310854],[145.0242815,-37.8311155],[145.0243894,-37.8311278],[145.0243889,-37.8311878],[145.0244549,-37.8311928],[145.02452,-37.8311885],[145.0245659,-37.8311821],[145.0246205,-37.8311692],[145.0247058,-37.8311525],[145.0248045,-37.8311344],[145.0248512,-37.8311206],[145.0248926,-37.8311014],[145.025001,-37.8310526],[145.0250285,-37.8310402],[145.0250045,-37.8309854],[145.0251675,-37.830897],[145.0252785,-37.8307994],[145.0253706,-37.830699],[145.0254171,-37.8306069],[145.025452,-37.8305285],[145.025479,-37.8304433],[145.0254941,-37.8303499],[145.0255077,-37.8302848],[145.0255165,-37.8302082],[145.0255113,-37.8301289],[145.0254925,-37.8300433],[145.0254569,-37.8299563],[145.025382,-37.8298208],[145.0269109,-37.8307699],[145.0270933,-37.831003],[145.0272006,-37.8312402],[145.027222,-37.8314139]]]}",OpenStreetMap,osm:way/62646690
1050,park,Pridmore Park,-37.81640318604651,145.01523956511627,1,31654.6,"{""type"":""Polygon"",""coordinates"":[[[145.0162753,-37.8173651],[145.0156383,-37.8172825],[145.01554,-37.817867],[145.0149291,-37.8177967],[145.0149862,-37.8179506],[145.015439,-37.818002],[145.015426,-37.818154],[145.015016,-37.8181081],[145.0150737,-37.8184203],[145.0150179,-37.8184151],[145.0148648,-37.8178701],[145.0147112,-37.8174012],[145.014618,-37.8169682],[145.0145789,-37.816597],[145.0145785,-37.8161385],[145.0145514,-37.8159722],[145.0145962,-37.8155662],[145.0145965,-37.8155587],[145.014615,-37.8151371],[145.0146791,-37.8149245],[145.0147125,-37.8148135],[145.0147156,-37.8148034],[145.0148591,-37.8144739],[145.0148956,-37.814442],[145.0149981,-37.8144514],[145.015104,-37.8144635],[145.0155146,-37.8145114],[145.0154416,-37.8149408],[145.0154614,-37.814943],[145.0154183,-37.8158459],[145.015594,-37.8158649],[145.0156181,-37.8162188],[145.0155407,-37.8162116],[145.0154446,-37.816201],[145.0154349,-37.8163667],[145.0155165,-37.8163759],[145.0154529,-37.8166835],[145.0157758,-37.8167217],[145.0157476,-37.8168707],[145.0159004,-37.8168892],[145.0158505,-37.8171651],[145.0162981,-37.8172189],[145.0162753,-37.8173651]]]}",OpenStreetMap,osm:way/62673026
1051,park,South Yarra Siding,-37.84064113103448,144.99233491206897,1,6242.9,"{""type"":""Polygon"",""coordinates"":[[[144.9928583,-37.8410195],[144.9928516,-37.8410542],[144.9928495,-37.8410653],[144.9928371,-37.8411296],[144.9928255,-37.8411897],[144.9928124,-37.841163],[144.9927229,-37.8411511],[144.99269,-37.8411296],[144.9926499,-37.8411247],[144.9925716,-37.8411151],[144.9925678,-37.8411146],[144.9925487,-37.8411123],[144.9925646,-37.8410327],[144.9917746,-37.84093],[144.9918381,-37.8406692],[144.9918606,-37.8406583],[144.9918642,-37.8406355],[144.9918651,-37.8406296],[144.9918468,-37.8406098],[144.991855,-37.8405792],[144.9918797,-37.8405651],[144.9918861,-37.8405392],[144.9918602,-37.8405127],[144.9918666,-37.8404456],[144.9918581,-37.8404453],[144.9918527,-37.8404451],[144.9918545,-37.8404228],[144.9918551,-37.840416],[144.991856,-37.8404037],[144.9918723,-37.8401967],[144.9918849,-37.8399331],[144.9919532,-37.8396367],[144.9920742,-37.8396543],[144.9920944,-37.8396573],[144.992104,-37.8397898],[144.9921179,-37.8399003],[144.9921311,-37.8399665],[144.9921459,-37.8400296],[144.9921734,-37.8401176],[144.9922036,-37.8402071],[144.9922331,-37.840279],[144.9922914,-37.8404036],[144.992339,-37.8404928],[144.9923859,-37.8405704],[144.9924664,-37.8406816],[144.9925455,-37.8407817],[144.9926508,-37.8408993],[144.9926708,-37.8408866],[144.9926962,-37.8408706],[144.9927006,-37.8408678],[144.9927753,-37.8409374],[144.9928299,-37.8409884],[144.9928322,-37.8410138],[144.9928346,-37.8410211],[144.9928386,-37.8410238],[144.9928448,-37.8410257],[144.9928533,-37.841025],[144.9928583,-37.8410195]]]}",OpenStreetMap,osm:way/631172039
1052,park,Rudder Grange,-37.78642925,145.02078686666667,1,4038.0,"{""type"":""Polygon"",""coordinates"":[[[145.0204715,-37.7861457],[145.0203892,-37.7865871],[145.0208855,-37.7867066],[145.0212085,-37.7867557],[145.021295,-37.7862347],[145.0204715,-37.7861457]]]}",OpenStreetMap,osm:way/632689083
1053,park,Unnamed park 636658877,-37.77734125,144.9884488,1,857.7,"{""type"":""Polygon"",""coordinates"":[[[144.9882048,-37.7772034],[144.9887118,-37.7772625],[144.9887818,-37.7773737],[144.9886136,-37.7775744],[144.9885002,-37.777515],[144.9885065,-37.7774343],[144.9884697,-37.7773865],[144.988427,-37.7773418],[144.9883787,-37.7773008],[144.9883198,-37.7772681],[144.9882669,-37.7772311],[144.9882048,-37.7772034]]]}",OpenStreetMap,osm:way/636658877
1054,park,Maddern Reserve,-37.80039334736842,144.9002531736842,1,1344.0,"{""type"":""Polygon"",""coordinates"":[[[144.9005632,-37.8003195],[144.9005565,-37.800355],[144.9005527,-37.8003697],[144.900548,-37.8003894],[144.900527,-37.8004939],[144.9005163,-37.8005601],[144.9002729,-37.8005341],[144.9000563,-37.800505],[144.9000181,-37.8004981],[144.8999959,-37.8004917],[144.8999885,-37.800478],[144.8999979,-37.8004091],[144.9000003,-37.8003926],[144.900014,-37.8002952],[144.9000214,-37.8002583],[144.9000264,-37.8002491],[144.9000372,-37.8002469],[144.9005545,-37.8003084],[144.9005632,-37.8003195]]]}",OpenStreetMap,osm:way/636860742
1055,park,Unnamed park 653696897,-37.827952775,145.02416719375,1,8968.2,"{""type"":""Polygon"",""coordinates"":[[[145.0248999,-37.8287424],[145.0237516,-37.8281548],[145.0238147,-37.8280439],[145.0238576,-37.8280354],[145.0239029,-37.8279314],[145.023938,-37.8278214],[145.0239324,-37.8278085],[145.0238587,-37.8277863],[145.023868,-37.8277365],[145.0239461,-37.8277451],[145.0239354,-37.8276605],[145.0239273,-37.8276038],[145.0239681,-37.8276035],[145.0251089,-37.8278166],[145.0250656,-37.8280119],[145.0248999,-37.8287424]]]}",OpenStreetMap,osm:way/653696897
1056,park,Inner Circle Linear Park,-37.77974284444444,144.95928475555556,1,2994.1,"{""type"":""Polygon"",""coordinates"":[[[144.9586035,-37.7795981],[144.958401,-37.7798399],[144.9596374,-37.7799444],[144.9596558,-37.779801],[144.9596603,-37.7797656],[144.9596619,-37.7797535],[144.9596672,-37.779712],[144.9596722,-37.779673],[144.9586035,-37.7795981]]]}",OpenStreetMap,osm:way/653725855
1057,park,Unnamed park 664829573,-37.81047966721312,145.01124892295084,1,19564.0,"{""type"":""Polygon"",""coordinates"":[[[145.0086454,-37.8087762],[145.0087276,-37.8095024],[145.0087567,-37.8097823],[145.008632,-37.809768],[145.008651,-37.81027],[145.0087132,-37.8103828],[145.0088012,-37.8105391],[145.0088473,-37.8106052],[145.0089127,-37.8106593],[145.0089944,-37.8106981],[145.0091562,-37.8107602],[145.0097532,-37.8108138],[145.0099876,-37.8107655],[145.0106857,-37.8108344],[145.010661,-37.8109943],[145.0106914,-37.8109964],[145.010727,-37.8107693],[145.0111515,-37.8108108],[145.0114662,-37.8107929],[145.012067,-37.8108268],[145.0128287,-37.8108437],[145.0139445,-37.8108671],[145.0148163,-37.81092],[145.0149986,-37.8110811],[145.0150925,-37.8112061],[145.0150711,-37.8114307],[145.0148798,-37.8119351],[145.0148699,-37.8119626],[145.015264,-37.8120044],[145.0152746,-37.8119708],[145.0153872,-37.811672],[145.015575,-37.8110215],[145.015583,-37.8108562],[145.0155213,-37.8107736],[145.0154597,-37.8107142],[145.0152907,-37.8106951],[145.0139863,-37.81074],[145.0127613,-37.8107694],[145.0122618,-37.8107635],[145.0122031,-37.8106812],[145.0119578,-37.8106779],[145.0117432,-37.810702],[145.0110926,-37.810693],[145.0106568,-37.8106446],[145.0104371,-37.8106139],[145.0101566,-37.8106352],[145.009697,-37.8106286],[145.0094926,-37.8105832],[145.0093151,-37.8105431],[145.0091901,-37.8104684],[145.0090938,-37.8103629],[145.009017,-37.8102184],[145.0089575,-37.8100114],[145.0089223,-37.8094885],[145.0088674,-37.8089847],[145.0088358,-37.8089249],[145.0088468,-37.8087984],[145.0088422,-37.8084282],[145.0086775,-37.8084118],[145.008642,-37.8084083],[145.0086454,-37.8087762]]]}",OpenStreetMap,osm:way/664829573
1058,park,Unnamed park 664829575,-37.813375235,145.01459641,1,7265.1,"{""type"":""Polygon"",""coordinates"":[[[145.0140941,-37.8143618],[145.0141698,-37.8142024],[145.0143656,-37.8138188],[145.0142999,-37.8138028],[145.0145371,-37.8132571],[145.0146148,-37.8132168],[145.0148619,-37.8123822],[145.0147675,-37.8122658],[145.0145842,-37.8122306],[145.0145988,-37.8121247],[145.0152011,-37.8121942],[145.0151244,-37.8124455],[145.0150085,-37.8128293],[145.0148451,-37.813342],[145.0146704,-37.8138614],[145.0146027,-37.8140225],[145.0145945,-37.814042],[145.0144589,-37.8143336],[145.0144348,-37.8144094],[145.0140941,-37.8143618]]]}",OpenStreetMap,osm:way/664829575
1059,park,Harrison Crescent Reserve,-37.81281088125,145.01567975,1,3803.4,"{""type"":""Polygon"",""coordinates"":[[[145.01529,-37.8132906],[145.0153688,-37.8130578],[145.0155287,-37.8125849],[145.0156189,-37.8122449],[145.0159486,-37.8122857],[145.0159886,-37.8123011],[145.0159911,-37.8123199],[145.0159928,-37.8124673],[145.0159914,-37.8126677],[145.0160053,-37.8128792],[145.0157435,-37.8129203],[145.0157512,-37.8130432],[145.0154911,-37.8130994],[145.0154798,-37.8132521],[145.0153962,-37.8132694],[145.01529,-37.8132906]]]}",OpenStreetMap,osm:way/664829576
1060,park,Unnamed park 664829577,-37.82372484363636,145.01645803636364,1,24450.6,"{""type"":""Polygon"",""coordinates"":[[[145.0147479,-37.8202813],[145.0151051,-37.8202241],[145.0151265,-37.8202936],[145.0152711,-37.8207543],[145.0153879,-37.8211419],[145.0154224,-37.821302],[145.0155504,-37.8221392],[145.0155723,-37.8223002],[145.0157724,-37.8237726],[145.0158232,-37.8238937],[145.0158282,-37.8239823],[145.015847,-37.8241393],[145.0159098,-37.8243776],[145.0160364,-37.8246382],[145.0161656,-37.824841],[145.0163495,-37.8250763],[145.0165203,-37.8252737],[145.0173514,-37.8259808],[145.0177163,-37.8261938],[145.0178552,-37.826258],[145.0182076,-37.8263746],[145.0184511,-37.8263678],[145.0186793,-37.8263024],[145.0196697,-37.8258485],[145.0197727,-37.8259082],[145.019968,-37.8260554],[145.0198964,-37.8260675],[145.0197891,-37.8260633],[145.0188074,-37.8264913],[145.0185713,-37.8265527],[145.0183541,-37.826576],[145.0180885,-37.8265548],[145.0178659,-37.8265082],[145.0175628,-37.8263875],[145.0173241,-37.8262455],[145.0171015,-37.8260675],[145.0164712,-37.8254171],[145.0156611,-37.8245697],[145.0155088,-37.8244083],[145.0153989,-37.8237142],[145.0152443,-37.8227376],[145.01531,-37.8227311],[145.0154583,-37.8227165],[145.0153597,-37.8220936],[145.0153194,-37.8218391],[145.0152991,-37.8218111],[145.0151964,-37.8217233],[145.0150229,-37.8212466],[145.0148056,-37.8205252],[145.0145213,-37.8205559],[145.0145598,-37.8203479],[145.0145846,-37.8203182],[145.0146087,-37.8203018],[145.0146456,-37.8202928],[145.0147479,-37.8202813]]]}",OpenStreetMap,osm:way/664829577
1061,park,Linear Park,-37.82493356875,144.96770565,1,2324.4,"{""type"":""Polygon"",""coordinates"":[[[144.9671789,-37.8246924],[144.9675324,-37.8247585],[144.9675666,-37.8247568],[144.9676981,-37.8247833],[144.9676579,-37.8248171],[144.9678603,-37.8249486],[144.9678952,-37.8249501],[144.9679187,-37.8249058],[144.9679851,-37.8248381],[144.968187,-37.8248749],[144.9679545,-37.8256842],[144.9680915,-37.825201],[144.9677158,-37.825133],[144.9677504,-37.82501],[144.9671191,-37.8248909],[144.9671789,-37.8246924]]]}",OpenStreetMap,osm:way/665730564
1062,park,Unnamed park 66977417,-37.7804888,145.02331054571428,1,11729.5,"{""type"":""Polygon"",""coordinates"":[[[145.0243879,-37.7814758],[145.0243542,-37.7817718],[145.0247544,-37.7816759],[145.024791,-37.7816009],[145.0247343,-37.7813664],[145.0245463,-37.7811984],[145.023321,-37.7801033],[145.0229938,-37.7798086],[145.0226612,-37.7795712],[145.0220926,-37.779357],[145.0219606,-37.7795137],[145.0219386,-37.779643],[145.0222966,-37.7796798],[145.0226075,-37.7798328],[145.0227035,-37.7799016],[145.0227518,-37.7799445],[145.0228191,-37.7800105],[145.0228518,-37.780053],[145.02296,-37.7802465],[145.0230732,-37.7802653],[145.0231002,-37.780276],[145.0231204,-37.7802957],[145.0231314,-37.7803207],[145.0231284,-37.7803368],[145.0231427,-37.7803626],[145.0231397,-37.7804241],[145.0231054,-37.7806009],[145.023207,-37.7806135],[145.0233712,-37.7806337],[145.023389,-37.7806359],[145.0235276,-37.780752],[145.0234954,-37.7810275],[145.0238843,-37.7810721],[145.0241391,-37.7812607],[145.0243879,-37.7814758]]]}",OpenStreetMap,osm:way/66977417
1063,park,Princes Gardens,-37.8480087173913,144.9958191173913,1,26515.4,"{""type"":""Polygon"",""coordinates"":[[[144.9967021,-37.8473028],[144.9964925,-37.8472738],[144.9953757,-37.8471192],[144.9953082,-37.8474754],[144.9949991,-37.8474389],[144.9949322,-37.8478722],[144.9949581,-37.8478755],[144.9952525,-37.8479131],[144.9952304,-37.8480208],[144.9949361,-37.8479832],[144.9950318,-37.8483423],[144.9948821,-37.8493413],[144.9963516,-37.8495227],[144.9964228,-37.8490718],[144.9964731,-37.8487536],[144.9956923,-37.8486768],[144.9958249,-37.8478368],[144.9962954,-37.8478831],[144.9962991,-37.8478599],[144.9964089,-37.8478707],[144.9966093,-37.8478904],[144.9966594,-37.8475734],[144.9967021,-37.8473028]]]}",OpenStreetMap,osm:way/670999815
1064,park,Unnamed park 68566002,-37.775637092857146,144.93749035714285,1,1264.8,"{""type"":""Polygon"",""coordinates"":[[[144.937413,-37.7754983],[144.9374976,-37.775619],[144.9376011,-37.7757514],[144.9376238,-37.7758002],[144.93763,-37.7758431],[144.9376248,-37.7758924],[144.9375571,-37.7762484],[144.9374993,-37.7762547],[144.9373621,-37.775421],[144.9373191,-37.77516],[144.9373691,-37.7751588],[144.9374355,-37.7753292],[144.9375195,-37.7754445],[144.937413,-37.7754983]]]}",OpenStreetMap,osm:way/68566002
1065,park,Unnamed park 688130834,-37.77507155757576,144.988116069697,1,9465.4,"{""type"":""Polygon"",""coordinates"":[[[144.9869263,-37.7739586],[144.9868977,-37.7742707],[144.9869433,-37.7744191],[144.9872947,-37.7747944],[144.9876326,-37.7749576],[144.9880859,-37.7748813],[144.988322,-37.7749322],[144.9885848,-37.7751124],[144.9887082,-37.7752777],[144.9886814,-37.7755894],[144.9884992,-37.7759616],[144.9885737,-37.7762937],[144.9885871,-37.7763533],[144.9885883,-37.7763801],[144.9886322,-37.7763861],[144.9887118,-37.7764003],[144.988676,-37.7760452],[144.9888182,-37.7756848],[144.9889925,-37.77553],[144.9890354,-37.7752565],[144.9889362,-37.7750721],[144.9888691,-37.7748898],[144.9888557,-37.7748198],[144.988404,-37.7746879],[144.9882369,-37.7746308],[144.9880992,-37.7746308],[144.9877452,-37.7746636],[144.9876273,-37.7746636],[144.9874011,-37.7745522],[144.9872536,-37.7743358],[144.9871422,-37.7740081],[144.9871422,-37.7739633],[144.9869263,-37.7739586]]]}",OpenStreetMap,osm:way/688130834
1066,park,Unnamed park 697129329,-37.79375687272727,144.93087258636362,1,1085.7,"{""type"":""Polygon"",""coordinates"":[[[144.9308675,-37.7940892],[144.9308025,-37.793923],[144.9307732,-37.793839],[144.9307486,-37.7937557],[144.9307332,-37.7936948],[144.9307193,-37.7936084],[144.9307609,-37.7936193],[144.9307832,-37.7935925],[144.930804,-37.7935676],[144.930831,-37.793553],[144.9308641,-37.7935505],[144.9309026,-37.7935609],[144.9309489,-37.7935664],[144.930982,-37.793581],[144.9310059,-37.7936077],[144.9310197,-37.7936467],[144.9310405,-37.7936625],[144.9309743,-37.7940296],[144.9309504,-37.7940277],[144.9309204,-37.7940326],[144.9308972,-37.7940539],[144.9308675,-37.7940892]]]}",OpenStreetMap,osm:way/697129329
1067,covered_walkway,Covered walkway 705684706,-37.80646585,144.94135665,2,,"{""type"":""LineString"",""coordinates"":[[144.9413626,-37.8064733],[144.9413507,-37.8064584]]}",OpenStreetMap,osm:way/705684706
1068,covered_walkway,Covered walkway 705684707,-37.806415825,144.9414358,2,,"{""type"":""LineString"",""coordinates"":[[144.9416171,-37.8063255],[144.9414976,-37.8063852],[144.9413507,-37.8064584],[144.9412778,-37.8064942]]}",OpenStreetMap,osm:way/705684707
1069,covered_walkway,Covered walkway 705684708,-37.8063924,144.9415038,2,,"{""type"":""LineString"",""coordinates"":[[144.94151,-37.8063996],[144.9414976,-37.8063852]]}",OpenStreetMap,osm:way/705684708
1070,park,Unnamed park 705895520,-37.82102432,144.94843164,1,1415.0,"{""type"":""Polygon"",""coordinates"":[[[144.9482061,-37.8211051],[144.948888,-37.821172],[144.9486171,-37.8208139],[144.9482409,-37.8209255],[144.9482061,-37.8211051]]]}",OpenStreetMap,osm:way/705895520
1071,park,Unnamed park 70807729,-37.82045539285714,144.94771415,1,7596.9,"{""type"":""Polygon"",""coordinates"":[[[144.9475699,-37.8208222],[144.9475263,-37.8207815],[144.9474698,-37.8205653],[144.9474129,-37.8203619],[144.9474113,-37.8203572],[144.9473302,-37.8201218],[144.9472217,-37.8198715],[144.9476314,-37.8196331],[144.9483755,-37.8204077],[144.9483786,-37.8205508],[144.9483844,-37.8205891],[144.9478917,-37.8207354],[144.9478245,-37.8207558],[144.9475699,-37.8208222]]]}",OpenStreetMap,osm:way/70807729
1072,park,Buluk Park,-37.82038734871795,144.94069848974357,1,2880.7,"{""type"":""Polygon"",""coordinates"":[[[144.9410998,-37.8204961],[144.9410495,-37.8203871],[144.9410355,-37.8203566],[144.9409675,-37.8202094],[144.9409544,-37.820181],[144.9408997,-37.8200625],[144.9407835,-37.8200959],[144.9407594,-37.8201029],[144.9407254,-37.8201126],[144.9407315,-37.8201254],[144.9406028,-37.8201621],[144.940474,-37.8201988],[144.9404706,-37.8201887],[144.9404335,-37.8201994],[144.9404262,-37.8202015],[144.940419,-37.8202036],[144.9404142,-37.8202049],[144.940408,-37.8202067],[144.9402921,-37.8202401],[144.9403461,-37.8203571],[144.94036,-37.8203872],[144.9404276,-37.8205338],[144.9404363,-37.8205526],[144.940491,-37.8206714],[144.9405251,-37.8206616],[144.9405429,-37.8206564],[144.9405574,-37.8206523],[144.9406022,-37.8206394],[144.9406151,-37.8206356],[144.9406327,-37.8206306],[144.9406665,-37.8206205],[144.9409241,-37.8205471],[144.9409577,-37.820537],[144.9409744,-37.8205322],[144.940989,-37.820528],[144.9410337,-37.8205152],[144.9410467,-37.8205114],[144.9410662,-37.8205058],[144.9410998,-37.8204961]]]}",OpenStreetMap,osm:way/710677667
1073,covered_walkway,Covered walkway 712187003,-37.81975405,144.960007325,2,,"{""type"":""LineString"",""coordinates"":[[144.9598006,-37.8198119],[144.9599333,-37.8197746],[144.9600672,-37.8197372],[144.9602282,-37.8196925]]}",OpenStreetMap,osm:way/712187003
1074,covered_walkway,Covered walkway 712187005,-37.819603666666666,144.96052953333333,2,,"{""type"":""LineString"",""coordinates"":[[144.9602282,-37.8196925],[144.9605394,-37.819599],[144.960821,-37.8195195]]}",OpenStreetMap,osm:way/712187005
1075,park,Unnamed park 712600676,-37.82134195555555,144.9659051,1,928.6,"{""type"":""Polygon"",""coordinates"":[[[144.965778,-37.8211343],[144.9656548,-37.821164],[144.9658255,-37.8214787],[144.9659052,-37.8215311],[144.9660019,-37.8215311],[144.966198,-37.8214626],[144.9661622,-37.8213785],[144.9658423,-37.821263],[144.965778,-37.8211343]]]}",OpenStreetMap,osm:way/712600676
1076,park,Unnamed park 712600677,-37.82002776190476,144.96756019999998,1,672.2,"{""type"":""Polygon"",""coordinates"":[[[144.9678357,-37.819874],[144.9674616,-37.8199301],[144.9674365,-37.8199386],[144.9674125,-37.8199542],[144.9673972,-37.8199698],[144.9673883,-37.819985],[144.9673822,-37.8200053],[144.9673806,-37.820025],[144.9673863,-37.8200468],[144.9673952,-37.8200643],[144.9674128,-37.8200818],[144.9677026,-37.8203095],[144.9676615,-37.8202582],[144.9676328,-37.8201933],[144.9676248,-37.8201217],[144.9676383,-37.820055],[144.9676531,-37.8200251],[144.9676631,-37.8200048],[144.9677016,-37.8199571],[144.9677618,-37.8199094],[144.9678357,-37.819874]]]}",OpenStreetMap,osm:way/712600677
1077,covered_walkway,Covered walkway 722365727,-37.82184055,144.96055717500002,2,,"{""type"":""LineString"",""coordinates"":[[144.9605165,-37.8218381],[144.960543,-37.8218252],[144.9605684,-37.8218408],[144.9606008,-37.8218581]]}",OpenStreetMap,osm:way/722365727
1078,covered_walkway,Covered walkway 722365728,-37.82178545,144.9605107,2,,"{""type"":""LineString"",""coordinates"":[[144.960543,-37.8218252],[144.9604784,-37.8217457]]}",OpenStreetMap,osm:way/722365728
1079,park,Unnamed park 722664451,-37.8307140625,144.98760088125,1,1069.2,"{""type"":""Polygon"",""coordinates"":[[[144.9875785,-37.8304957],[144.9875982,-37.8305205],[144.9876358,-37.8305049],[144.9876716,-37.830574],[144.9877032,-37.830659],[144.9877243,-37.8307223],[144.987701,-37.8307261],[144.9877606,-37.8309316],[144.9876301,-37.830914],[144.9876079,-37.8308976],[144.9875989,-37.8308724],[144.9875838,-37.830848],[144.987557,-37.8308287],[144.9873261,-37.8308011],[144.9873586,-37.8306334],[144.9875785,-37.8304957]]]}",OpenStreetMap,osm:way/722664451
1080,covered_walkway,Covered walkway 728322052,-37.82045895,144.97762885,2,,"{""type"":""LineString"",""coordinates"":[[144.9773681,-37.8203782],[144.9777112,-37.8205011],[144.9777149,-37.8204887],[144.9777212,-37.8204678]]}",OpenStreetMap,osm:way/728322052
1081,park,Unnamed park 72838211,-37.824401640000005,144.98941358,1,1005.7,"{""type"":""Polygon"",""coordinates"":[[[144.9891125,-37.8242117],[144.9894077,-37.8242986],[144.9894547,-37.8243087],[144.989521,-37.8243631],[144.9896326,-37.8244546],[144.9896197,-37.8245417],[144.9896142,-37.8245789],[144.9894375,-37.8245432],[144.9892234,-37.8245042],[144.9891125,-37.8242117]]]}",OpenStreetMap,osm:way/72838211
1082,park,Scotsburn Street Reserve,-37.832451000000006,145.02824723999998,1,1091.9,"{""type"":""Polygon"",""coordinates"":[[[145.0283902,-37.8323085],[145.028111,-37.8322763],[145.0280307,-37.8326645],[145.0283141,-37.8326972],[145.0283902,-37.8323085]]]}",OpenStreetMap,osm:way/729329074
1083,park,Unnamed park 729329077,-37.8318586875,145.0288459,1,3947.4,"{""type"":""Polygon"",""coordinates"":[[[145.0292008,-37.8316996],[145.0285159,-37.8316187],[145.0279262,-37.8321514],[145.0287462,-37.8322499],[145.0288248,-37.8318138],[145.0291686,-37.8318553],[145.0291839,-37.8317812],[145.0292008,-37.8316996]]]}",OpenStreetMap,osm:way/729329077
1084,covered_walkway,Covered walkway 729452434,-37.8212578,144.94937370000002,2,,"{""type"":""LineString"",""coordinates"":[[144.9493883,-37.821247],[144.9493591,-37.8212686]]}",OpenStreetMap,osm:way/729452434
1085,covered_walkway,Covered walkway 732245051,-37.8199661,144.94985125,2,,"{""type"":""LineString"",""coordinates"":[[144.9498421,-37.8199698],[144.9498604,-37.8199624]]}",OpenStreetMap,osm:way/732245051
1086,park,H.W. Cousins Reserve,-37.7815064375,144.9055103,1,1384.1,"{""type"":""Polygon"",""coordinates"":[[[144.9051831,-37.7814382],[144.9054682,-37.7812707],[144.9056319,-37.7814436],[144.905699,-37.7814985],[144.9057664,-37.7815708],[144.9056764,-37.7816352],[144.9054743,-37.7817563],[144.9051831,-37.7814382]]]}",OpenStreetMap,osm:way/73324164
1087,park,Alexander Street Reserve,-37.79397866,144.99238522000002,1,2145.2,"{""type"":""Polygon"",""coordinates"":[[[144.9920583,-37.7938446],[144.9920193,-37.7940972],[144.9928756,-37.7941798],[144.9929146,-37.7939271],[144.9920583,-37.7938446]]]}",OpenStreetMap,osm:way/737638749
1088,park,Burndap Park,-37.78330511977401,144.89973431751412,1,164810.4,"{""type"":""Polygon"",""coordinates"":[[[144.9013892,-37.7869297],[144.9016261,-37.7869467],[144.9016752,-37.7865456],[144.9016752,-37.7864438],[144.9016323,-37.7863556],[144.9015808,-37.7862946],[144.901495,-37.7862471],[144.9013748,-37.7861996],[144.901325,-37.7861932],[144.9013041,-37.7861908],[144.9009213,-37.786139],[144.9008919,-37.7861356],[144.9005594,-37.7860911],[144.9004479,-37.7860572],[144.9003792,-37.7859894],[144.9003449,-37.7859147],[144.9003277,-37.7856095],[144.9003449,-37.7855552],[144.9003964,-37.785501],[144.9007762,-37.7853348],[144.9007926,-37.7853284],[144.9012032,-37.7851347],[144.901215,-37.7850406],[144.9011506,-37.7847446],[144.9010905,-37.7845513],[144.9010316,-37.7843758],[144.9009355,-37.7842282],[144.900754,-37.784027],[144.900464,-37.7837741],[144.9003459,-37.7836989],[144.900009,-37.783609],[144.8996953,-37.7834233],[144.8991711,-37.7830989],[144.8989504,-37.7829717],[144.8988136,-37.7829108],[144.8983359,-37.7827526],[144.8982532,-37.7827356],[144.8980927,-37.7826823],[144.8982231,-37.7825919],[144.8983306,-37.7825269],[144.8985682,-37.7822246],[144.8986883,-37.7821499],[144.89886,-37.7821092],[144.8989716,-37.7821499],[144.8992891,-37.7822517],[144.8993836,-37.7822856],[144.8995037,-37.7822653],[144.899744,-37.7823806],[144.8998985,-37.782462],[144.9000101,-37.7825841],[144.9000421,-37.7826178],[144.9000616,-37.7826384],[144.9000812,-37.7826508],[144.9001474,-37.7826926],[144.9003277,-37.7827401],[144.9004994,-37.7827944],[144.9006367,-37.7828826],[144.9007139,-37.7830047],[144.9007998,-37.7831471],[144.9009113,-37.783276],[144.901083,-37.7834117],[144.9012375,-37.7834863],[144.9013834,-37.7835066],[144.9015465,-37.7835473],[144.9016323,-37.783622],[144.9017267,-37.7836898],[144.901804,-37.7837102],[144.9018726,-37.7836898],[144.9020615,-37.7838119],[144.9020701,-37.7839204],[144.902113,-37.7839951],[144.9022074,-37.7841579],[144.902319,-37.7842189],[144.9028168,-37.7847141],[144.9029198,-37.7848498],[144.9035125,-37.7850405],[144.9038194,-37.7851393],[144.9037945,-37.7850532],[144.903743,-37.7848904],[144.9036915,-37.7847548],[144.9036229,-37.7846191],[144.903537,-37.7844834],[144.9034255,-37.7843613],[144.9033225,-37.7842664],[144.9031851,-37.7841714],[144.9030478,-37.78409],[144.9028779,-37.783959],[144.9026657,-37.7838251],[144.9024542,-37.7836769],[144.9023388,-37.7835709],[144.9022291,-37.7835245],[144.902114,-37.78354],[144.9019606,-37.7833398],[144.901901,-37.7832316],[144.9018056,-37.7831557],[144.901649,-37.7830302],[144.9014038,-37.7828688],[144.9011331,-37.7827033],[144.9004547,-37.7823221],[144.9001534,-37.7821636],[144.8998946,-37.7820006],[144.8996867,-37.7818986],[144.8993905,-37.7817036],[144.8991581,-37.7815489],[144.8989753,-37.7814408],[144.8988412,-37.7813581],[144.8986558,-37.7812725],[144.8984254,-37.7811838],[144.8981898,-37.7810571],[144.8980204,-37.7809809],[144.8978706,-37.7809022],[144.8977165,-37.7807952],[144.8976027,-37.7806861],[144.8974978,-37.7805609],[144.8973951,-37.780426],[144.8973338,-37.7803193],[144.8972414,-37.7801609],[144.8971268,-37.7799485],[144.8970059,-37.7797508],[144.8968833,-37.7794957],[144.896829,-37.7792983],[144.8968105,-37.7791027],[144.8967702,-37.7788582],[144.896767,-37.7785957],[144.8966929,-37.7785996],[144.8964297,-37.7786311],[144.8952817,-37.7783558],[144.8944212,-37.7781494],[144.8944252,-37.7803979],[144.8941204,-37.7803971],[144.8939734,-37.7800838],[144.8935637,-37.7800205],[144.8933365,-37.7801296],[144.8933276,-37.7803619],[144.8943641,-37.781015],[144.8948252,-37.7809453],[144.8948432,-37.7810043],[144.8949156,-37.7812411],[144.8949976,-37.7812255],[144.8959412,-37.7810454],[144.8961242,-37.7811337],[144.896601,-37.7826901],[144.8964658,-37.782865],[144.8954786,-37.7830534],[144.895533,-37.7831922],[144.8977481,-37.7827374],[144.8981145,-37.7829258],[144.8981757,-37.7831086],[144.8982679,-37.7829752],[144.8991666,-37.7833729],[144.8992199,-37.7834234],[144.8992912,-37.7835588],[144.8992141,-37.7836659],[144.8993772,-37.7837398],[144.8994508,-37.783858],[144.8994114,-37.7840896],[144.8996031,-37.7841133],[144.9001411,-37.7838553],[144.900215,-37.7838454],[144.9002862,-37.7838677],[144.9009978,-37.7848658],[144.9009989,-37.7849271],[144.9009667,-37.7849925],[144.9001424,-37.7854102],[144.9000696,-37.7854624],[144.9000335,-37.7855547],[144.9000593,-37.7860664],[144.9000817,-37.7860656],[144.9001169,-37.7860643],[144.900127,-37.7862236],[144.900401,-37.7862259],[144.9013896,-37.786363],[144.9015087,-37.7865146],[144.9014986,-37.7866597],[144.9013538,-37.7866472],[144.9013068,-37.786712],[144.9013892,-37.7869297]]]}",OpenStreetMap,osm:way/738383242
1089,covered_walkway,Covered walkway 738512211,-37.79389973333333,144.9306855,2,,"{""type"":""LineString"",""coordinates"":[[144.9307298,-37.7938917],[144.9307199,-37.7938931],[144.9306068,-37.7939144]]}",OpenStreetMap,osm:way/738512211
1090,covered_walkway,Covered walkway 749992036,-37.788229,144.92920414999998,2,,"{""type"":""LineString"",""coordinates"":[[144.9292496,-37.7882319],[144.9291587,-37.7882261]]}",OpenStreetMap,osm:way/749992036
1091,covered_walkway,Covered walkway 751006321,-37.81827925,144.95022625,2,,"{""type"":""LineString"",""coordinates"":[[144.9503767,-37.8182197],[144.9500758,-37.8183388]]}",OpenStreetMap,osm:way/751006321
1092,covered_walkway,Covered walkway 751006327,-37.8182263,144.94859485,2,,"{""type"":""LineString"",""coordinates"":[[144.9486295,-37.8182946],[144.9485602,-37.818158]]}",OpenStreetMap,osm:way/751006327
1093,covered_walkway,Covered walkway 751009338,-37.814794840000005,144.94736228,2,,"{""type"":""LineString"",""coordinates"":[[144.9474332,-37.8149836],[144.9474405,-37.8149133],[144.9474779,-37.8147818],[144.9472475,-37.8146664],[144.9472123,-37.8146291]]}",OpenStreetMap,osm:way/751009338
1094,covered_walkway,Covered walkway 751009339,-37.8148031,144.94761112499998,2,,"{""type"":""LineString"",""coordinates"":[[144.9475326,-37.8145522],[144.9474779,-37.8147818],[144.9476847,-37.8149147],[144.9477493,-37.8149637]]}",OpenStreetMap,osm:way/751009339
1095,park,Unnamed park 753219368,-37.79406649473684,144.96245743157894,1,1744.9,"{""type"":""Polygon"",""coordinates"":[[[144.9626425,-37.7943844],[144.9626466,-37.7943538],[144.9626447,-37.7943049],[144.9626362,-37.7942565],[144.9626232,-37.7942073],[144.9626033,-37.7941596],[144.9625734,-37.7941053],[144.9625505,-37.7940732],[144.9624808,-37.7940058],[144.9623869,-37.793938],[144.9622743,-37.7938701],[144.9621402,-37.7938171],[144.9620074,-37.7937748],[144.9619001,-37.7937472],[144.9618478,-37.793726],[144.9618438,-37.7937059],[144.9618532,-37.7936879],[144.961876,-37.7936698],[144.9619457,-37.7936518],[144.9620355,-37.7936592],[144.9621978,-37.7937027],[144.9623266,-37.7937461],[144.9624634,-37.7938065],[144.9625747,-37.7938807],[144.962682,-37.7939719],[144.962745,-37.7940673],[144.9627906,-37.7941817],[144.9628229,-37.794262],[144.9628165,-37.794305],[144.9628053,-37.7943386],[144.9627912,-37.7943616],[144.9627683,-37.7943805],[144.9627429,-37.7943991],[144.9627175,-37.794407],[144.9626767,-37.7944177],[144.9626624,-37.7944169],[144.962644,-37.7943985],[144.9626425,-37.7943844]]]}",OpenStreetMap,osm:way/753219368
1096,square,Old Scotch Square,-37.83453768461538,145.02957416923076,1,,"{""type"":""Polygon"",""coordinates"":[[[145.0295732,-37.8344449],[145.0295636,-37.8344893],[145.0295082,-37.8344819],[145.0294887,-37.8345723],[145.0295475,-37.8345802],[145.0295281,-37.8346701],[145.0295671,-37.8346755],[145.0295851,-37.8345875],[145.0296488,-37.8345957],[145.029668,-37.8345032],[145.0296011,-37.8344945],[145.0296116,-37.8344499],[145.0295732,-37.8344449]]]}",OpenStreetMap,osm:way/756854085
1097,park,Unnamed park 76067610,-37.779787815384616,144.97656903461538,1,7085.2,"{""type"":""Polygon"",""coordinates"":[[[144.9748544,-37.779546],[144.9751325,-37.77958],[144.9753014,-37.7795976],[144.9754778,-37.7796188],[144.9756468,-37.7796393],[144.9757911,-37.7796563],[144.9758091,-37.7795605],[144.9758673,-37.7795673],[144.9761282,-37.779598],[144.9761033,-37.7797303],[144.9768719,-37.7798207],[144.9769031,-37.7796549],[144.9770951,-37.7796775],[144.9770636,-37.7798446],[144.9771781,-37.7798581],[144.9771624,-37.7799415],[144.9775153,-37.7799831],[144.9778105,-37.7800178],[144.9778125,-37.7800072],[144.9778634,-37.7800132],[144.9778977,-37.7800172],[144.9779376,-37.7800219],[144.9779681,-37.7800255],[144.9779419,-37.7801644],[144.9748074,-37.7797955],[144.9748544,-37.779546]]]}",OpenStreetMap,osm:way/76067610
1098,covered_walkway,Covered walkway 764849079,-37.82477875,144.96626479999998,2,,"{""type"":""LineString"",""coordinates"":[[144.9662545,-37.8248149],[144.9662751,-37.8247426]]}",OpenStreetMap,osm:way/764849079
1099,covered_walkway,Covered walkway 769793479,-37.78182555,144.93290539999998,2,,"{""type"":""LineString"",""coordinates"":[[144.9328937,-37.7818278],[144.9329171,-37.7818233]]}",OpenStreetMap,osm:way/769793479
1100,covered_walkway,Covered walkway 778483427,-37.8173769,144.96921713333333,2,,"{""type"":""LineString"",""coordinates"":[[144.9691998,-37.8172845],[144.9692041,-37.8173733],[144.9692475,-37.8174729]]}",OpenStreetMap,osm:way/778483427
1101,covered_walkway,Covered walkway 778483430,-37.81761305,144.9693316,2,,"{""type"":""LineString"",""coordinates"":[[144.9693119,-37.8175787],[144.9693513,-37.8176474]]}",OpenStreetMap,osm:way/778483430
1102,park,Jensen Reserve,-37.78956312,144.90135437,1,13832.7,"{""type"":""Polygon"",""coordinates"":[[[144.9009877,-37.7889169],[144.9009573,-37.7890841],[144.900864,-37.7895978],[144.9008614,-37.7901422],[144.9010192,-37.7901777],[144.9014663,-37.7900531],[144.9018001,-37.7899398],[144.9022524,-37.7897438],[144.9023476,-37.7890589],[144.9009877,-37.7889169]]]}",OpenStreetMap,osm:way/778989883
1103,covered_walkway,Covered walkway 785341021,-37.794206300000006,144.93023713333332,2,,"{""type"":""LineString"",""coordinates"":[[144.9302799,-37.7943799],[144.9302382,-37.7942106],[144.9301933,-37.7940284]]}",OpenStreetMap,osm:way/785341021
1104,covered_walkway,Covered walkway 785341023,-37.79389315,144.93016045000002,2,,"{""type"":""LineString"",""coordinates"":[[144.9301791,-37.7939695],[144.9301418,-37.7938168]]}",OpenStreetMap,osm:way/785341023
1105,covered_walkway,Covered walkway 785341025,-37.79368625,144.9301116,2,,"{""type"":""LineString"",""coordinates"":[[144.9301173,-37.793709],[144.9301059,-37.7936635]]}",OpenStreetMap,osm:way/785341025
1106,covered_walkway,Covered walkway 785341027,-37.7935448,144.93007695,2,,"{""type"":""LineString"",""coordinates"":[[144.9300921,-37.7936025],[144.9300618,-37.7934871]]}",OpenStreetMap,osm:way/785341027
1107,covered_walkway,Covered walkway 785593629,-37.78800205,144.92913465,2,,"{""type"":""LineString"",""coordinates"":[[144.9290381,-37.7879937],[144.9292312,-37.7880104]]}",OpenStreetMap,osm:way/785593629
1108,covered_walkway,Covered walkway 785595124,-37.78857703333333,144.93036563333334,2,,"{""type"":""LineString"",""coordinates"":[[144.9303492,-37.788682],[144.9303509,-37.7886628],[144.9303968,-37.7883863]]}",OpenStreetMap,osm:way/785595124
1109,park,Twickenham Crescent Reserve,-37.82973204,145.01190084,1,1790.3,"{""type"":""Polygon"",""coordinates"":[[[145.0123852,-37.8296705],[145.0115353,-37.8300495],[145.0115915,-37.8296833],[145.011607,-37.8295864],[145.0123852,-37.8296705]]]}",OpenStreetMap,osm:way/791645060
1110,park,Wharf Landing Park,-37.8219964,144.93638341904762,1,1983.8,"{""type"":""Polygon"",""coordinates"":[[[144.9360605,-37.8220798],[144.9361183,-37.821986],[144.9361734,-37.8218964],[144.9361957,-37.8218563],[144.9364409,-37.8217916],[144.9364688,-37.821782],[144.936477,-37.8217583],[144.9365125,-37.8217669],[144.9365791,-37.8217831],[144.9367814,-37.8218321],[144.9367066,-37.8220353],[144.9366794,-37.8221092],[144.9366531,-37.822194],[144.9364571,-37.8221525],[144.9364438,-37.8221497],[144.9363189,-37.822143],[144.9362532,-37.8221368],[144.9362407,-37.8221341],[144.936226,-37.822131],[144.9362049,-37.8221265],[144.9360605,-37.8220798]]]}",OpenStreetMap,osm:way/795507734
1111,park,Unnamed park 795507735,-37.82246022,144.93645787999998,1,535.3,"{""type"":""Polygon"",""coordinates"":[[[144.9364593,-37.8222966],[144.936322,-37.8226754],[144.9364557,-37.8227056],[144.9365931,-37.8223269],[144.9364593,-37.8222966]]]}",OpenStreetMap,osm:way/795507735
1112,park,Unnamed park 826337872,-37.84327151,144.95794568,1,4709.7,"{""type"":""Polygon"",""coordinates"":[[[144.9572517,-37.8439829],[144.9572753,-37.8439886],[144.9572988,-37.8439855],[144.9591428,-37.8423332],[144.9590945,-37.8422146],[144.9588049,-37.8423417],[144.9585648,-37.8425994],[144.9575807,-37.8434678],[144.9571916,-37.8438185],[144.9572517,-37.8439829]]]}",OpenStreetMap,osm:way/826337872
1113,park,Aberdeen Road Reserve,-37.85224132857143,145.00372305714285,1,640.2,"{""type"":""Polygon"",""coordinates"":[[[145.0036927,-37.8520491],[145.0036264,-37.8524787],[145.0036517,-37.8524822],[145.0037762,-37.8524992],[145.0038419,-37.8520698],[145.0037798,-37.8520612],[145.0036927,-37.8520491]]]}",OpenStreetMap,osm:way/826837245
1114,covered_walkway,Covered walkway 833355128,-37.82000845,144.94364395,2,,"{""type"":""LineString"",""coordinates"":[[144.9437232,-37.8199863],[144.9435647,-37.8200306]]}",OpenStreetMap,osm:way/833355128
1115,library,Albert Park Library,-37.8413870625,144.95633145,1,,"{""type"":""Polygon"",""coordinates"":[[[144.9562331,-37.841502],[144.9561163,-37.8412447],[144.9561677,-37.8412032],[144.9565658,-37.8412641],[144.956518,-37.8414531],[144.9564117,-37.8414715],[144.9564059,-37.8414559],[144.9562331,-37.841502]]]}",OpenStreetMap,osm:way/835446096
1116,covered_walkway,Covered walkway 835459748,-37.7950228,144.94157766666666,2,,"{""type"":""LineString"",""coordinates"":[[144.9416296,-37.7947126],[144.9415824,-37.7949944],[144.941521,-37.7953614]]}",OpenStreetMap,osm:way/835459748
1117,covered_walkway,Covered walkway 835683025,-37.79837785,144.94668595000002,2,,"{""type"":""LineString"",""coordinates"":[[144.9469281,-37.7984073],[144.9464438,-37.7983484]]}",OpenStreetMap,osm:way/835683025
1118,park,Cyril Letts Reserve,-37.83610034347826,144.9240483521739,1,5362.8,"{""type"":""Polygon"",""coordinates"":[[[144.9250947,-37.8363511],[144.9236125,-37.8362462],[144.9236011,-37.8362438],[144.9235866,-37.8362361],[144.9235779,-37.836226],[144.923573,-37.836213],[144.9235733,-37.8361984],[144.9235784,-37.8361863],[144.9235912,-37.8361751],[144.9236334,-37.8361436],[144.923674,-37.8361176],[144.9237247,-37.8360912],[144.9237759,-37.8360686],[144.9238309,-37.8360484],[144.9238921,-37.8360316],[144.9239624,-37.8360162],[144.9240645,-37.8359969],[144.9241816,-37.8359739],[144.9243765,-37.8359344],[144.9247886,-37.835854],[144.9251547,-37.8357834],[144.9251694,-37.835821],[144.9250947,-37.8363511]]]}",OpenStreetMap,osm:way/83580713
1119,park,Fred Jackson Reserve,-37.83834393571429,144.9199097642857,1,12878.7,"{""type"":""Polygon"",""coordinates"":[[[144.9189044,-37.8389571],[144.9189312,-37.8388173],[144.9190868,-37.8386097],[144.919355,-37.8384445],[144.9194355,-37.838364],[144.9195168,-37.8377888],[144.9195404,-37.837755],[144.9195707,-37.8377393],[144.919643,-37.8377312],[144.9197788,-37.8377242],[144.9199275,-37.8377314],[144.9201275,-37.8377497],[144.9202823,-37.8377868],[144.9203362,-37.8378078],[144.9203595,-37.8378267],[144.9203751,-37.8378506],[144.9202991,-37.8384215],[144.9203022,-37.8384583],[144.9203175,-37.8384934],[144.9204494,-37.8386004],[144.9205406,-37.8386902],[144.9205864,-37.8387564],[144.9206292,-37.8388423],[144.9206532,-37.8389274],[144.9204064,-37.8389274],[144.9198915,-37.8389316],[144.9193228,-37.8389401],[144.9189044,-37.8389571]]]}",OpenStreetMap,osm:way/83581567
1120,park,Athol J Brown Reserve,-37.82822335714285,145.00726582857143,1,613.9,"{""type"":""Polygon"",""coordinates"":[[[145.0071247,-37.8283395],[145.0073379,-37.8283649],[145.0073527,-37.8283029],[145.0073091,-37.8282987],[145.0073755,-37.8279401],[145.0072362,-37.8279779],[145.0071247,-37.8283395]]]}",OpenStreetMap,osm:way/843554287
1121,covered_walkway,Covered walkway 853329272,-37.78787383333333,145.01119376666668,2,,"{""type"":""LineString"",""coordinates"":[[145.0111725,-37.7878756],[145.0111979,-37.7878735],[145.0112109,-37.7878724]]}",OpenStreetMap,osm:way/853329272
1122,covered_walkway,Covered walkway 85526400,-37.82040103333333,144.9680961111111,2,,"{""type"":""LineString"",""coordinates"":[[144.9682847,-37.8203325],[144.9682608,-37.8203399],[144.9682146,-37.8203697],[144.9681616,-37.8204006],[144.9681066,-37.8204207],[144.9680275,-37.8204347],[144.9679829,-37.8204361],[144.9679195,-37.8204326],[144.9679068,-37.8204425]]}",OpenStreetMap,osm:way/85526400
1123,covered_walkway,Covered walkway 85526405,-37.82004483333333,144.9671364666667,2,,"{""type"":""LineString"",""coordinates"":[[144.9671692,-37.8201037],[144.9671222,-37.8200192],[144.967118,-37.8200116]]}",OpenStreetMap,osm:way/85526405
1124,covered_walkway,Covered walkway 857155140,-37.8116553,144.94564284,2,,"{""type"":""LineString"",""coordinates"":[[144.9459825,-37.8115276],[144.9456395,-37.8116561],[144.9456201,-37.8116638],[144.9456037,-37.8116703],[144.9453684,-37.8117587]]}",OpenStreetMap,osm:way/857155140
1125,park,Sol Green Reserve,-37.83358233,144.9517566,1,5419.8,"{""type"":""Polygon"",""coordinates"":[[[144.9521337,-37.8340243],[144.9519245,-37.833785],[144.951667,-37.8335774],[144.9513478,-37.8334587],[144.9512338,-37.8334174],[144.95121,-37.8333528],[144.9514524,-37.8332469],[144.9520022,-37.832999],[144.9524609,-37.8339375],[144.9521337,-37.8340243]]]}",OpenStreetMap,osm:way/859052997
1126,park,Unnamed park 863448276,-37.82722925,145.02568868333333,1,1198.3,"{""type"":""Polygon"",""coordinates"":[[[145.0255661,-37.8270969],[145.0259837,-37.8271427],[145.0259053,-37.8275895],[145.0255631,-37.8272481],[145.0255478,-37.8272014],[145.0255661,-37.8270969]]]}",OpenStreetMap,osm:way/863448276
1127,square,Unnamed square 866465120,-37.81428697894737,144.94508290526315,1,,"{""type"":""Polygon"",""coordinates"":[[[144.9448115,-37.8141296],[144.9449246,-37.8143765],[144.9449525,-37.8144415],[144.9450165,-37.8144255],[144.9450009,-37.8143877],[144.9450578,-37.8143726],[144.9450513,-37.8143573],[144.9451849,-37.8143218],[144.9452064,-37.8143753],[144.9453855,-37.8143273],[144.9453617,-37.8142637],[144.9453506,-37.814234],[144.9453006,-37.8142467],[144.9452792,-37.8142523],[144.9450282,-37.8143174],[144.9450035,-37.814258],[144.94495,-37.8141304],[144.944898,-37.8141054],[144.9448115,-37.8141296]]]}",OpenStreetMap,osm:way/866465120
1128,park,Unnamed park 88288941,-37.791479525,144.9580317,1,903.8,"{""type"":""Polygon"",""coordinates"":[[[144.9578596,-37.7913441],[144.9582343,-37.7913702],[144.9581733,-37.7918597],[144.9578596,-37.7913441]]]}",OpenStreetMap,osm:way/88288941
1129,park,The Avenue Reserve,-37.77858758333333,144.95962436666665,1,1822.2,"{""type"":""Polygon"",""coordinates"":[[[144.9598308,-37.7783111],[144.959756,-37.7783403],[144.9593932,-37.7787092],[144.9591991,-37.7789022],[144.9597363,-37.7789516],[144.9598308,-37.7783111]]]}",OpenStreetMap,osm:way/88357267
1130,park,Market Street Park,-37.81778922222222,144.96018896666666,1,1719.9,"{""type"":""Polygon"",""coordinates"":[[[144.9601397,-37.8176563],[144.9601124,-37.8176646],[144.9599271,-37.8177188],[144.9598668,-37.8175848],[144.9602592,-37.81747],[144.9605907,-37.8182019],[144.9603961,-37.8182132],[144.960269,-37.8179371],[144.9601397,-37.8176563]]]}",OpenStreetMap,osm:way/900738753
1131,park,See Yup temple garden,-37.83702872,144.96320594,1,695.5,"{""type"":""Polygon"",""coordinates"":[[[144.9630288,-37.837001],[144.9631055,-37.8371715],[144.9634739,-37.8370725],[144.9633927,-37.8368976],[144.9630288,-37.837001]]]}",OpenStreetMap,osm:way/905625015
1132,covered_walkway,Covered walkway 921144488,-37.8152111,144.96564195000002,2,,"{""type"":""LineString"",""coordinates"":[[144.965638,-37.8152019],[144.9656459,-37.8152203]]}",OpenStreetMap,osm:way/921144488
1133,covered_walkway,Frederick Way,-37.80963742,144.9568647,2,,"{""type"":""LineString"",""coordinates"":[[144.9568248,-37.8098918],[144.9568511,-37.8097155],[144.9568691,-37.8096092],[144.9568879,-37.8094943],[144.9568906,-37.8094763]]}",OpenStreetMap,osm:way/922324675
1134,park,Skinny Park,-37.79534926153846,144.93078086923077,1,1437.2,"{""type"":""Polygon"",""coordinates"":[[[144.9306433,-37.7947601],[144.9307584,-37.7954647],[144.9307531,-37.795465],[144.9307086,-37.7954675],[144.9309128,-37.7961543],[144.9309278,-37.7961519],[144.9309626,-37.7961505],[144.9308815,-37.7954489],[144.9308107,-37.7951265],[144.9307881,-37.7950776],[144.930705,-37.7947544],[144.9306561,-37.7947589],[144.9306433,-37.7947601]]]}",OpenStreetMap,osm:way/92386292
1135,park,Robertson Street Reserve,-37.7932283,144.9323191,1,893.4,"{""type"":""Polygon"",""coordinates"":[[[144.9321707,-37.7933256],[144.9324923,-37.7933612],[144.9325417,-37.7930823],[144.9322201,-37.7930468],[144.9321707,-37.7933256]]]}",OpenStreetMap,osm:way/92808351
1136,park,Unnamed park 92809884,-37.787684354545455,144.9287825909091,1,673.6,"{""type"":""Polygon"",""coordinates"":[[[144.928787,-37.7878979],[144.9287475,-37.7879128],[144.9286828,-37.7876049],[144.9286461,-37.7874302],[144.928727,-37.7874234],[144.9288164,-37.7874898],[144.9288419,-37.7875921],[144.9288486,-37.7876077],[144.9288846,-37.7878123],[144.9288396,-37.7878589],[144.928787,-37.7878979]]]}",OpenStreetMap,osm:way/92809884
1137,covered_walkway,Covered walkway 930126884,-37.8183678,144.9755004,2,,"{""type"":""LineString"",""coordinates"":[[144.9753801,-37.8183614],[144.9756207,-37.8183742]]}",OpenStreetMap,osm:way/930126884
1138,covered_walkway,Covered walkway 930126887,-37.81834498333333,144.97624391666668,2,,"{""type"":""LineString"",""coordinates"":[[144.9758837,-37.8183672],[144.9758982,-37.8183551],[144.9762576,-37.818318],[144.9764152,-37.8183359],[144.9764786,-37.8183436],[144.9765302,-37.8183501]]}",OpenStreetMap,osm:way/930126887
1139,park,Nursery Enclosure,-37.78517140769231,144.9110904653846,1,49615.9,"{""type"":""Polygon"",""coordinates"":[[[144.9129642,-37.785662],[144.9126774,-37.7850375],[144.9124197,-37.7846585],[144.9122245,-37.7844619],[144.9120532,-37.7842535],[144.9120041,-37.7841311],[144.9120249,-37.7840098],[144.9120622,-37.7839533],[144.9120383,-37.7839309],[144.9115423,-37.7840546],[144.9108675,-37.7843288],[144.9104817,-37.7845643],[144.9100974,-37.7848115],[144.9099142,-37.7850387],[144.9097519,-37.7852624],[144.9096476,-37.7854849],[144.9095731,-37.7857709],[144.909582,-37.7859511],[144.9096716,-37.7862273],[144.9099333,-37.7860983],[144.9100349,-37.7863466],[144.9101302,-37.7863242],[144.9101764,-37.7864314],[144.9112044,-37.7861513],[144.9123109,-37.7858498],[144.9129642,-37.785662]]]}",OpenStreetMap,osm:way/93507531
1140,park,Unnamed park 93511787,-37.786348275,144.917067175,1,64362.8,"{""type"":""Polygon"",""coordinates"":[[[144.9138801,-37.786598],[144.9144097,-37.7878097],[144.9145368,-37.7878578],[144.9191763,-37.7869014],[144.9192134,-37.7868345],[144.9191789,-37.7867382],[144.9188903,-37.7863322],[144.9186923,-37.7861719],[144.9184401,-37.7860308],[144.9181235,-37.7859353],[144.9178643,-37.7858926],[144.9176983,-37.7858773],[144.9174545,-37.7858633],[144.9171893,-37.7858631],[144.917089,-37.7858643],[144.9168391,-37.7858824],[144.9164858,-37.7859262],[144.916274,-37.785966],[144.9160277,-37.7860225],[144.9138801,-37.786598]]]}",OpenStreetMap,osm:way/93511787
1141,park,Kew Recreation Reserve,-37.788350558108114,145.0344256554054,1,201920.5,"{""type"":""Polygon"",""coordinates"":[[[145.0278056,-37.7903103],[145.028702,-37.7904964],[145.0293051,-37.7905063],[145.0304058,-37.7905512],[145.0306891,-37.790519],[145.0321435,-37.7904354],[145.0340097,-37.7903282],[145.0365309,-37.7902349],[145.0395028,-37.7902222],[145.0423191,-37.7902646],[145.0433596,-37.7900142],[145.0431747,-37.7897738],[145.0435556,-37.7887966],[145.044662,-37.7889326],[145.0439925,-37.7877456],[145.0431579,-37.7870861],[145.0429078,-37.7871222],[145.0426611,-37.7870915],[145.0422758,-37.7869539],[145.0422099,-37.7868805],[145.0421305,-37.7867216],[145.0419919,-37.7863392],[145.0418315,-37.7860953],[145.0417452,-37.7860509],[145.0416338,-37.7860205],[145.041493,-37.7860636],[145.0412992,-37.7861901],[145.0411759,-37.7863784],[145.0410795,-37.7865226],[145.0410508,-37.7866962],[145.0411133,-37.7868725],[145.0412198,-37.787002],[145.0415789,-37.7873437],[145.0418097,-37.787721],[145.0418524,-37.787933],[145.0418417,-37.7884036],[145.0415252,-37.7892853],[145.0412355,-37.7896669],[145.0405543,-37.7898449],[145.0365932,-37.7899071],[145.0331616,-37.7900797],[145.0323909,-37.7901167],[145.0320822,-37.79011],[145.0318715,-37.7900645],[145.031203,-37.7897634],[145.0308028,-37.7894993],[145.030099,-37.7890734],[145.0294928,-37.7886367],[145.0291678,-37.7882274],[145.0288598,-37.78781],[145.0284468,-37.7871784],[145.0282404,-37.7870123],[145.028123,-37.786986],[145.0279896,-37.7869953],[145.0277733,-37.786998],[145.0273685,-37.7870385],[145.0271177,-37.7870674],[145.0264608,-37.7870753],[145.0261347,-37.7870851],[145.0255243,-37.7869265],[145.0256056,-37.7872249],[145.0256068,-37.7875668],[145.0256081,-37.7878156],[145.0257914,-37.788217],[145.025843,-37.7881888],[145.0260703,-37.7880644],[145.027229,-37.7882764],[145.0272692,-37.7883444],[145.0279425,-37.7894242],[145.0282125,-37.7893571],[145.028662,-37.7899778],[145.0279715,-37.7900052],[145.0274447,-37.7901006],[145.0278056,-37.7903103]]]}",OpenStreetMap,osm:way/94670986
1142,park,Unnamed park 948315726,-37.83812791,144.93777509,1,2738.3,"{""type"":""Polygon"",""coordinates"":[[[144.9373328,-37.8377823],[144.9371625,-37.8378765],[144.9384191,-37.8387323],[144.9386042,-37.8385512],[144.9379448,-37.838168],[144.9378997,-37.838147],[144.937754,-37.8381078],[144.9376879,-37.8380868],[144.9376131,-37.8380449],[144.9373328,-37.8377823]]]}",OpenStreetMap,osm:way/948315726
1143,park,Morley Mews Reserve,-37.83907022222222,144.93308042222222,1,573.7,"{""type"":""Polygon"",""coordinates"":[[[144.9332908,-37.8390824],[144.9331313,-37.8392516],[144.9328523,-37.8390875],[144.9329055,-37.8390311],[144.9329519,-37.8390584],[144.9330196,-37.8389866],[144.9331215,-37.8390465],[144.9331601,-37.8390055],[144.9332908,-37.8390824]]]}",OpenStreetMap,osm:way/948577173
1144,covered_walkway,Covered walkway 952562523,-37.8195116,144.9616175,2,,"{""type"":""LineString"",""coordinates"":[[144.9616212,-37.819594],[144.9616138,-37.8194292]]}",OpenStreetMap,osm:way/952562523
1145,covered_walkway,Covered walkway 956227105,-37.82248925,145.0137611,2,,"{""type"":""LineString"",""coordinates"":[[145.0137257,-37.8224855],[145.0137965,-37.822493]]}",OpenStreetMap,osm:way/956227105
1146,covered_walkway,Covered walkway 956227110,-37.82286225,145.01370795,2,,"{""type"":""LineString"",""coordinates"":[[145.0136643,-37.8228576],[145.0137516,-37.8228669]]}",OpenStreetMap,osm:way/956227110
1147,park,Kirrip Park,-37.82875486428571,144.95254655,1,8116.3,"{""type"":""Polygon"",""coordinates"":[[[144.9520815,-37.8286764],[144.9520402,-37.8286567],[144.952065,-37.8286361],[144.952077,-37.8286138],[144.952071,-37.8285868],[144.952047,-37.8285546],[144.9528602,-37.8280953],[144.9530996,-37.8286361],[144.9530339,-37.8286657],[144.953214,-37.8290284],[144.9530961,-37.8290743],[144.953088,-37.829248],[144.9527967,-37.8294195],[144.9520815,-37.8286764]]]}",OpenStreetMap,osm:way/965334504
1148,park,Michelle Guglielmo Park,-37.77186805714286,144.96166058571427,1,569.3,"{""type"":""Polygon"",""coordinates"":[[[144.9618066,-37.7719496],[144.9618334,-37.771802],[144.9617191,-37.77179],[144.9614411,-37.7717577],[144.9614167,-37.7719023],[144.9616006,-37.7719252],[144.9618066,-37.7719496]]]}",OpenStreetMap,osm:way/966344287
1149,park,Unnamed park 966655857,-37.7713971,144.9617186882353,1,618.6,"{""type"":""Polygon"",""coordinates"":[[[144.9617246,-37.7712309],[144.9615305,-37.7712071],[144.9615052,-37.7713512],[144.9614857,-37.7714629],[144.9615072,-37.7714806],[144.9615866,-37.7714891],[144.9618248,-37.7715153],[144.9618892,-37.7715225],[144.9619534,-37.7715297],[144.9619688,-37.7714317],[144.9618622,-37.7714188],[144.9618416,-37.7714163],[144.9618332,-37.7714614],[144.9616183,-37.7714363],[144.9616476,-37.7712791],[144.9617142,-37.7712869],[144.9617246,-37.7712309]]]}",OpenStreetMap,osm:way/966655857
1150,park,Unnamed park 969464608,-37.81521676875,144.99145374375,1,609.3,"{""type"":""Polygon"",""coordinates"":[[[144.9915612,-37.8150154],[144.9915916,-37.8150291],[144.9915548,-37.8152028],[144.9915431,-37.8152741],[144.9915249,-37.8153149],[144.9915007,-37.8153405],[144.9914599,-37.8153614],[144.9914186,-37.8153675],[144.9913686,-37.8153665],[144.9912255,-37.8153502],[144.9912298,-37.8153451],[144.9913405,-37.8152129],[144.9914407,-37.8150825],[144.9914445,-37.815084],[144.9914943,-37.815106],[144.9915612,-37.8150154]]]}",OpenStreetMap,osm:way/969464608
1151,covered_walkway,Covered walkway 970767677,-37.8427666,144.93231476666668,2,,"{""type"":""LineString"",""coordinates"":[[144.9321296,-37.842977],[144.9321662,-37.8429373],[144.9322828,-37.8427973],[144.9324105,-37.8426612],[144.9324412,-37.8426223],[144.9324583,-37.8426045]]}",OpenStreetMap,osm:way/970767677
1152,park,Enterprize Park,-37.82019236,144.9594844,1,1581.5,"{""type"":""Polygon"",""coordinates"":[[[144.9591932,-37.8201609],[144.959853,-37.8199638],[144.9599167,-37.8200369],[144.9599194,-37.8200978],[144.9598134,-37.8201296],[144.959621,-37.8202398],[144.9591154,-37.8204372],[144.9590906,-37.8204469],[144.9591281,-37.8202498],[144.9591932,-37.8201609]]]}",OpenStreetMap,osm:way/972303149
1153,covered_walkway,Covered walkway 978879726,-37.8291371,144.98810635,2,,"{""type"":""LineString"",""coordinates"":[[144.9880773,-37.8292992],[144.9881354,-37.828975]]}",OpenStreetMap,osm:way/978879726
1154,covered_walkway,Covered walkway 985003631,-37.81152605,144.94598760000002,2,,"{""type"":""LineString"",""coordinates"":[[144.9459927,-37.8115245],[144.9459825,-37.8115276]]}",OpenStreetMap,osm:way/985003631
1155,park,Unnamed park 985093403,-37.804794025,144.970009555,1,989.0,"{""type"":""Polygon"",""coordinates"":[[[144.9696565,-37.8049036],[144.9703846,-37.8049852],[144.970419,-37.8047866],[144.9703949,-37.8047825],[144.9703743,-37.8048043],[144.9703261,-37.8048329],[144.9702779,-37.8048573],[144.9702056,-37.804875],[144.9701178,-37.8048804],[144.9700421,-37.8048696],[144.9699526,-37.804841],[144.9698975,-37.804807],[144.9698545,-37.8047621],[144.9698321,-37.80472],[144.9698115,-37.8046724],[144.9697856,-37.8046438],[144.9697564,-37.8046302],[144.9697288,-37.8046452],[144.9697168,-37.8046778],[144.9696565,-37.8049036]]]}",OpenStreetMap,osm:way/985093403
1156,covered_walkway,Covered walkway 989034005,-37.822689966666665,144.96039296666666,2,,"{""type"":""LineString"",""coordinates"":[[144.9600538,-37.8228632],[144.9603427,-37.8227157],[144.9607824,-37.822491]]}",OpenStreetMap,osm:way/989034005
